<?xml version="1.0" encoding="utf-8"?>
<!-- Main MOD -->
<window>
    <allowoverlay>no</allowoverlay>
    <coordinates>
        <system>1</system>
        <posx>0</posx>
        <posy>0</posy>
    </coordinates>
    <controls>
    
        <control type="image">
            <description>workaround for texture not being loaded</description>
            <posx>-10000</posx>
            <width>1</width>
            <height>1</height>
            <texture>tvguide-program-red.png</texture>
        </control>
        <control type="image">
            <description>workaround for texture not being loaded</description>
            <posx>-10000</posx>
            <width>1</width>
            <height>1</height>
            <texture>tvguide-program-red-focus.png</texture>
        </control>
        <control type="image">
            <description>workaround for texture not being loaded</description>
            <posx>-10000</posx>
            <width>1</width>
            <height>1</height>
            <texture>grey.png</texture>
        </control>
        <control type="image">
            <description>workaround for texture not being loaded</description>
            <posx>-10000</posx>
            <width>1</width>
            <height>1</height>
            <texture>grey-focus.png</texture>
        </control>
        <control type="image">
            <description>workaround for texture not being loaded</description>
            <posx>-10000</posx>
            <width>1</width>
            <height>1</height>
            <texture>program-menu-focus.png</texture>
        </control>
        <control type="image">
            <description>workaround for texture not being loaded</description>
            <posx>-10000</posx>
            <width>1</width>
            <height>1</height>
            <texture>tvguide-program-grey.png</texture>
        </control>
        <control type="image">
            <description>workaround for texture not being loaded</description>
            <posx>-10000</posx>
            <width>1</width>
            <height>1</height>
            <texture>tvguide-program-grey-focus.png</texture>
        </control>
        <control type="image">
            <description>workaround for texture not being loaded</description>
            <posx>-10000</posx>
            <width>1</width>
            <height>1</height>
            <texture>tvguide-program-menu-focus.png</texture>
        </control>
        <control type="image">
            <description>workaround for texture not being loaded</description>
            <posx>-10000</posx>
            <width>1</width>
            <height>1</height>
            <texture>timebar.png</texture>
        </control>
        <control type="image">
            <description>workaround for texture not being loaded</description>
            <posx>-10000</posx>
            <width>1</width>
            <height>1</height>
            <texture>changer-logo.png</texture>
        </control>

        
        <!-- Background -->
        <control type="group">            
            <fadetime>500</fadetime>
            <animation type="Conditional" condition="Control.IsVisible(5000)">
                <effect type="fade" start="100" end="0" time="500" />
            </animation>
            
            
            <control type="image" id="4600">
                <posx>0</posx>
                <posy>0</posy>
                <width>1280</width>
                <height>720</height>
                <texture>Wallpaper_Blue.jpg</texture>
            </control>

            <control type="image">
            <posx>0</posx>
            <posy>0</posy>
            <width>1280</width>
            <height>130</height>
            <texture>Header.png</texture>
            <visible>true</visible>
            <animation effect="fade" start="0" end="100" time="200" condition="Window.Previous(main.xml)">WindowOpen</animation>
            <animation effect="fade" start="100" end="0" time="300">WindowClose</animation>
        </control>
            <control type="image">
               <description>Logo</description>
            <posx>45</posx>
            <posy>23</posy>
            <width>236</width>
            <height>45</height>
            <texture>-Logo.png</texture>
            <animation effect="fade" start="0" end="100" time="200" condition="Window.Previous(main.xml)">WindowOpen</animation>
            <animation effect="fade" start="100" end="0" time="300">WindowClose</animation>
        </control>        
        <control type="image">
            <posx>295</posx>
            <posy>23</posy>
            <width>18</width>
            <height>39</height>
            <texture>-Text_Seperator.png</texture>
            <animation effect="fade" start="0" end="100" time="200" condition="Window.Previous(main.xml)">WindowOpen</animation>
            <animation effect="fade" start="100" end="0" time="300">WindowClose</animation>
        </control>        
        <control type="image">
            <posx>313</posx>
            <posy>30</posy>
            <width>143</width>
            <height>28</height>
            <texture>-Text_TV_Guide.png</texture>
            <animation effect="fade" start="0" end="100" time="200" condition="Window.Previous(main.xml)">WindowOpen</animation>
            <animation effect="fade" start="100" end="0" time="300">WindowClose</animation>
        </control>     
 
 

            <!-- Custom search home bar top-->
            <!--
            <control type="radiobutton" id="608">
                <colordiffuse>CCFFFFFF</colordiffuse>
                <description>Global Search</description>
                <left>1150</left>
                <top>295</top>
                <height>32</height>
                <width>120</width>
                <textwidth>100</textwidth>
                <textoffsetx>10</textoffsetx>
                <align>center</align>
                <font>font12</font>
                <textcolor>grey2</textcolor>
                <focusedcolor>white</focusedcolor>
                <texturefocus flipy="true" border="5">HomeSubFO.png</texturefocus>
                <texturenofocus flipy="true" border="5">HomeSubNF.png</texturenofocus>
                <pulseonselect>false</pulseonselect>
                <label>137</label>
                <onclick>RunScript(script.globalsearch)</onclick>
                <textureradioofffocus>icon_search.png</textureradioofffocus>
                <textureradiooffnofocus>icon_search.png</textureradiooffnofocus>
                <onup>9003</onup>
                <ondown>9000</ondown>
                <visible>System.HasAddon(script.globalsearch)</visible>
            </control>
            -->
     
     
            <!-- Custom search home bar  bottom -->
            <!--
            <control type="radiobutton" id="608">
                <colordiffuse>CCFFFFFF</colordiffuse>
                <description>Global Search</description>
                <left>1120</left>
                <top>685</top>
                <height>32</height>
                <width>120</width>
                <textwidth>100</textwidth>
                <textoffsetx>10</textoffsetx>
                <align>center</align>
                <font>font12</font>
                <textcolor>grey2</textcolor>
                <focusedcolor>white</focusedcolor>
                <texturefocus flipy="true" border="5">HomeSubFO.png</texturefocus>
                <texturenofocus flipy="true" border="5">HomeSubNF.png</texturenofocus>
                <pulseonselect>false</pulseonselect>
                <label>137</label>
                <onclick>RunScript(script.globalsearch)</onclick>
                <textureradioofffocus>icon_search.png</textureradioofffocus>
                <textureradiooffnofocus>icon_search.png</textureradiooffnofocus>
                <onup>9003</onup>
                <ondown>9000</ondown>
                <visible>System.HasAddon(script.globalsearch)</visible>
            </control>
            -->   
     

     

            <!-- Custom top row cpu-->
            <control type="label">
                <description>CPU</description>
                <posx>990</posx>
                <posy>33</posy>
                <width>110</width>
                <height>15</height>
                <textcolor>ffffffff</textcolor>
                <font>font10</font>
                <align>left</align>
                <label>CPU: $INFO[System.CPUUsage]</label>
            </control>
            <control type="label">
                <description>MEM</description>
                <posx>990</posx>
                <posy>48</posy>
                <width>200</width>
                <height>15</height>
                <textcolor>ffffffff</textcolor>
                <font>font10</font>
                <align>left</align>
                <label>$INFO[system.memory(used.percent)] [B]/[/B] $INFO[system.memory(total)]</label>
            </control>

 
        
           
        <!-- Date and Time -->
            <control type="label" id="3999">
                <posx>1227</posx>
                <posy>11</posy>
                <width>400</width>
                <height>40</height>
                <font>font20_title</font> 
                <shadowcolor>ff000000</shadowcolor>
                <textcolor>ffffffff</textcolor>
                <align>right</align>
                <aligny>centre</aligny>
                <scroll>false</scroll>
                <label>$INFO[System.Date]</label>
                <animation effect="fade" start="0" end="100" time="200" condition="Window.Previous(main.xml)">WindowOpen</animation>
                <animation effect="fade" start="100" end="0" time="300">WindowClose</animation>
            </control>
        <control type="label">
                <posx>1227</posx>
                <posy>31</posy>
                <width>200</width>
                <height>40</height>
                <align>right</align>
                <aligny>centre</aligny>
                <font>font28_title</font>
                <textcolor>ffffffff</textcolor>
                <shadowcolor>ff000000</shadowcolor>
                <label>$INFO[System.Time]</label>
                <animation effect="fade" start="0" end="100" time="200" condition="Window.Previous(main.xml)">WindowOpen</animation>
                <animation effect="fade" start="100" end="0" time="300">WindowClose</animation>
            </control>
            <control type="image" id="4601">
                <posx>39</posx>
                <posy>292</posy>
                <width>1201</width>
                <height>35</height>
                <texture>topbar.png</texture>
                <animation effect="fade" start="0" end="100" time="1000" delay="500" condition="Window.Previous(main.xml)">WindowOpen</animation>
                <animation effect="fade" start="100" end="0" time="300">WindowClose</animation>
            </control>
            <control type="image" id="4602">
                <posx>18</posx>
                <posy>307</posy>
                <width>1243</width>
                <height>435</height>
                <texture>main.png</texture>
                <animation effect="slide" start="0,720" end="0,0" time="600" condition="Window.Previous(main.xml)">WindowOpen</animation>
                <animation effect="fade" start="100" end="0" time="300">WindowClose</animation>
            </control>
            <control type="image">
                <posx>34</posx>
                <posy>316</posy>
                <width>20</width>
                <height>368</height>
                <texture>Break-LEFT.png</texture>
                <animation effect="fade" start="0" end="100" time="1000" delay="500" condition="Window.Previous(main.xml)">WindowOpen</animation>
                <animation effect="fade" start="100" end="0" time="300">WindowClose</animation>
            </control>
            <control type="image">
                <posx>234</posx>
                <posy>329</posy>
                <width>20</width>
                <height>353</height>
                <texture>Break-RIGHT.png</texture>
                <visible>Control.IsVisible(4200)</visible>
                <animation effect="fade" start="0" end="100" time="1000" delay="500" condition="Window.Previous(main.xml)">WindowOpen</animation>
                <animation effect="fade" start="100" end="0" time="300">WindowClose</animation>
            </control>
        </control>

    <!-- TV Guide Group-->
        <control type="label" id="5000">
            <description>visibility marker for TV Guide group</description>
        </control>
        <control type="group">
            <description>TV Guide group</description>
            <posx>7</posx>
            <posy>42</posy>
            <width>1280</width>
            <height>720</height>
            <visible>!Control.IsVisible(5000)</visible>
            <animation effect="fade" start="100" end="0" time="300">WindowClose</animation>

            <!-- Main EPG Grid -->
            <control type="button" id="5001">
                <description>marker for EPG data view - should be hidden!</description>
                <posx>247</posx>
                <posy>331</posy>
                <width>990</width>
                <height>350</height>
                <visible>false</visible>
            </control>
            <!-- Date and time row -->
            <control type="group">
                <posx>32</posx>
                <posy>28</posy>
                <width>1280</width>
                <height>50</height>
                <visible>true</visible>
                <animation effect="fade" start="0" end="100" time="1000" delay="900" condition="Window.Previous(main.xml)">WindowOpen</animation>
                <control type="label" id="4000">
                    <description>Displays todays date</description>
                    <posx>168</posx>
                    <posy>216</posy>
                    <width>275</width>
                    <height>50</height>
                    <!--<textcolor>ffffc600</textcolor>-->
                     <textcolor>ff6aa6cb</textcolor>                   
                    <font>font13</font>
                    <wrapmultiline>true</wrapmultiline>
                    <align>right</align>
                    <aligny>center</aligny>
                    <visible>true</visible>
                </control>
                <control type="label" id="4001">
                    <description>1st half hour column</description>
                    <posx>208</posx>
                    <posy>216</posy>
                    <width>270</width>
                    <height>50</height>
                    <textcolor>ff6aa6cb</textcolor>
                    <font>font13</font>
                    <aligny>center</aligny>
                </control>
                <control type="label" id="4002">
                    <description>2nd half hour column</description>
                    <posx>457</posx>
                    <posy>216</posy>
                    <width>270</width>
                    <height>50</height>
                    <textcolor>ff6aa6cb</textcolor>
                    <font>font13</font>
                    <aligny>center</aligny>
                </control>
                <control type="label" id="4003">
                    <description>3rd half hour column</description>
                    <posx>703</posx>
                    <posy>216</posy>
                    <width>270</width>
                    <height>50</height>
                    <textcolor>ff6aa6cb</textcolor>
                    <font>font13</font>
                    <aligny>center</aligny>
                </control>
                <control type="label" id="4004">
                    <description>4th half hour column</description>
                    <posx>951</posx>
                    <posy>216</posy>
                    <width>270</width>
                    <height>50</height>
                    <textcolor>ff6aa6cb</textcolor>
                    <font>font13</font>
                    <aligny>center</aligny>
                </control>
                

            <!-- Custom search home bar above timebar -->
            <!-- good
            <control type="radiobutton" id="608">
                <colordiffuse>CCFFFFFF</colordiffuse>
                <description>Global Search</description>
                <left>1080</left>
                <top>225</top>
                <height>32</height>
                <width>100</width>
                <textwidth>100</textwidth>
                <textoffsetx>10</textoffsetx>
                <align>center</align>
                <font>font12</font>
                <textcolor>grey2</textcolor>
                <focusedcolor>white</focusedcolor>
                <texturefocus flipy="true" border="5">HomeSubFO.png</texturefocus>
                <texturenofocus flipy="true" border="5">HomeSubNF.png</texturenofocus>
                <pulseonselect>false</pulseonselect>
                <label>137</label>
                <onclick>RunScript(script.globalsearch)</onclick>
                <textureradioofffocus>icon_search.png</textureradioofffocus>
                <textureradiooffnofocus>icon_search.png</textureradiooffnofocus>
                <onup>9003</onup>
                <ondown>9000</ondown>
                <visible>System.HasAddon(script.globalsearch)</visible>
            </control>
            -->        
 
 
            <!-- Custom search home bar above timebar -->
            <control type="radiobutton" id="608">
                <posx>1162</posx>
                <posy>227</posy>
                <height>30</height>
                <width>35</width>
                <align>center</align>
                <textwidth>-100</textwidth>
                <textureradioofffocus>icon_search.png</textureradioofffocus>
                <textureradiooffnofocus>icon_search.png</textureradiooffnofocus>
                <onup>9003</onup>
                <ondown>9000</ondown>
                <onclick>RunScript(script.globalsearch)</onclick>
                <visible>System.HasAddon(script.globalsearch)</visible>
            </control>   

     
            </control>

            <!-- Channels column -->
            <control type="group">
                <posx>47</posx>
                <posy>241</posy>
                <width>200</width>
                <height>400</height>
                <visible>true</visible>
                <animation effect="fade" start="0" end="100" time="1000" delay="600" condition="Window.Previous(main.xml)">WindowOpen</animation>
                <animation effect="fade" start="100" end="0" time="300">WindowClose</animation>
                
                <!-- channel numbers -->
                <!--
                <control type="label" id="7001">
                    <description>1st channel</description>
                    <posx>-2</posx>
                    <posy>47</posy>
                    <width>35</width>
                    <height>50</height>
                    <textcolor>ff6aa6cb</textcolor>
                    <font>font12</font>
                    <align>center</align>
                    <aligny>center</aligny>
                    <scroll>false</scroll>
                    <visible>true</visible>
                    <label></label>
                </control>
                <control type="label" id="7002">
                    <description>2nd channel</description>
                    <posx>-2</posx>
                    <posy>97</posy>
                    <width>35</width>
                    <height>50</height>
                    <textcolor>ff6aa6cb</textcolor>
                    <font>font12</font>
                    <align>center</align>
                    <aligny>center</aligny>
                    <scroll>false</scroll>
                    <visible>true</visible>
                    <label></label>
                </control>
                <control type="label" id="7003">
                    <description>3rd channel</description>
                    <posx>-2</posx>
                    <posy>147</posy>
                    <width>35</width>
                    <height>50</height>
                    <textcolor>ff6aa6cb</textcolor>
                    <font>font12</font>
                    <align>center</align>
                    <aligny>center</aligny>
                    <scroll>false</scroll>
                    <visible>true</visible>
                    <label></label>
                </control>
                <control type="label" id="7004">
                    <description>4th channel</description>
                    <posx>-2</posx>
                    <posy>197</posy>
                    <width>35</width>
                    <height>50</height>
                    <textcolor>ff6aa6cb</textcolor>
                    <font>font12</font>
                    <align>center</align>
                    <aligny>center</aligny>
                    <scroll>false</scroll>
                    <visible>true</visible>
                    <label></label>
                </control>
                <control type="label" id="7005">
                    <description>5th channel</description>
                    <posx>-2</posx>
                    <posy>247</posy>
                    <width>35</width>
                    <height>50</height>
                    <textcolor>ff6aa6cb</textcolor>
                    <font>font12</font>
                    <align>center</align>
                    <aligny>center</aligny>
                    <scroll>false</scroll>
                    <visible>true</visible>
                    <label></label>
                </control>
                <control type="label" id="7006">
                    <description>6th channel</description>
                    <posx>-2</posx>
                    <posy>297</posy>
                    <width>35</width>
                    <height>50</height>
                    <textcolor>ff6aa6cb</textcolor>
                    <font>font12</font>
                    <align>center</align>
                    <aligny>center</aligny>
                    <scroll>false</scroll>
                    <visible>true</visible>
                    <label></label>
                </control>
                <control type="label" id="7007">
                    <description>7th channel</description>
                    <posx>-2</posx>
                    <posy>347</posy>
                    <width>35</width>
                    <height>50</height>
                    <textcolor>ff6aa6cb</textcolor>
                    <font>font12</font>
                    <align>center</align>
                    <aligny>center</aligny>
                    <scroll>false</scroll>
                    <visible>true</visible>
                    <label></label>
                </control>
                -->
                <!-- channel numbers end -->

               <!-- This shows logos and if no logo a text name -->
               <!-- -->
                <control type="image" id="4110">
                    <description>1st channel</description>
                    <posx>5</posx>
                    <posy>48</posy>
                    <width>170</width>
                    <height>39</height>
                    <visible>!StringCompare(Control.GetLabel(4110),)</visible>
                </control>
                <control type="image" id="4111">
                    <description>2nd channel</description>
                    <posx>5</posx>
                    <posy>91</posy>
                    <width>170</width>
                    <height>39</height>
                    <visible>!StringCompare(Control.GetLabel(4111),)</visible>
                </control>
                <control type="image" id="4112">
                    <description>3rd channel</description>
                    <posx>5</posx>
                    <posy>134</posy>
                    <width>170</width>
                    <height>39</height>
                    <visible>!StringCompare(Control.GetLabel(4112),)</visible>
                </control>
                <control type="image" id="4113">
                    <description>4th channel</description>
                    <posx>5</posx>
                    <posy>176</posy>
                    <width>170</width>
                    <height>39</height>
                    <visible>!StringCompare(Control.GetLabel(4113),)</visible>
                </control>
                <control type="image" id="4114">
                    <description>5th channel</description>
                    <posx>5</posx>
                    <posy>219</posy>
                    <width>170</width>
                    <height>39</height>
                    <visible>!StringCompare(Control.GetLabel(4114),)</visible>
                </control>
                <control type="image" id="4115">
                    <description>6th channel</description>
                    <posx>5</posx>
                    <posy>262</posy>
                    <width>170</width>
                    <height>39</height>
                    <visible>!StringCompare(Control.GetLabel(4115),)</visible>
                </control>
                <control type="image" id="4116">
                    <description>7th channel</description>
                    <posx>5</posx>
                    <posy>305</posy>
                    <width>170</width>
                    <height>39</height>
                    <visible>!StringCompare(Control.GetLabel(4116),)</visible>
                </control>
                <control type="image" id="4117">
                    <description>8th channel</description>
                    <posx>5</posx>
                    <posy>350</posy>
                    <width>170</width>
                    <height>39</height>
                    <visible>!StringCompare(Control.GetLabel(4117),)</visible>
                </control>
                
                
               <control type="label" id="4010">
                    <description>1st channel</description>
                    <posx>5</posx>
                    <posy>47</posy>
                    <width>195</width>
                    <height>39</height>
                    <textcolor>ff6aa6cb</textcolor>
                    <shadowcolor>ff000000</shadowcolor>
                    <font>font13</font>
                    <align>left</align>
                    <aligny>center</aligny>
                    <scroll>false</scroll>
                    <visible>StringCompare(Control.GetLabel(4110),)</visible>
                </control>
                <control type="label" id="4011">
                    <description>2nd channel</description>
                    <posx>5</posx>
                    <posy>91</posy>
                    <width>195</width>
                    <height>39</height>
                    <textcolor>ff6aa6cb</textcolor>
                    <shadowcolor>ff000000</shadowcolor>
                    <font>font13</font>
                    <align>left</align>
                    <aligny>center</aligny>
                    <scroll>false</scroll>
                    <visible>StringCompare(Control.GetLabel(4111),)</visible>
                </control>
                <control type="label" id="4012">
                    <description>3rd channel</description>
                    <posx>5</posx>
                    <posy>134</posy>
                    <width>195</width>
                    <height>39</height>
                    <textcolor>ff6aa6cb</textcolor>
                    <shadowcolor>ff000000</shadowcolor>
                    <font>font13</font>
                    <align>left</align>
                    <aligny>center</aligny>
                    <scroll>false</scroll>
                    <visible>StringCompare(Control.GetLabel(4112),)</visible>
                </control>
                <control type="label" id="4013">
                    <description>4th channel</description>
                    <posx>5</posx>
                    <posy>176</posy>
                    <width>195</width>
                    <height>39</height>
                    <textcolor>ff6aa6cb</textcolor>
                    <shadowcolor>ff000000</shadowcolor>
                    <font>font13</font>
                    <align>left</align>
                    <aligny>center</aligny>
                    <scroll>false</scroll>
                    <visible>StringCompare(Control.GetLabel(4113),)</visible>
                </control>
                <control type="label" id="4014">
                    <description>5th channel</description>
                    <posx>5</posx>
                    <posy>219</posy>
                    <width>195</width>
                    <height>39</height>
                    <textcolor>ff6aa6cb</textcolor>
                    <shadowcolor>ff000000</shadowcolor>
                    <font>font13</font>
                    <align>left</align>
                    <aligny>center</aligny>
                    <scroll>false</scroll>
                    <visible>StringCompare(Control.GetLabel(4114),)</visible>
                </control>
                <control type="label" id="4015">
                    <description>6th channel</description>
                    <posx>5</posx>
                    <posy>262</posy>
                    <width>195</width>
                    <height>39</height>
                    <textcolor>ff6aa6cb</textcolor>
                    <shadowcolor>ff000000</shadowcolor>
                    <font>font13</font>
                    <align>left</align>
                    <aligny>center</aligny>
                    <scroll>false</scroll>
                    <visible>StringCompare(Control.GetLabel(4115),)</visible>
                </control>
                <control type="label" id="4016">
                    <description>7th channel</description>
                    <posx>5</posx>
                    <posy>305</posy>
                    <width>195</width>
                    <height>39</height>
                    <textcolor>ff6aa6cb</textcolor>
                    <shadowcolor>ff000000</shadowcolor>
                    <font>font13</font>
                    <align>left</align>
                    <aligny>center</aligny>
                    <scroll>false</scroll>
                    <visible>StringCompare(Control.GetLabel(4116),)</visible>
                </control>
                <control type="label" id="4017">
                    <description>8th channel</description>
                    <posx>5</posx>
                    <posy>350</posy>
                    <width>195</width>
                    <height>39</height>
                    <textcolor>ff6aa6cb</textcolor>
                    <font>font13</font>
                    <align>left</align>
                    <aligny>center</aligny>
                    <scroll>false</scroll>
                    <visible>StringCompare(Control.GetLabel(4117),)</visible>
                </control>
               <!-- -->

            </control>





            
            <!-- EPG Timebar -->
            <control type="image" id="4100">
                <posx>180</posx>
                <posy>289</posy>
                <width>-50</width>
                <!--<width>-1000%</width>-->
                <height>340</height>
                <texture>timebar.png</texture>
                <animation effect="fade" start="0" end="100" time="300" delay="500" condition="Window.Previous(main.xml)">WindowOpen</animation>
                <animation effect="fade" start="100" end="0" time="300">WindowClose</animation>
            </control>
            
            <!-- EPG Loading progressbar -->
            <control type="label" id="4200">
                <description>visibility marker for loading group</description>
            </control>
            <control type="group">
                <posx>130</posx>
                <posy>330</posy>
                <width>600</width>
                <height>55</height>
                <visible>!Control.IsVisible(4200)</visible>
                <animation effect="fade" start="0" end="100" time="250" delay="1500">Visible</animation>

                <control type="image">
                    <description>loading splash</description>
                    <posx>200</posx>
                    <posy>50</posy>
                    <width>55</width>
                    <height>55</height>
                    <texture>loading.gif</texture>
                </control>
                <control type="label">
                    <description>loading splash</description>
                    <posx>270</posx>
                    <posy>50</posy>
                    <width>600</width>
                    <height>55</height>
                    <label>Updating Electronic Programme Guide</label>
                    <textcolor>ffffffff</textcolor>
                    <font>font15</font>
                    <aligny>center</aligny>
                </control>
                <control type="progress" id="4201">
                    <posx>270</posx>
                    <posy>100</posy>
                    <width>580</width>
                    <height>2</height>
                    <texturebg />
                    <lefttexture />
                    <midtexture>white-progress.png</midtexture>
                    <righttexture />
                </control>
                <control type="label" id="4202">
                    <description>loading time left</description>
                    <posx>270</posx>
                    <posy>100</posy>
                    <width>600</width>
                    <height>50</height>
                    <label>...</label>
                    <textcolor>ffffffff</textcolor>
                    <font>font13</font>
                    <aligny>center</aligny>
                </control>
                <control type="button" id="4203">
                    <posx>270</posx>
                    <posy>150</posy>
                    <width>150</width>
                    <height>50</height>
                    <label>$ADDON[Andy.plugin.program.Guide 30008]</label>
                    <textcolor>ffffffff</textcolor>
                    <font>font13</font>
                    <aligny>center</aligny>
                    <align>center</align>
                    <texturefocus>grey-focus.png</texturefocus>
                    <texturenofocus>grey.png</texturenofocus>
                </control>
            </control>



            <!-- Mouse control Top -->
            <!-- 
            <control type="label" id="43000">
                <description>visibility marker for mouse control group</description>
                <posx>0</posx>
                <posy>0</posy>
                <width>50</width>
                <height>50</height>
            </control>
            <control type="group">
                <posx>0</posx>
                <posy>40</posy>
                <width>1280</width>
                <height>70</height>
                <visible>!Control.IsVisible(4300)</visible>
                <animation effect="fade" start="100" end="0" time="300">WindowClose</animation>
                <animation effect="slide" start="0,10" end="0,10" time="300">Visible</animation>
                <animation effect="slide" start="0,10" end="0,10" time="300">Hidden</animation>

                <control type="image">
                    <posx>50</posx>
                    <posy>0</posy>
                    <width>1178</width>
                    <height>36</height>
                    <texture></texture>
                </control>

                <control type="button" id="4301">
                    <description>navigate to now</description>
                    <posx>1057</posx>
                    <posy>79</posy>
                    <width>55</width>
                    <height>40</height>
                    <label></label>
                    <textcolor>ffffffff</textcolor>
                    <font>font13</font>
                    <aligny>center</aligny>
                    <align>center</align>
                    <texturefocus>touch_now_focus.png</texturefocus>
                    <texturenofocus>touch_now.png</texturenofocus>
                </control>

                <control type="button" id="4302">
                    <description>navigate left</description>
                    <posx>1026</posx>
                    <posy>79</posy>
                    <width>55</width>
                    <height>40</height>
                    <textcolor>ffffffff</textcolor>
                    <font>font13</font>
                    <label></label>
                    <aligny>center</aligny>
                    <align>center</align>
                    <texturefocus>touch_left_focus.png</texturefocus>
                    <texturenofocus>otouch_left.png</texturenofocus>
                </control>
                <control type="button" id="4303">
                    <description>navigate up</description>
                    <posx>1059</posx>
                    <posy>47</posy>
                    <width>55</width>
                    <height>40</height>
                    <textcolor>ffffffff</textcolor>
                    <font>font13</font>
                    <label></label>
                    <aligny>center</aligny>
                    <align>center</align>
                    <texturefocus>touch_up_focus.png</texturefocus>
                    <texturenofocus>touch_up.png</texturenofocus>
                </control>
                <control type="button" id="4304">
                    <description>navigate down</description>
                    <posx>1059</posx>
                    <posy>111</posy>
                    <width>55</width>
                    <height>40</height>
                    <textcolor>ffffffff</textcolor>
                    <font>font13</font>
                    <label></label>
                    <aligny>center</aligny>
                    <align>center</align>
                    <texturefocus>touch_down_focus.png</texturefocus>
                    <texturenofocus>touch_down.png</texturenofocus>
                </control>
                <control type="button" id="4305">
                    <description>navigate right</description>
                    <posx>1087</posx>
                    <posy>79</posy>
                    <width>55</width>
                    <height>40</height>
                    <textcolor>ffffffff</textcolor>
                    <font>font13</font>
                    <label></label>
                    <aligny>center</aligny>
                    <align>center</align>
                    <texturefocus>touch_right_focus.png</texturefocus>
                    <texturenofocus>touch_right.png</texturenofocus>
                </control>

                <control type="button" id="4306">
                    <description>exit</description>
                    <posx>1140</posx>
                    <posy>34</posy>
                    <width>40</width>
                    <height>45</height>
                    <textcolor>ffffffff</textcolor>
                    <font>font13</font>
                    <label>X</label>
                    <aligny>center</aligny>
                    <align>center</align>
                    <texturefocus>program-menu-focus.png</texturefocus>
                    <texturenofocus>grey.png</texturenofocus>
                </control>

            </control>
            -->
         
 
 
           <control type="button" id="43066">
               <description>Choose EPG</description>
               <!--<posx>1240</posx>-->
               <posx>35</posx>
               <posy>255</posy>
               <width>30</width>
               <height>30</height>
               <textcolor>ffffffff</textcolor>
               <font>font13</font>
               <label></label>
               <texturefocus>choose.png</texturefocus>
               <texturenofocus>epg.png</texturenofocus>
               <onclick>RunScript(special://home/addons/Andy.plugin.program.Guide/guideTypes.py)</onclick>
           </control> 
 
 

       
            <!-- Mouse control bottom -->
            <control type="label" id="4300">
                <description>visibility marker for mouse control group</description>
                <posx>0</posx>
                <posy>5</posy>
                <width>50</width>
                <height>50</height>
            </control>
            <control type="group">
                <posx>0</posx>
                <posy>550</posy>
                <width>1280</width>
                <height>70</height>
                <visible>!Control.IsVisible(4300)</visible>
                <animation effect="fade" start="100" end="0" time="300">WindowClose</animation>
                <animation effect="slide" start="0,10" end="0,10" time="300">Visible</animation>
                <animation effect="slide" start="0,10" end="0,10" time="300">Hidden</animation>
                <control type="image">
                    <posx>50</posx>
                    <posy>0</posy>
                    <width>1178</width>
                    <height>36</height>
                    <texture></texture>
                </control>

                <control type="button" id="4301">
                    <description>navigate to now</description>
                    <posx>400</posx>
                    <posy>87</posy>
                    <width>55</width>
                    <height>35</height>
                    <label></label>
                    <textcolor>ffffffff</textcolor>
                    <font>font13</font>
                    <texturefocus>touch_now_focus.png</texturefocus>
                    <texturenofocus>touch_now.png</texturenofocus>
                </control>

                <control type="button" id="4302">
                    <description>navigate left</description>
                    <posx>500</posx>
                    <posy>92</posy>
                    <width>55</width>
                    <height>25</height>
                    <textcolor>ffffffff</textcolor>
                    <font>font13</font>
                    <label></label>
                    <texturefocus>touch_left_focus.png</texturefocus>
                    <texturenofocus>touch_left.png</texturenofocus>
                </control>


                <control type="button" id="4305">
                    <description>navigate right</description>
                    <posx>550</posx>
                    <posy>92</posy>
                    <width>55</width>
                    <height>25</height>
                    <textcolor>ffffffff</textcolor>
                    <font>font13</font>
                    <label></label>
                    <texturefocus>touch_right_focus.png</texturefocus>
                    <texturenofocus>touch_right.png</texturenofocus>
                </control>

                <control type="button" id="4303">
                    <description>navigate up</description>
                    <posx>630</posx>
                    <posy>92</posy>
                    <width>55</width>
                    <height>25</height>
                    <textcolor>ffffffff</textcolor>
                    <font>font13</font>
                    <label></label>
                    <texturefocus>touch_up_focus.png</texturefocus>
                    <texturenofocus>touch_up.png</texturenofocus>
                </control>
    
                <control type="button" id="4304">
                    <description>navigate down</description>
                    <posx>685</posx>
                    <posy>92</posy>
                    <width>55</width>
                    <height>25</height>
                    <textcolor>ffffffff</textcolor>
                    <font>font13</font>
                    <label></label>
                    <texturefocus>touch_down_focus.png</texturefocus>
                    <texturenofocus>touch_down.png</texturenofocus>
                </control>


            <!-- Custom Stop -->
            <!--<control type="button" id="99899996">-->
            <!--
            <control type="button" id="30049">
                <description>Stop button</description>
                <left>1260</left>
                <top>-105</top>
                <width>15</width>
                <height>15</height>
                <label>Stop</label>
                <font>-</font>
                <onclick>stop</onclick>                
                <texturefocus border="5">floor_buttonFO.png</texturefocus>
                <texturenofocus border="5">floor_button.png</texturenofocus>
            </control>
            <control type="image">
                <description>Stop button Icon</description>
                <left>1260</left>
                <top>-105</top>
                <width>15</width>
                <height>15</height>
                <aspectratio>keep</aspectratio>
                <texture>exit.png</texture>
            </control>
            -->

            <!-- Custom Stop -->
            <!--<control type="button" id="99899996">-->
            <!-- -->
            <control type="button" id="30049">
                <description>Stop button</description>
                <posx>775</posx>
                <posy>95</posy>
                <width>15</width>
                <height>15</height>
                <label>Stop</label>
                <font>-</font>
                <onclick>stop</onclick>                
                <texturefocus border="5">floor_buttonFO.png</texturefocus>
                <texturenofocus border="5">floor_button.png</texturenofocus>
            </control>
            <control type="image">
                <description>Stop button Icon</description>
                <posx>775</posx>
                <posy>95</posy>
                <width>15</width>
                <height>15</height>
                <aspectratio>keep</aspectratio>
                <texture>stop.png</texture>
            </control>
            <!-- -->                             



                <!-- PVR Button left -->
                <!-- 
                <control type="button" id="43010">
                    <visible>PVR.HasTVChannels</visible>
                    <description>PVR Button</description>
                    <posx>1100</posx>
                    <posy>100</posy>
                    <width>20</width>
                    <height>20</height>
                    <aligny>center</aligny>
                    <align>center</align>
                    <onclick>ActivateWindow(TVChannels)</onclick>
                    <texturefocus>icon-pvr.png</texturefocus>
                    <texturenofocus>icon-pvr.png</texturenofocus>
                </control>  
                -->
                 <!-- PVR Button right -->
                 <!--
                <control type="button" id="43010">
                    <visible>PVR.HasTVChannels</visible>
                    <description>PVR Button</description>
                    <posx>1000</posx>
                    <posy>100</posy>
                    <width>20</width>
                    <height>20</height>
                    <aligny>center</aligny>
                    <align>center</align>
                    <onclick>ActivateWindow(TVChannels)</onclick>
                    <texturefocus>icon-pvr.png</texturefocus>
                    <texturenofocus>icon-pvr.png</texturenofocus>
                </control>  
                -->

                <!-- Clear Cache Button -->
                <!-- 
                <control type="button" id="4309">
                    <description>Clear Cache</description>
                    <posx>1050</posx>
                    <posy>100</posy>
                    <width>20</width>
                    <height>20</height>
                    <aligny>center</aligny>
                    <align>center</align>
                    <onclick>RunScript(special://home/addons/Andy.plugin.program.Guide/resources/Clear_Cache.py)</onclick>
                    <texturefocus>clean.png</texturefocus>
                    <texturenofocus>clean.png</texturenofocus>
                </control>
                -->
            
                <!-- Favs -->
                <!-- 
                <control type="button" id="4308">
                  <description>Favs</description>
                  <posx>1200</posx>
                    <posy>100</posy>
                    <width>20</width>
                    <height>20</height>
                    <aligny>center</aligny>
                    <align>center</align>
                    <texturefocus>fav.png</texturefocus>
                    <texturenofocus>fav.png</texturenofocus>
                    <onclick>ActivateWindow(Favourites)</onclick>
                </control>
                -->
                
                <!-- Superfavs -->
                <!-- 
                <control type="button" id="4307">
                    <description>Superfavs</description>
                    <posx>1150</posx>
                    <posy>100</posy>
                    <width>20</width>
                    <height>20</height>
                    <aligny>center</aligny>
                    <align>center</align>
                    <texturefocus>super.png</texturefocus>
                    <texturenofocus>super.png</texturenofocus>
                    <onclick>RunAddon(plugin.program.super.favourites)</onclick>
                </control>
                -->
         
                <!-- fire -->
                <!-- 
                <control type="button" id="4308">
                    <description>Fire</description>
                    <posx>1200</posx>
                    <posy>100</posy>
                    <width>20</width>
                    <height>20</height>
                    <aligny>center</aligny>
                    <align>center</align>
                    <texturefocus>fire.png</texturefocus>
                    <texturenofocus>fire.png</texturenofocus>
                    <onclick>PlayMedia(&quot;plugin://plugin.video.youtube/play/?video_id=ABchBDajyw8&quot;)</onclick>
                </control> 
                -->
                                
            <!-- Custom bottom row cpu-->
            <!--
            <control type="label">
                <description>CPU</description>
                <posx>35</posx>
                <posy>100</posy>
                <width>110</width>
                <height>15</height>
                <textcolor>ffffffff</textcolor>
                <font>font10</font>
                <align>left</align>
                <label>$LOCALIZE[13271] $INFO[System.CPUUsage]</label>
            </control>
            <control type="label">
                <description>MEM</description>
                <posx>170</posx>
                <posy>100</posy>
                <width>200</width>
                <height>15</height>
                <textcolor>ffffffff</textcolor>
                <font>font10</font>
                <align>left</align>
                <label>$INFO[system.memory(used.percent)] [B]/[/B] $INFO[system.memory(total)]</label>
            </control>
            -->

            <!-- Custom bottom row cpu-->
            <!-- 
            <control type="label">
                <description>CPU</description>
                <posx>785</posx>
                <posy>100</posy>
                <width>110</width>
                <height>15</height>
                <textcolor>ffffffff</textcolor>
                <font>font10</font>
                <align>left</align>
                <label>CPU: $INFO[System.CPUUsage]</label>
            </control>
            <control type="label">
                <description>MEM</description>
                <posx>880</posx>
                <posy>100</posy>
                <width>200</width>
                <height>15</height>
                <textcolor>ffffffff</textcolor>
                <font>font10</font>
                <align>left</align>
                <label>$INFO[system.memory(used.percent)] [B]/[/B] $INFO[system.memory(total)]</label>
            </control>
            -->

            </control>


        </control><!-- id="5000" -->






        <!-- Selected programme -->
        <control type="group">
            <visible>!Control.IsVisible(5000)</visible>
            <animation effect="fade" start="100" end="0" time="300">WindowClose</animation>
            


                <!-- Clear Cache Button top left -->
                <!--
                <control type="button" id="4309">
                    <description>Clear Cache</description>
                    <posx>10</posx>
                    <posy>10</posy>
                    <width>20</width>
                    <height>20</height>
                    <aligny>center</aligny>
                    <align>center</align>
                    <onclick>RunScript(special://home/addons/Andy.plugin.program.Guide/resources/Clear_Cache.py)</onclick>
                    <texturefocus>clean.png</texturefocus>
                    <texturenofocus>clean.png</texturenofocus>
                </control>
                -->
                <!-- fire top left-->
                <!--
                <control type="button" id="4308">
                    <description>Fire</description>
                    <posx>10</posx>
                    <posy>40</posy>
                    <width>20</width>
                    <height>20</height>
                    <aligny>center</aligny>
                    <align>center</align>
                    <texturefocus>fire.png</texturefocus>
                    <texturenofocus>fire.png</texturenofocus>
                    <onclick>PlayMedia(&quot;plugin://plugin.video.youtube/play/?video_id=ABchBDajyw8&quot;)</onclick>
                </control> 
                -->


            <!-- Plugin Link Display top -->
             <!--
            <control type="image" id="8000">
                <description>Plugin Icon</description>
                <posx>250</posx>
                <posy>65</posy>
                <width>30</width>
                <height>30</height>
                <aspectratio>keep</aspectratio>
            </control>
            <control type="label" id="8001">
                <description>Plugin Name</description>
                <posx>295</posx>
                <posy>70</posy>
                <width>500</width>
                <height>20</height>
                <textcolor>ffffffff</textcolor>
                <font>font10</font>
                <aligny>top</aligny>
            </control>
            -->


            <control type="label" id="4020">
                <description>Program title</description>
                <!--<posx>49</posx>
                <posy>105</posy>
                <width>590</width>-->
                <posx>250</posx>
                <posy>25</posy>
                <width>590</width>
                <height>50</height>
                <textcolor>ffffc600</textcolor>
                <font>font16</font>
                <shadowcolor>ff000000</shadowcolor>
                <!--<scroll>false</scroll>-->
               <scroll>true</scroll>
               <aligny>center</aligny>
            </control>
            
            <control type="label" id="4021">
                <description>Program time</description>
                <!--<posx>899</posx>
                <posy>105</posy>-->
                <posx>250</posx>
                <posy>5</posy>
                <width>270</width>
                <height>50</height>
                <textcolor>ffffffff</textcolor>
                <font>font14</font>
                <shadowcolor>ff000000</shadowcolor>
                <wrapmultiline>true</wrapmultiline>
                <!--<align>right</align>
                <aligny>center</aligny>-->
            </control>
            
            <control type="image" id="4024">
                <description>Channel logo</description>
                <!--<posx>750</posx>
                <posy>56</posy>
                <width>134</width>
                <height>80</height>-->
                <posx>50</posx>
                <posy>0</posy>
                <width>164</width>
                <height>80</height>
                <aspectratio>keep</aspectratio>
                <fadetime>500</fadetime>
               <!--<visible>false</visible>-->
                <visible>true</visible>
            </control>
            
            <control type="textbox" id="4022">
                <description>Program description</description>
                <!--<posx>50</posx>
                <posy>100</posy>
                <width>880</width>
                <height>180</height>-->
                <posx>40</posx>
                <posy>87</posy>
                <width>880</width>
                <!--<height>180</height>-->
                <height>200</height>
                <textcolor>ffffffff</textcolor>
                <font>font13</font>
                <shadowcolor>ff000000</shadowcolor>
                <wrapmultiline>true</wrapmultiline>
                <autoscroll time="3600" delay="6000" repeat="6000">true</autoscroll>
            </control>
            
            <control type="image" id="4023">
                <description>Program image</description>
                <posx>940</posx>
                <posy>110</posy>
                <width>300</width>
                <height>140</height>
                <aspectratio>keep</aspectratio>
                <fadetime>100</fadetime>
                <texture>-</texture>
            </control>
            

                <!-- Clear Cache Button top right -->
                <!-- 
                <control type="button" id="4309">
                    <description>Clear Cache</description>
                    <posx>1245</posx>
                    <posy>20</posy>
                    <width>20</width>
                    <height>20</height>
                    <aligny>center</aligny>
                    <align>center</align>
                    <onclick>RunScript(special://home/addons/Andy.plugin.program.Guide/resources/Clear_Cache.py)</onclick>
                    <texturefocus>clean.png</texturefocus>
                    <texturenofocus>clean.png</texturenofocus>
                </control>
                -->
                
                
                <!-- fire top right -->
                <!-- 
                <control type="button" id="4308">
                    <description>Fire</description>
                    <posx>1245</posx>
                    <posy>40</posy>
                    <width>20</width>
                    <height>20</height>
                    <aligny>center</aligny>
                    <align>center</align>
                    <texturefocus>fire.png</texturefocus>
                    <texturenofocus>fire.png</texturenofocus>
                    <onclick>PlayMedia(&quot;plugin://plugin.video.youtube/play/?video_id=ABchBDajyw8&quot;)</onclick>
                <visible>System.HasAddon(plugin.video.youtube)</visible>
                </control> 
                -->
  
                 <control type="button" id="4306">
                    <description>exit</description>
                    <!--<posx>1240</posx>-->
                    <posx>1240</posx>
                    <posy>25</posy>
                    <width>35</width>
                    <height>30</height>
                    <textcolor>ffffffff</textcolor>
                    <font>font13</font>
                    <label></label>
                    <texturefocus>close.png</texturefocus>
                    <texturenofocus>close.png</texturenofocus>
                </control> 
            
            <!-- -->
            
                <!-- Favs  right top -->
                <control type="button" id="4308">
                    <description>Favs</description>
                    <posx>1240</posx>
                    <posy>110</posy>
                    <width>35</width>
                    <height>30</height>
                    <aligny>center</aligny>
                    <align>center</align>
                    <texturenofocus>fav.png</texturenofocus>
                    <!--<texturefocus>program-menu-focus.png</texturefocus>-->
                    <texturefocus>fav.png</texturefocus>                    
                    <onclick>ActivateWindow(Favourites)</onclick>
                </control>

                
                <!-- Superfavs  right top -->
                <control type="button" id="4307">
                    <description>Superfavs</description>
                    <posx>1240</posx>
                    <posy>145</posy>
                    <width>35</width>
                    <height>30</height>
                    <aligny>center</aligny>
                    <align>center</align>
                    <texturefocus>super.png</texturefocus>
                    <texturenofocus>super.png</texturenofocus>
                    <!--<onclick>Addon.OpenSettings(Andy.plugin.program.Guide)</onclick>-->
                    <onclick>RunAddon(plugin.program.super.favourites)</onclick>
                    <visible>System.HasAddon(plugin.program.super.favourites)</visible>
                </control>


                <!-- Change Guide top -->
                 <!-- 
                <control type="button" id="4307">
                    <description>Change Guide</description>
                    <posx>1250</posx>
                    <posy>215</posy>
                    <width>20</width>
                    <height>20</height>
                    <aligny>center</aligny>
                    <align>center</align>
                    <textcolor>ffffffff</textcolor>
                    <font>font12</font>
                    <label></label>
                    <aligny>center</aligny>
                    <align>center</align>
                    <texturefocus>icon.png</texturefocus>
                    <texturenofocus>icon.png</texturenofocus>
                    <onclick>RunScript(special://home/addons/Andy.plugin.program.Guide/guideTypes.py)</onclick>
                </control>
               -->
  
                   <!-- PVR EPG Button right top  -->
                <control type="button" id="43010">
                    <visible>PVR.HasTVChannels</visible>
                    <description>PVR Button</description>
                    <posx>1240</posx>
                    <posy>180</posy>
                    <width>35</width>
                    <height>30</height>
                    <aligny>center</aligny>
                    <align>center</align>
                    <onclick>ActivateWindow(TVGuide,return)</onclick>
                    <texturefocus>icon.png</texturefocus>
                    <texturenofocus>icon.png</texturenofocus>
                </control>  
 
  

                 <!-- PVR Button right top  -->
                <control type="button" id="43010">
                    <visible>PVR.HasTVChannels</visible>
                    <description>PVR Button</description>
                    <posx>1240</posx>
                    <posy>215</posy>
                    <width>35</width>
                    <height>30</height>
                    <aligny>center</aligny>
                    <align>center</align>
                    <onclick>ActivateWindow(TVChannels,return)</onclick>
                    <texturefocus>icon-pvr.png</texturefocus>
                    <texturenofocus>icon-pvr.png</texturenofocus>
                </control> 
  

                 <!-- Salts Button right top  -->
                 <!-- 
                <control type="button" id="430100">
                    <visible>System.HasAddon(plugin.video.salts)</visible> 
                    <description>SALTS Button</description>
                    <posx>1240</posx>
                    <posy>250</posy>
                    <width>35</width>
                    <height>30</height>
                    <aligny>center</aligny>
                    <align>center</align>
                    <onclick>ActivateWindow(10025,&quot;plugin://plugin.video.salts/?mode=search&amp;section=TV&quot;,return)</onclick>
                    <texturefocus>salts.png</texturefocus>
                    <texturenofocus>salts.png</texturenofocus>
                </control> 
                -->
                
                <!-- Change Guide by time tab -->
                <!--
                <control type="button" id="4307">
                    <description>Change Guide</description>
                    <posx>60</posx>
                    <posy>300</posy>
                    <width>25</width>
                    <height>25</height>
                    <aligny>center</aligny>
                    <align>center</align>
                    <textcolor>ffffffff</textcolor>
                    <font>font12</font>
                    <label></label>
                    <aligny>center</aligny>
                    <align>center</align>
                    <texturefocus>icon.png</texturefocus>
                    <texturenofocus>icon.png</texturenofocus>
                    <onclick>RunScript(special://home/addons/Andy.plugin.program.Guide/guideTypes.py)</onclick>
                </control>
                -->

        </control>
        

            <control type="videowindow">
                <posx>0</posx>
                <posy>0</posy>
                <width>1280</width>
                <height>720</height>
                <animation type="Conditional" condition="!Control.IsVisible(5000)">
                    <effect type="zoom" end="22" center="1225,122" time="400" />
                </animation>
            </control>    
            
            
            
            
            
            
            
            
            
        <!-- OSD Infobar not needed -->
        <control type="label" id="6000">
            <description>visibility marker for OSD Info bar</description>
        </control>
        <control type="group">
            <description>OSD Info bar</description>
            <posx>0</posx>
            <posy>505</posy>
            <width>1280</width>
            <height>220</height>
            <visible>!Control.IsVisible(6000)</visible>
            <animation effect="fade" start="0" end="100" time="300">VisibleChange</animation>
            <control type="image">
                <posx>193</posx>
                <posy>-24</posy>
                <width>880</width>
                <height>229</height>
                <texture border="20">osd.png</texture>
            </control>
            <control type="image">
                <posx>218</posx>
                <posy>161</posy>
                <width>43</width>
                <height>14</height>
                <texture>osd-up_down.png</texture>
            </control>
            <control type="image">
                <posx>363</posx>
                <posy>148</posy>
                <width>31</width>
                <height>43</height>
                <texture>osd-left_right.png</texture>
            </control>
            
            <!-- Program description -->
            <control type="label" id="6001">
                <description>Program title</description>
                <posx>366</posx>
                <posy>11</posy>
                <width>470</width>
                <height>50</height>
                <textcolor>ffffffff</textcolor>
                <font>font15</font>
                <scroll>true</scroll>
                <aligny>top</aligny>
            </control>
            
            <control type="label" id="6002">
                <description>Program time</description>
                <posx>1041</posx>
                <posy>11</posy>
                <width>400</width>
                <height>50</height>
                <label>[B][/B]</label>
                <textcolor>ffffffff</textcolor>
                <font>font15</font>
                <wrapmultiline>true</wrapmultiline>
                <align>right</align>
                <aligny>top</aligny>
            </control>
            
                <control type="label" id="6008">
                    <description>Displays current time</description>
                    <posx>1042</posx>
                    <posy>153</posy>
                    <width>270</width>
                    <height>50</height>
                    <textcolor>ff6aa6cb</textcolor>
                    <font>font13</font>
                    <wrapmultiline>true</wrapmultiline>
                    <align>right</align>
                    <aligny>top</aligny>
                    <visible>true</visible>
                    <label>Time Now: $INFO[System.Time(hh:mm:xx)]</label>
                </control>
                
            <control type="textbox" id="6003">
                <description>Program description</description>
                <posx>223</posx>
                <posy>47</posy>
                <width>820</width>
                <height>98</height>
                <textcolor>ffffffff</textcolor>
                <font>font13</font>
                <wrapmultiline>true</wrapmultiline>
                <autoscroll time="3600" delay="6000" repeat="6000">true</autoscroll>
            </control>
            <control type="image" id="6004">
                <description>Program channel logo</description>
                <posx>212</posx>
                <posy>4</posy>
                <width>150</width>
                <height>40</height>
                <aspectratio>keep</aspectratio>
            </control>
            
            <control type="label" id="6005">
                <description>Program channel text</description>
                <posx>212</posx>
                <posy>2</posy>
                <width>155</width>
                <height>45</height>
                <textcolor>ff6aa6cb</textcolor>
                <font>font15</font>
                <align>center</align>
                <aligny>center</aligny>
                <visible>StringCompare(Control.GetLabel(6004),)</visible>
            </control>
            
            <control type="label" id="6006">
                <description>OSD Channels label</description>
                <posx>258</posx>
                <posy>153</posy>
                <width>155</width>
                <height>45</height>
                <textcolor>ff6aa6cb</textcolor>
                <font>font13</font>
                <aligny>top</aligny>
                <label>Channels</label>
                <visible>true</visible>
            </control>   
                    
            <control type="label" id="6007">
                <description>OSD Time label</description>
                <posx>398</posx>
                <posy>153</posy>
                <width>155</width>
                <height>45</height>
                <textcolor>ff6aa6cb</textcolor>
                <font>font13</font>
                <aligny>top</aligny>
                <label>Time</label>
                <visible>true</visible>
            </control>
        </control>
        
        <control type="group" id="7001">
            <!-- Program description -->
            <control type="image">
                <description>Now title background image</description>
                <posx>300</posx>
                <posy>-320</posy>
                <width>700</width>
                <height>230</height>
                <align>left</align>
                <texture>program.png</texture>
                <!-- <colordiffuse>FF007DD1</colordiffuse> -->
            </control>
            
            <control type="textbox">
                <description>Program description</description>
                <posx>310</posx>
                <posy>-310</posy>
                <width>680</width>
                <height>210</height>
                <textcolor>ffffffff</textcolor>
                <font>font12</font>
                <scroll>true</scroll>
                <aligny>top</aligny>
                <!--<label>$INFO[Window(10000).Property(OTT_NOW_DESC)]</label>-->
            </control>
                       
            
             <!-- custom rss column -->
                <!--            
                <control type="rss" id="8000">
                    <description>RSS feed</description>
                    <left>500</left>
                    <top>0</top>
                    <height>15</height>
                    <width>450</width>
                    <font>font10</font>
                    <urlset>1</urlset>
                    <textcolor>white</textcolor>
                    <titlecolor>blue</titlecolor>
                    <headlinecolor>white</headlinecolor>
                </control>
                -->                 
                <!--
                <control type="rss" id="2">
                    <description>RSS feed</description>
                    <left>500</left>
                    <top>15</top>
                    <height>15</height>
                    <width>450</width>
                    <font>font10</font>
                    <urlset>2</urlset>
                    <textcolor>white</textcolor>
                    <titlecolor>blue</titlecolor>
                    <headlinecolor>white</headlinecolor>
                </control>
                -->           
            
            
        </control>





        
    </controls>
</window>
