<?xml version="1.0" encoding="UTF-8" standalone="yes"?>
<addon id="game.libretro"
       name="Libretro Compatibility"
       version="1.0.1"
       provider-name="Team-Kodi">
  <backwards-compatibility abi="1.0.0"/>
  <requires>
    <import addon="kodi.game" version="1.0.14"/>
  </requires>
  <extension point="kodi.gameclient"
       library_android="libgame.libretro.so"
       library_linux="game.libretro.so"
       library_osx="game.libretro.dylib"
       library_windx="game.libretro.dll"
       library_wingl="game.libretro.dll">
	</extension>
  <extension point="xbmc.addon.metadata">
    <summary lang="en">Libretro compatibility layer for Kodi's Game API</summary>
    <description>This add-on provides a wrapper for libretro cores, allowing them to be loaded as game add-ons.</description>
    <platform>all</platform>
  </extension>
</addon>
