<?xml version="1.0" encoding="UTF-8" standalone="yes"?>
<addon id="script.glassnox.extras.downloader" name="GlassNox Extras Downloader" version="0.0.8" provider-name="phil65">
	<requires>
		<import addon="xbmc.python" version="2.1.0"/>
        <import addon="xbmc.addon"                  version="12.0.0"/>
	</requires>
    <extension point="xbmc.python.script"           library="default.py">
        <provides>executable</provides>
    </extension>
	<extension point="xbmc.addon.metadata">
		<summary>GlassNox Extra Media Downloader</summary>
		<description>Downloads Extra Media from a GlassNox 2.0</description>
		<disclaimer>Use at your own risk.</disclaimer>
        <language></language>
        <platform>all</platform>
	</extension>
</addon>
