<?xml version="1.0" encoding="UTF-8" standalone="yes"?>
<addon id="repository.kodi-wolf" name="Kodi-Wolf official Repo" version="2.0" provider-name="Derian Black">
	<extension point="xbmc.addon.repository" name="Kodi-Wolf official Repo">
		<info compressed="false">https://raw.github.com/wolfiptv/wolf_repo/master/addons.xml</info>
		<checksum>https://raw.github.com/wolfiptv/wolf_repo/master/addons.xml.md5</checksum>
		<datadir zip="true">https://raw.github.com/wolfiptv/wolf_repo/master </datadir>
	</extension>
	<extension point="xbmc.addon.metadata">
		<summary>Kodi-Wolf official Repo</summary>
   		<description lang="en">Instala los Addons de Kodi Wolf.</description>
		<disclaimer></disclaimer>
		<platform>all</platform>
	</extension>
</addon>





