<?xml version="1.0" encoding="UTF-8" standalone="yes"?>
<addon id="repository.blxd.plugins" name="blxd Add-on Repository" version="1.0.1" provider-name="blxd">
    <extension point="xbmc.addon.repository" name="blxd Add-on Repository">
        <info>https://raw.githubusercontent.com/blxd/xbmc.blxd.plugins/master/addons.xml</info>
        <checksum>https://raw.githubusercontent.com/blxd/xbmc.blxd.plugins/master/addons.xml.md5</checksum>
        <datadir zip="true">https://github.com/blxd/xbmc.blxd.plugins/raw/master/plugins/</datadir>
    </extension>
    <extension point="xbmc.addon.metadata">
        <summary>Install Add-ons from blxd Repository</summary>
        <description>Add-ons for XBMC</description>
        <disclaimer>by blxd</disclaimer>
        <platform>all</platform>
    </extension>
</addon>
