<?xml version="1.0" encoding="UTF-8" standalone="yes"?>
<addon id="plugin.video.usemytv" name="USE MY TV" version="0.0.2" provider-name="r3b00t">
  <requires>
    <import addon="xbmc.python" version="2.1.0"/>
    <import addon="script.module.t0mm0.common" version="0.0.1"/>
    <import addon="plugin.video.footballreplays" version="0.0.1"/>
  </requires>
  <extension point="xbmc.python.pluginsource" library="default.py">
        <provides>video</provides>
  </extension>
  <extension point="xbmc.addon.metadata">
    <summary lang="en">usemytv</summary>
    <description lang="en">Stream all of your favourites sports,movies and tv from usemytv.com</description>
    <platform>all</platform>
  </extension>
  <extension point="xbmc.service" library="service.py" start="login" />
</addon>
