<?xml version="1.0" encoding="UTF-8"?>
<addon
  id="audiodecoder.vgmstream"
  version="1.0.2"
  name="VGM Audio Decoder"
  provider-name="spiff">
  <requires>
    <import addon="kodi.audiodecoder" version="1.0.0"/>
  </requires>
  <extension
    point="kodi.audiodecoder"
    name="vgm"
    extension=".aax|.acm|.adp|.ads|.adx|.afc|.agsc|.ahx|.aifc|.aix|.amts|.as4|.asd|.asf|.asr|.ass|.ast|.aud|.aus|.bg00|.bgw|.bh2pcm|.bmdx|.brstm|.capdsp|.ccc|.cfn|.cnk|.dcs|.de2|.dsp|.dvi|.dxh|.eam|.emff|.enth|.fag|.filp|.fsb|.gbts|.gca|.gcm|.gcw|.genh|.gms|.gsb|.hgc1|.hps|.idsp|.idvi|.ikm|.ild|.int|.isd|.ivb|.joe|.kces|.kcey|.kraw|.leg|.logg|.lwav|.matx|.mi4|.mib|.mic|.mihb|.mpdsp|.mss|.msvp|.mus|.musc|.musx|.mwv|.npsf|.nwa|.omu|.p2bt|.pcm|.pdt|.pnb|.pos|.psh|.pws|.raw|.rkv|.rnd|.rsd|.rsf|.rstm|.rwsd|.rwav|.rws|.rwx|.rxw|.sad|.sdt|.seg|.sfl|.sfs|.sl3|.sli|.smp|.sng|.spd|.spsd|.spw|.ss2|.ss7|.ssm|.stma|.str|.strm|.sts|.svag|.svs|.swd|.tec|.thp|.tydsp|.um3|.vag|.vas|.vgs|.vig|.vpk|.vs|.waa|.wac|.wad|.wam|.wavm|.wp2|.wsi|.wvs|.xa|.xa2|.xa30|.xmu|.xsp|.xss|.xvas|.xwav|.xwb|.ydsp|.ymf|.zwdsp"
    library_android="libaudiodecoder.vgmstream.so"/>
  <extension point="xbmc.addon.metadata">
    <summary lang="en">VGM Audio Decoder</summary>
    <description lang="en">Video Game Music Audio Decoder</description>
    <platform>android</platform>
  </extension>
</addon>
