<?xml version="1.0" encoding="UTF-8"?>
<addon id="xbmc.python" version="2.20.0" provider-name="Team-Kodi">
  <backwards-compatibility abi="2.1.0"/>
  <requires>
    <import addon="xbmc.core" version="0.1.0"/>
  </requires>
  <extension-point id="script" schema="script.xsd"/>
  <extension-point id="subtitles" schema="script.xsd"/>
  <extension-point id="lyrics" schema="script.xsd"/>
  <extension-point id="weather" schema="script.xsd"/>
  <extension-point id="library" schema="script.xsd"/>
  <extension-point id="plugin" schema="pluginsource.xsd"/>
  <extension-point id="context.item" schema="contextitem.xsd"/>
</addon>
