﻿<fonts>
	<!-- Skin by paranoidjack -->
			<font>
				<name>Default</name>
				<filename>Homizio-Regular.ttf</filename>
				<size>4</size>
			</font>
			<font>
				<name>osd1</name>
				<filename>Homizio-Regular.ttf</filename>
				<size>10</size>
			</font>
			<font>
				<name>osd2</name>
				<filename>Homizio-Regular.ttf</filename>
				<size>10</size>
			</font>
			<font>
				<name>rss</name>
				<filename>Homizio-Regular.ttf</filename>
				<size>10</size>
			</font>
			<font>
				<name>osdTitle</name>
				<filename>Homizio-Regular.ttf</filename>
				<size>10</size>
			</font>
			<font>
				<name>tvg_font10</name>
				<filename>Homizio-Regular.ttf</filename>
				<size>10</size>
			</font>
			<font>
				<name>tvg_font13</name>
				<filename>Homizio-Regular.ttf</filename>
				<size>4</size>
			</font>
			<font>
				<name>tvg_font14</name>
				<filename>Homizio-Regular.ttf</filename>
				<size>10</size>
			</font>
			<font>
				<name>tvg_special13</name>
				<filename>Homizio-Regular.ttf</filename>
				<size>10</size>
			</font>
			<font>
				<name>DefaultCaps</name>
				<filename>Homizio-Regular.ttf</filename>
				<size>10</size>
			</font>

</fonts>