<!-- http://kodi.wiki/view/Advancedsettings.xml-->
<!-- Full Advancedsettings.xml-->
<!-- Android 	Android/data/org.xbmc.kodi/files/.kodi/userdata/ -->
<!-- iOS 	    /private/var/mobile/Library/Preferences/Kodi/userdata/ -->
<!-- Linux 	    ~/.kodi/userdata/ -->
<!-- Mac 	    /Users/<your_user_name>/Library/Application Support/Kodi/userdata/ -->
<!-- OpenELEC 	/storage/.kodi/userdata/ -->
<!-- Windows 	Start - type %APPDATA%\kodi\userdata -->

<advancedsettings>

<!-- SQL -->
<!-- http://kodi.wiki/view/MySQL/Setting_up_MySQL#tab=Windows -->
<!-- Firewall powershell command -->
<!-- New-NetFirewallRule DisplayName "Allow inbound TCP Port 3306 for MySQL" Direction inbound LocalPort 3306 Protocol TCP Action Allow -->
<!-- Setup users in MySQL for Kodi clients commands -->
<!-- Open the "MySQL Command Line Client" from the MySQL start menu  -->
<!-- CREATE USER 'kodi' IDENTIFIED BY 'kodi'; -->
<!-- GRANT ALL ON *.* TO 'kodi'; -->
<!--
<photodatabase>
    <type>mysql</type>
    <host>192.168.1.2</host>
    <port>3306</port>
    <user>kodi</user>
    <pass>kodi</pass>
</photodatabase> 
-->
<!--
<musicdatabase>
    <type>mysql</type>
    <host>192.168.1.2</host>
    <port>3306</port>
    <user>kodi</user>
    <pass>kodi</pass>
</musicdatabase>
-->
 <!--
<videodatabase>
    <type>mysql</type>
    <host>192.168.1.2</host>
    <port>3306</port>
    <user>kodi</user>
    <pass>kodi</pass>
</videodatabase>
-->
<pathsubstitution>
	<!-- Sources -->
	<!-- The sources.xml file contains a list of all the sources your media will be collected from, including both local and network-based media. This will also allow you to sync everything that is just in Files view and not in the video library.  -->
    <!--
    <substitute>
       <from>special://profile/sources.xml</from>
       <to>smb://192.168.1.2/kodi/userdata/sources.xml</to>
    </substitute>
    <substitute>
       <from>special://profile/mediasources.xml</from>
       <to>smb://192.168.1.2/kodi/userdata/mediasources.xml</to>
    </substitute>
    -->
	<!-- RSS -->
	<!-- This file tells Kodi what RSS feed to show on the home screen, if enabled.  -->
    <!--
    <substitute>
       <from>special://profile/RssFeeds.xml</from>
       <to>smb://192.168.1.2/kodi/userdata/RssFeeds.xml</to>
    </substitute>	
    -->
	<!-- Passwords -->
	<!-- If your network shares use passwords (at least for SMB) then you will need to manually copy the passwords.xml file over to each Kodi device. This file keeps track of those passwords.  -->
    <!--
    <substitute>
       <from>special://profile/passwords.xml</from>
       <to>smb://192.168.1.2/kodi/userdata/passwords.xml</to>
    </substitute>
    -->
	<!-- Playlists -->	 
	<!-- The Playlist folder in Kodi contains music, video and mixed playlists. If you have imported from pre-existing media libraries then you can use your old playlist folder to save time on recreating the various playlists. If your playlists include local file paths, you will need to edit them to use network shares instead.  -->
    <!--
    <substitute>
       <from>special://profile/playlists/</from>
       <to>smb://192.168.1.2/kodi/userdata/playlists/</to>
    </substitute>
    -->
	<!-- Keymaps -->
	<!-- Useful if you want the controls on all your Kodi devices to be the same. Might not be a good idea if you use different types of remotes on different devices, as you'll likely want to have individual configurations for them.  -->
    <!--
    <substitute>
       <from>special://profile/keymaps/</from>
       <to>smb://192.168.1.2/kodi/userdata/keymaps/</to>
    </substitute>
    -->
	<!-- Favourites -->
	<!-- This will sync your favorites selections between all Kodi devices. If the favorite depends on a file path that is specific to one device then this might not work for the other devices. -->
    <!-- 
    <substitute>
       <from>special://profile/favourites.xml</from>
       <to>smb://192.168.1.2/kodi/userdata/favourites.xml</to>
    </substitute>
    -->
	<!-- Thumbs   DONT USE -->
	<!-- 
	<substitute>
        <from>special://masterprofile/Thumbnails/</from>
		<to>smb://192.168.1.2/userdata/Thumbnails</to>
	</substitute>	
	-->  	
	<!--substitute>
        <from>special://masterprofile/Thumbnails/</from>
		<to>smb://192.168.1.2/userdata/Thumbnails</to>
	</substitute-->
</pathsubstitution>
<!-- SQL END -->



<!--<enablenetworkmanager>1</enablenetworkmanager>-->
<playlisttimeout>20</playlisttimeout>
<packagefoldersize>200</packagefoldersize>                                <!-- The amount in megabytes of packages saved from previous add-on installs. -->
<splash>false</splash>
<playcountminimumpercent>95</playcountminimumpercent>
<!--<loglevel hide="false">1</loglevel>-->                                <!-- Comment: Disables logging -->
<!--<alwaysontop>yes</alwaysontop>-->
<skiploopfilter>0</skiploopfilter>                                        <!-- (8) The amount of the loop filter to skip on h264 decoding. This can help the performance of slower machines when decoding h264 content. Values, in decreasing CPU usage (and decreasing quality) For RPi or similar use 16 or higher (low CPU usage) -->
                                                                          <!--  -16 None-->
                                                                          <!--  0 Skip only empty frames (default)-->
                                                                          <!--  8 Skip non-reference frames (default on ATV)-->
                                                                          <!--  16 Skip bi-dir frames-->
                                                                          <!--  32 Skip all non-key frames-->
                                                                          <!--  48 Skip all frames -->

<network>
        <cachemembuffersize>157286400</cachemembuffersize>                 <!-- Kodi will not buffer ahead more than this. For the bytes set here, Kodi will consume 3x the amount of RAM. When set to 0 the cache will be written to disk instead of RAM -->
    <!-- "o" while playing movie to see cache.  http://kodi.wiki/view/HOW-TO:Modify_the_video_cache  https://www.flightpedia.org/convert/20-megabytes-to-bytes.html -->                                                                           
    <!--<cachemembuffersize>39321600</cachemembuffersize> -->              <!-- 1 gig machine     (120MB  of free RAM) for cache. -->
    <!--<cachemembuffersize>78643200</cachemembuffersize> -->              <!-- 2 gig machine     (240MB  of free RAM) for cache. -->
    <!--<cachemembuffersize>104857600</cachemembuffersize> -->             <!-- Safe              (300MB  of free RAM) for cache. -->
    <!--<cachemembuffersize>209715200</cachemembuffersize> -->             <!-- Medium end Device (600MB  of free RAM) for cache. -->
    <!--<cachemembuffersize>314572800</cachemembuffersize> -->             <!-- High end Device   (900MB  of free RAM) for cache. -->
                                                                           <!-- Cache - 0         - Zero Cache Setting using local hard drive for cache.  Kills HDD.-->
                                                                           <!-- Cache - 20971520  - Default Setting.    (60MB   of free RAM. 20971520 is the default in bytes (Bytes b), which is 20 MB (megabytes mb), which requires 60MB of free RAM) -->
                                                                           <!-- Cache - 31457280  - Using 30MB of RAM   (90MB   of free RAM) for cache. --> 
                                                                           <!-- Cache - 41943040  - Using 40MB of RAM   (120MB  of free RAM) for cache. --> 
                                                                           <!-- Cache - 52428800  - Using 50MB of RAM   (150MB  of free RAM) for cache. -->
                                                                           <!-- Cache - 62914560  - Using 60MB of RAM   (180MB  of free RAM) for cache. --> 
                                                                           <!-- Cache - 73400320  - Using 70MB of RAM   (210MB  of free RAM) for cache. -->  
                                                                           <!-- Cache - 83886080  - Using 80MB of RAM   (240MB  of free RAM) for cache. --> 
                                                                           <!-- Cache - 94371840  - Using 90MB of RAM   (270MB  of free RAM) for cache. -->                                                                              
                                                                           <!-- Cache - 104857600 - Using 100MB of RAM  (300MB  of free RAM) for cache. -->
                                                                           <!-- Cache - 131072000 - Using 125MB of RAM  (375MB  of free RAM) for cache. -->
                                                                           <!-- Cache - 157286400 - Using 150MB of RAM  (450MB  of free RAM) for cache. A safe setting for most devices with 1GB of RAM  that should help users "on the edge". All protocols get cached, cache rate fills up pretty much as fast as possible -->
                                                                           <!-- Cache - 183500800 - Using 175MB of RAM  (525MB  of free RAM) for cache. -->
                                                                           <!-- Cache - 209715200 - Using 200MB of RAM  (600MB  of free RAM) for cache. -->
                                                                           <!-- Cache - 262144000 - Using 250MB of RAM  (750MB  of free RAM) for cache. -->
                                                                           <!-- Cache - 314572800 - Using 300MB of RAM  (900MB  of free RAM) for cache. -->                                                                           
                                                                           <!-- Cache - 367001600 - Using 350MB of RAM  (1050MB of free RAM) for cache. -->
                                                                           <!-- Cache - 419430400 - Using 400MB of RAM  (1200MB of free RAM) for cache. -->
                                                                           <!-- Cache - 471859200 - Using 450MB of RAM  (1350MB of free RAM) for cache. -->
                                                                           <!-- Cache - 524288000 - Using 500MB of RAM  (1500MB of free RAM) for cache. -->                                                                           
                                                                           <!-- Cache - 629145600 - Using 600MB of RAM  (1800MB of free RAM) for cache. -->  
                                                                           <!-- Cache - 734003200 - Using 700MB of RAM  (2100MB of free RAM) for cache. -->  
                                                                           <!-- Cache - 838860800 - Using 800MB of RAM  (2400MB of free RAM) for cache. -->  
                                                                           <!-- Cache - 943718400 - Using 900MB of RAM  (2700MB of free RAM) for cache. -->                                                                             
                                                                           <!-- Cache - 1048576000 -Using 1000MB of RAM (3000MB of free RAM) for cache. -->  
                                                                                                                                                      
    <readbufferfactor>20</readbufferfactor>                                <!-- readbufferfactor determines the max readrate in terms of readbufferfactor * avg bitrate of a video file. Default 1 -->
                                                                           <!-- This can help on bad connections to keep the cache filled. It will also greatly speed up buffering. Default value 1.0. Increase the fill-rate of the cache
                                                                           By default (value: 1), Kodi will only fill the cache a little above what is needed to play it back. It does this as to not max out your network and possibly max out some hardware.
                                                                           For most users and hardware, this setting shouldn't cause any issues, but be aware of it if you have unusual CPU spikes in your HTPC.
                                                                           The value of this setting is a multiplier of the default limit. If Kodi is loading a typical bluray raw file at 36 Mbit/s, then a value of 2 will need at least 72 Mbit/s of network bandwidth.
                                                                           However, unlike with the RAM setting, you can safely increase this value however high you want, and Kodi won't crash. Just know that it might cause Kodi to attempt to use all available bandwidth on your HTPC during playback.--> 

    <buffermode>1</buffermode>                                            <!-- Choose what to buffer: -->
                                                                          <!-- 0) Buffer all internet filesystems (like "2" but additionally also ftp, webdav, etc.) (default) -->
                                                                          <!-- 1) Default - Buffer all filesystems (including local) -->
                                                                          <!-- 2) Only buffer true internet filesystems (streams) (http, etc.) -->
                                                                          <!-- 3) No buffer -->
    <curlclienttimeout>10</curlclienttimeout>                             <!-- CAN SLOW CHANNEL CHANGE - Timeout in seconds for libcurl (http/ftp) connections -->
    <curllowspeedtime>10</curllowspeedtime>                               <!-- CAN SLOW CHANNEL CHANGE - Time in seconds for libcurl to consider a connection lowspeed -->
    <!--<curlretries>2</curlretries>--> 					              <!-- Number of times the http client retries. Default 2, minimum 0, maximum 10 -->
    <!--<autodetectpingtime>30</autodetectpingtime>-->                    <!-- Length in seconds between pinging the network to detect new devices -->
    <!--<disableipv6>true</disableipv6>-->				                  <!-- Disables ipv6. Default false -->
    <!--<httpproxyusername></httpproxyusername>-->                        <!-- username for Basic Proxy Authentication -->
    <!--<httpproxypassword></httpproxypassword>-->                        <!-- password for Basic Proxy Authentication -->
</network>

<pvr>
    <minvideocachelevel>65</minvideocachelevel>                             <!-- 5 - Cache up to this level in the video buffer buffer before resuming playback if the buffers run dry. -->
    <minaudiocachelevel>65</minaudiocachelevel>                             <!-- 10- Cache up to this level in the audio buffer before resuming playback if the buffers run dry. -->
    <cacheindvdplayer>true</cacheindvdplayer>                               <!-- true - Cache PVR stream in DVDPlayer. -->
    <!--<timecorrection>0</timecorrection>-->                               <!-- Correct all times (epg tags, timer tags, recording tags) by this amount of minutes. -->
    <!--<infotoggleinterval>3000</infotoggleinterval>-->                    <!-- If there is more than one pvr gui info item available, use this toggle delay in milliseconds. -->
    <!--<channeliconsautoscan>true</channeliconsautoscan>-->                <!-- Automatically scan user defined folder for channel icons when loading internal channel groups. -->
    <!--<autoscaniconsuserset>false</autoscaniconsuserset>-->               <!-- Mark channel icons populated by auto scan as "user set". -->
    <!--<numericchannelswitchtimeout>1000</numericchannelswitchtimeout>-->  <!-- Time in ms before the numeric dialog auto closes when confirmchannelswitch is disabled. -->
</pvr>

<sorttokens>
  <token>the</token>
</sorttokens>

<samba>
   <clienttimeout>15</clienttimeout>                                        <!-- timeout (in seconds) -->
   <statfiles>false</statfiles>                                             <!-- Set to false to disable smb stat() on files to speed up listings of large directories (over slow links) -->
</samba>

<videoscreen>
   <!--<fakefullscreen default="true">true</fakefullscreen>-->
   <!--<monitor default="true">Default</monitor>-->
   <!--<resolution default="true">16</resolution>-->
   <!--<screen>2</screen>-->
</videoscreen>

<epg>
  <!--<lingertime>1440</lingertime>-->                                        <!-- keep X minutes of past epg data (default: 24h) -->
  <!--<updatecheckinterval>300</updatecheckinterval>-->                       <!-- check if tables need to be updated every X minutes -->
  <!--<cleanupinterval>900</cleanupinterval>-->                               <!-- remove old entries from the EPG every X minutes -->
  <!--<activetagcheckinterval>60</activetagcheckinterval>-->                  <!-- check for updated active tags every X minute -->
  <!--<retryinterruptedupdateinterval>30</retryinterruptedupdateinterval>-->  <!-- retry an interrupted epg update after X seconds -->
  <!--<updateemptytagsinterval>60</updateemptytagsinterval>-->                <!-- override user selectable EPG update interval (minutes) for empty EPG tags -->
  <!--<displayupdatepopup>true</displayupdatepopup>-->                        <!-- display a progress popup while updating EPG data from clients -->
  <!--<displayincrementalupdatepopup>false</displayincrementalupdatepopup>--> <!-- also display a progress popup while doing incremental EPG updates -->
</epg>

<videoextensions>
  <add>.ex1|.ex2</add>
  <!--<remove>.ex3|.ex4</remove>-->
</videoextensions>

<musicextensions>
  <add>.ex1|.ex2</add>
  <!--<remove>.ex3|.ex4</remove>-->
</musicextensions>

<videolibrary>
    <actorthumbs>false</actorthumbs>
    <recentlyaddeditems>35</recentlyaddeditems>                         <!-- number of recently added items. Defaults to 25 -->
    <!--<importwatchedstate>true</importwatchedstate>-->                <!-- import previously exported playdate and playcount from .nfo files. Defaults to false -->
    <!--<importresumepoint>true</importresumepoint>-->                  <!-- import previously exported resume point from .nfo files. Defaults to false -->  
    <!--<allitemsonbottom>false</allitemsonbottom>-->                   <!-- sorts the "*All" items at the bottom of the list when in Ascending order -->
    <!--<backgroundupdate>false</backgroundupdate>-->                   <!-- set to "true" to hide the video scanner dialog from the GUI -->                                                                       <!-- NOTE: To get this working properly, you have to do a 'Clean Library' in settings the first time after you enable the setting. -->
    <!--<cleanonupdate>false</cleanonupdate>-->                         <!-- default set to false to prevent Kodi from removing items from the database while updating.  -->
    <!--<usefasthash>true</usefasthash>-->                              <!-- defaults to true. Set to false in order to skip hashing based on the folders modification time. -->
    <!--<hideallitems>false</hideallitems>-->                           <!-- removes the "*All" items from the video library -->  <!-- This will be replaced in v15 with a GUI option. -->
    <!--<hideemptyseries>false</hideemptyseries>-->                     <!-- set to "true" to hide empty series in the video library and prevent empty series from being removed during a library cleanup. -->
    <!--<itemseparator>/ </itemseparator>-->                            <!-- separator used for multiple artists/genres in tags. Note, this is *space* *slash* *space* -->
    <!--<exportautothumbs>false</exportautothumbs>-->                   <!-- export auto-generated thumbs. Defaults to false -->
    <!--<dateadded>1</dateadded>-->                                     <!-- 0 results in using the current datetime when adding a video -->
                                                                        <!-- 1 (default) results in prefering to use the files mtime (if it's valid) and only using the file's ctime if the mtime isn't valid -->
                                                                        <!-- 2 results in using the newer datetime of the file's mtime and ctime -->
    <!--<mymovies>-->                                                   <!-- Options specific to MyMovies XML file parsing -->
    <!--<categoriestogenres>false</categoriestogenres>-->               <!-- Add MyMovies Custom Categories to Genres (boolean, default is false) -->
    <!--</mymovies>-->                                                                   
</videolibrary>

<video>
  <!--<defaultplayer>dvdplayer</defaultplayer>-->                      <!-- Set the default video player: dvdplayer or extplayer. -->
	<timeseekforward>15</timeseekforward>                              <!-- Comment: Skip back time 15 s -->
	<timeseekbackward>-15</timeseekbackward>                           <!-- Comment: Skip forward time 15 s -->
	<subsdelayrange>240</subsdelayrange>                               <!-- Comment: Subtitle offset adjustment range -->
  <!--<timeseekforwardbig>600</timeseekforwardbig>-->                  <!-- Time to seek forward in seconds when doing a long seek.  Defaults to 600 (10 minutes). -->
  <!--<timeseekbackwardbig>-600</timeseekbackwardbig>-->               <!-- Time to seek forward in seconds when doing a long seek.  Defaults to -600 (10 minutes). --> 
  <!--<cleanstrings>
     <regexp>[ _\,\.\(\)\[\]\-](ac3|dts|custom|dc|divx|divx5|dsr|dsrip|dutch|dvd|dvdrip|dvdscr|dvdscreener|screener|dvdivx|cam|fragment|fs|hdtv|hdrip|hdtvrip|internal|limited|multisubs|ntsc|ogg|ogm|pal|pdtv|proper|repack|rerip|retail|cd[1-9]|r3|r5|bd5|se|svcd|swedish|german|read.nfo|nfofix|unrated|ws|telesync|ts|telecine|tc|brrip|bdrip|480p|480i|576p|576i|720p|720i|1080p|1080i|hrhd|hrhdtv|hddvd|bluray|x264|h264|xvid|xvidvd|xxx|www.www|\[.*\])([ _\,\.\(\)\[\]\-]|$)</regexp>
     <regexp>(\[.*\])</regexp>
  </cleanstrings>-->
  <!--<subsdelayrange>10</subsdelayrange>-->                           <!-- Delay range for subtitles, in seconds. -->
  <!--<audiodelayrange>10</audiodelayrange>-->                         <!-- Delay range for audio/video sync, in seconds. -->
  <!--<usetimeseeking>true</usetimeseeking>-->                         <!-- Whether to use time based or percentage based seeking. -->
  <!--<percentseekforward>2</percentseekforward>-->                    <!-- Amount to seek forward as a percentage, when doing a short seek.  Defaults to 2. -->
  <!--<percentseekbackward>-2</percentseekbackward>-->                 <!-- Amount to seek backward as a percentage, when doing a short seek.  Defaults to -2. -->
  <!--<percentseekforwardbig>10</percentseekforwardbig>-->             <!-- Amount to seek forward as a percentage, when doing a long seek.  Defaults to 10. -->
  <!--<percentseekbackwardbig>-10</percentseekbackwardbig>-->          <!-- Amount to seek forward as a percentage, when doing a long seek.  Defaults to -10. -->
  <!--<blackbarcolour>1</blackbarcolour>-->                            <!-- colour of the black bars (0->255), (black->white) on videos. -->
  <!--<fullscreenonmoviestart>true</fullscreenonmoviestart>-->         <!-- Whether to go to fullscreen or not when starting a movie. Defaults to true. -->
  <!--<playcountminimumpercent>90</playcountminimumpercent>-->         <!--Minimum percentage that has to be played before it is marked as watched. Set to 101 to never auto-mark items as watched -->
  <!--<ignoresecondsatstart>180</ignoresecondsatstart>-->              <!-- Number of seconds to ignore at video start after which a resume point is created -->
  <!--<ignorepercentatend>8</ignorepercentatend>-->                    <!-- percentage of video to ignore at the end. If you stop watching the video here no resume point is created. Set to 101 to never save a resume point.. -->
  <!--<forcevaapienabled>true</forcevaapienabled>-->                   <!-- VAAPI is only tested on intel hardware. This flag helps wrapper developers and fglrx users to easily test current VAAPI state on their hardware. Default is false. -->
  <!--<vdpauscaling>true</vdpauscaling>-->                             <!-- scales with vdpau instead of opengl, enabling this might slow down rendering and cause framedrops especially on ION systems, this setting requires a vdpau feature set C gpu-->
  <!--<enablehighqualityhwscalers>true</enablehighqualityhwscalers>--> <!-- allow turning on the spline36 and lanczos3 shader (for GL builds) -->
  <!--<dxvaallowhqscaling>false</dxvaallowhqscaling>-->                <!-- enables high quality video upscaling for Windows -->
  <!--<ppffmpegdeinterlacing>linblenddeint</ppffmpegdeinterlacing>-->  <!-- override the deinterlacing options passed to libpostproc -->
  <!--<ppffmpegpostprocessing>ha:128:7,va,dr</ppffmpegpostprocessing>-->  <!-- override the post processing options passed to libpostproc when 'Video post-processing' is activated in GUI Videos-Settings-Playback -->
  <!--<autoscalemaxfps>30</autoscalemaxfps>-->                         <!-- when scaling method is set to auto, bilinear is chosen when the fps is higher than this limit, the default is 30 -->
  <!--<checkdxvacompatibility>value</checkdxvacompatibility>-->        <!-- Advanced setting not present: let Kodi autodetect cards that support H264 profile L4.1. Set value to false to enable DXVA no matter what. -->
  <!--<delay>0</delay>-->                                              <!-- Global default display latency -->
  <!--<disableswmultithreading>false</disableswmultithreading>-->      <!-- Replaces disablehi10pmultithreading. Set this to true if you want software decoding to use only one CPU thread. -->
  <!--<useffmpegvda>false</useffmpegvda>-->                            <!-- Experimental hardware video decoding mode for OS X. Option is available for development/testing purposes. -->
  <!--<assfixedworks>false</assfixedworks>-->                          <!-- "subtitle position on screen" set to "fixed". True to show at the fixed position set in video calibration. False to show at the bottom of video (default). --> 
  <!--<stagefright>-->                                                 <!-- SPMC has mediacodec options for codec tweaking, though. -1 is default, 0 is never used this codec, 1 is always use this codec, bypassing blacklist -->
  <!--<useavccodec>-1</useavccodec>-->
      <!--<usehevccodec>-1</usehevccodec>-->                           <!-- Added in v15 -->
      <!--<usevc1codec>-1</usevc1codec>-->
      <!--<usevpxcodec>-1</usevpxcodec>-->
      <!--<usemp4codec>-1</usemp4codec>-->
      <!--<usempeg2codec>-1</usempeg2codec>-->
      <!--<useswrenderer>false</useswrenderer>-->
  <!--</stagefright>--> 
  <!--<excludefromscan>-->                                             <!-- Regular expressions that if evaluated to true won't be added to library. -->
  <!--  <regexp>[-\._ ](sample|trailer)[-\._ ]</regexp>-->
  <!--</excludefromscan>-->  
  <!--<excludefromlisting>-->                                          <!-- Regular expressions that if evaluated to true won't be displayed in Files View -->
  <!--<regexp>[-\._ ](sample|trailer)[-\._ ]</regexp>-->
  <!--</excludefromlisting>-->
</video>

<audio>
  <!--<headroom>0</headroom>-->                                   <!-- Amount of headroom Kodi should use above the maximum volume level, in decibels.  Defaults to 0, valid values 0, 6, 12. -->
  <!--<defaultplayer>paplayer</defaultplayer>-->                  <!-- Default audio player: paplayer or dvdplayer -->
  <!--<ac3downmixgain>12.0</ac3downmixgain>-->                    <!-- Amount of gain (dB) to be applied to AC3 streams that have been mixed-down to 2 channels. Default is 12.0. Valid values are: -96.0 to 96.0. -->
  <!--<playcountminimumpercent>99</playcountminimumpercent>-->    <!-- Minimum percentage that has to be played before it is considered for incrementing in the Top 100 database view, or for last.fm submittal -->
  <!--<applydrc>-1.0</applydrc>-->                                <!-- Whether to use Dynamic Range Compression (DRC) on AC3 streams.  This has no effect if passthrough is enabled for AC3. -->
  <!--<limiterhold>0.025</limiterhold>-->                         <!-- default values for limiter/compressor -->
  <!--<limiterrelease>0.1</limiterrelease>-->                     <!-- default values for limiter/compressor -->
  <!--<excludefromscan>-->                                        <!-- Regular expressions that if evaluated to true won't be added to library. -->
  <!--<regexp>[-\._ ](podcast)[-\._ ]</regexp>-->
  <!--</excludefromscan>-->
  <!--<excludefromlisting>-->                                     <!-- Regular expressions that if evaluated to true won't be displayed in Files View -->
  <!--<regexp>[-\._ ](podcast)[-\._ ]</regexp>-->
  <!--</excludefromlisting>-->
</audio>

<musiclibrary>
    <recentlyaddeditems>35</recentlyaddeditems>                              <!-- number of recently added items. Defaults to 25 -->
    <!--<hideallitems>true</hideallitems>-->                                 <!-- removes the "*All" items from the music library -->  <!-- This will be replaced in v15 with a GUI option. -->
    <!--<allitemsonbottom>true</allitemsonbottom>-->                         <!-- sorts the "*All" items at the bottom of the list when in Ascending order -->
    <!--<backgroundupdate>true</backgroundupdate>-->                         <!-- set to hide the music scanner dialog from the gui -->
    <!--<albumssortbyartistthenyear>true</albumssortbyartistthenyear>-->     <!-- at an albums listing, when you sort by artist, secondary sort will be year. -->
    <!--<albumformat>%B - %Y</albumformat>-->                                <!-- album label template, default is "%B" -->
    <!--<albumformatright>%A</albumformatright>-->                           <!-- album label template for right column, default is "%A" -->
    <!--<prioritiseapetags>true</prioritiseapetags>-->                       <!-- prioritise APEv2 tags over ID3v1/2 tags, default is false. -->
    <!--<itemseparator>/ </itemseparator>-->                                 <!-- separator used for multiple artists/genres in tags. Note, this is *space* *slash* *space* -->
</musiclibrary>

<gui>
   <nofliptimeout>0</nofliptimeout>
   <algorithmdirtyregions>3</algorithmdirtyregions> 
</gui>

<filelists>
   <allowfiledeletion>true</allowfiledeletion>
</filelists>

<videoscanner>
   <ignoreerrors>true</ignoreerrors>                                     <!-- Set to true to silently ignore errors while scanning videos. This prevents the error dialogue box, so you don't have to keep hitting "yes" to keep scanning.-->
</videoscanner>

<input>
   <enablemouse>true</enablemouse>
   <!--<remoteaskeyboard>true</remoteaskeyboard>-->
</input>

<!--
<hosts>
  <entry name="HOSTNAME">IPADDRESS</entry>
</hosts>
-->

<!--
http://iptvtalk.org/archive/index.php/t-3320.html

buffermode - This setting tells Kodi what to buffer in the cache. It's like putting a note on a container that says "only put juice in this container because the kids drink out of it and if you put alcohol in it they'll get drunk", or a note on a door saying "Office, no children allowed" to keep kids from disturbing your work. Setting it to 1 forces Kodi to buffer both internet data and any other data from your LAN (local area network). The reason for buffering both internet and other local network data is in case you have other people or programs working on your network. As an example; Often when I am testing Kodi I am also working on my other system rendering very large video files, audio files, transferring them back and forth from my work system to my rendering drives and such. My work systems are connected to the same network as Kodi so I need to make sure both the Kodi system and work systems have the resources they need to work efficiently together on the network.

cachemembuffersize - This setting will do two things. It will tell Kodi what to use for your cache and how much can be used. You can set it to 0, which mean unlimited and will force Kodi to use you hard drive as the place to put your cache. Or you can set a specific number, which will tell Kodi to use your system memory. Setting it to 0 is like saying OK, I rented space in a large office building with other offices in it, but because it's so large several companies can have offices in it with little problems. However, this particular office building uses partial walls or cubicals to separate the offices. So when people are going back and forth between different offices or in and out of the building there are many others doing the same. This also leaves less privacy as you can hear others talking in other offices spaces and vice versa. While you may have more space you have to contend with the others using the space and this can slow down the traffic and efficiency.
When you set a specific number for your cache it's like renting an office space that is self contained with actual walls and it's own entrance to speed up entering and leaving and keep down noise from other offices. The number you set specifies how large your cache office will be. You need to determine what the best size will be in order to be efficient to store your office equipment and still have room for free flow of traffic, or in this case data.
I set this to 157286400 which is the amount of system memory to use in bytes. It is equal to 150 MB (megabytes), which means Kodi will store 150 MB of video data in the cache. As I mentioned in the original post those with higher amounts of RAM/memory can set this higher if they wish, but 150 MB should be enough to be efficient on most systems. What this does is stores a certain amount of the video in the memory in case there are disconnection issues or speed issues with streaming the video. With part of the video already stored in your memory if there is a disruption to the stream your system will continue to play the part of the video that is stored in the memory and you won't notice and disruption. Then when the streams disruption is cleared up your cache will continue to pull in the rest of the video and continue to do this so you notice little to not disruption.
Now, the thing is, this isn't just a one way path. It pulls and pushes at the same time. So you want and equal amount of pull and push to keep things smooth. So you have 75 MB of pull and 75 MB of push. Also, the Kodi documentation says it actually uses 3 times this amount of memory for streaming. But when I ran system monitors and benchmarking on the three different systems I have it set up on I found out that it actually only uses about 1.5 times this amount and at time a maximum of 2 times the amount. So even with only 1GB of memory you still have plenty left for other resources.

readbufferfactor - This is how fast Kodi will fill your cache/container from the source, the source is your internet connection. Think of your internet connection as a container that holds water, and it has several spouts on it that direct water into various containers. The various containers on your system would be anything that uses your internet connection such as, open web browsers, other people or applications using your connection. There is a valve on this main source container that regulates where the water goes and how fast the water goes in each direction. Now say your source container/internet connection contains 20 gallons/Mbps. Now, there are more factors to how this works. One is the data/video you are using the internet connection to pull in, another is how full your buffer is and how fast it is pushing out. So in these examples we have 150 Megabytes of storage in the cache (75 in 75 out). If you are pulling in a video in at 20 Mbps (Megabits per second) you are pulling in 150 MB (Megabytes) per minute, that's about 20 minutes of video depending on the quality. However, remember you are actually only pulling in 75 MB because the other 75 is going out/playing, so you are pulling in about 10 or 12 minutes of video. So once you pull in the 75 MB your internet connection isn't being used until it need to refill your cache. So while you may be maxing your connection at times it doesn't max out constantly and allows for other applications/people to use the connection.

curllowspeedtime - This is how long Kodi will wait before it realizes a connection is too slow to operate efficiently or a connection is lost and abort it/kick out from the stream and back into Kodi or the EPG. 300 is the number of seconds which equals five minutes. The reason for waiting five minutes is because of the above settings in the readbufferfactor. You have 10 or 12 minutes of video stored in your cache, so if there is a disruption to the stream the curllowspeedtime will wait for five minutes for the disruption to be rectified before aborting the video. If the disruption is rectified before the 10 or 12 minutes of video in your cache empties out there won't be an abort and you won't be kicked out of the video.
-->

</advancedsettings>