<?xml version="1.0" encoding="UTF-8" standalone="yes"?>
<addon id="repository.totalinstaller" version="1.0.2" name=" [COLOR lime][B]T[/B][/COLOR][COLOR white]otal[/COLOR][COLOR lime][B]R[/B][/COLOR][COLOR white]evolution[/COLOR]" provider-name="totalxbmc.tv">
	<extension point="xbmc.addon.repository" name="Total Installer Repo">
		<info compressed="false">https://github.com/totalxbmc/totalinstaller/raw/master/zips/addons.xml</info>
		<checksum>https://github.com/totalxbmc/totalinstaller/raw/master/zips/addons.xml.md5</checksum>
		<datadir zip="true">https://raw.github.com/totalxbmc/totalinstaller/master/zips/</datadir>
	</extension>
	<extension point="xbmc.addon.metadata">
		<summary>Total Installer</summary>
		<description>[COLOR blue]Join the Revolution[/COLOR] @ [COLOR lime][B]www.totalxbmc.tv[/B][/COLOR][CR][CR]Total Revolution is the home of Total Installer and the project is designed to get the great XBMC/Kodi community together as one. Have your say on what goes on and help design your very own skin.</description>
		<platform>all</platform>
	</extension>
</addon>