<?xml version="1.0" encoding="UTF-8"?>
<addon id="Andy.plugin.program.Notifications" version="0.0.1"
       name="[COLOR yellow]Andy[/COLOR] Notifications" provider-name="Andy">
  <requires>
  	<import addon="xbmc.python" version="2.1.0"/>
  	<import addon="script.module.addon.common" optional="true" />
  </requires>
  <extension point="xbmc.python.script" library="default.py">
    <provides>executable</provides>
  </extension>
  <extension point="xbmc.service" library="service.py" start="startup">
  </extension>
  <extension point="xbmc.addon.metadata">
  	<summary>Andy NEWS regarding any inportant updates.</summary>
  	<description>Receive Important Notifications. Unsubscribe within Add-on Settings.</description>
  	<language>en</language>
  	<platform>all</platform>
  	<source></source>
  	<email></email>
  </extension>
</addon>
