<?xml version="1.0" encoding="UTF-8"?>
    <addon id="repository.Ghost-repo" name="Ghost Repository" version="4.1.3" provider-name="makeit">
        <requires>
            <import addon="xbmc.addon" version="12.0.0"/>
        </requires>
        <extension point="xbmc.addon.repository" name="Ghost Repository">
            <info compressed="false">http://xbmc.mediajson.xyz/addons.xml</info>
            <checksum>http://xbmc.mediajson.xyz/addons.xml.md5</checksum>
            <datadir zip="true">http://xbmc.mediajson.xyz/</datadir>
            <hashes>false</hashes>
        </extension>
        
        <extension point="xbmc.addon.metadata">
            <summary>Ghost Kodi Addons</summary>
            <description>Download and install addons from Ghost repository  </description>
            <platform>all</platform>
    </extension>
</addon>