<?xml version="1.0" encoding="UTF-8" standalone="yes"?>
<addon id="repository.aeon.nox.silvo" name="Aeon Nox: SiLVO Repository" version="1.0.1" provider-name="SiLVO">
	<requires>
		<import addon="xbmc.addon" version="12.0.0"/>
	</requires>
	<extension point="xbmc.addon.repository" name="Aeon Nox: SiLVO Repo">
		<dir minversion="15.0.0">
			<info compressed="true">https://github.com/mikesilvo164/repo.aeon.nox.silvo/raw/master/isengard/addons.xml</info>
			<checksum>https://github.com/mikesilvo164/repo.aeon.nox.silvo/raw/master/isengard/addons.xml.md5</checksum>
			<datadir zip="true">https://github.com/mikesilvo164/repo.aeon.nox.silvo/raw/master/isengard</datadir>
			<hashes>true</hashes>
		</dir>
		<dir minversion="15.9.0">
			<info compressed="true">https://github.com/mikesilvo164/repo.aeon.nox.silvo/raw/master/jarvis/addons.xml</info>
			<checksum>https://github.com/mikesilvo164/repo.aeon.nox.silvo/raw/master/jarvis/addons.xml.md5</checksum>
			<datadir zip="true">https://github.com/mikesilvo164/repo.aeon.nox.silvo/raw/master/jarvis</datadir>
			<hashes>true</hashes>
		</dir>
	</extension>
	<extension point="xbmc.addon.metadata">
		<summary>My version of Aeon Nox 5</summary>
		<description>Main Repository for Aeon Nox: SiLVO</description>
		<platform>all</platform>
	</extension>
</addon>