<?xml version="1.0" encoding="UTF-8" standalone="yes"?>

<addon id="Andy.plugin.program.Maintenance"
 name="[COLOR yellow]Andy[/COLOR] Maintenance" 
 version="1.0.0" 
 provider-name="Andy">

  <requires>
    <import addon="xbmc.python" version="2.1.0"/>
    <import addon="script.module.addon.common" />  
<!--<import addon="plugin.video.youtube" />
    <import addon="script.module.metahandler" optional="true" />
		<import addon="script.module.addon.common" optional="true" />
		<import addon="script.module.t0mm0.common" optional="true" />
		<import addon="script.module.urlresolver" optional="true" />
		<import addon="script.module.xmltodict" optional="true" />-->
  </requires>
  
  <extension point="xbmc.python.pluginsource" library="default.py">
        <provides>executable</provides>
  </extension>
  
  <extension point="xbmc.addon.metadata">
    <summary lang="en">[COLOR yellow]Andy[/COLOR] Maintenance Tool</summary>
    <description lang="en">Maintenance Tool is your one stop tool for all fixes and information.
Addons:    \addons   Settings: \userdata
App Settings: \userdata\addon_data
Database:  \userdata\Database
Media:     \userdata\Thumbnails
Tweaks:    \userdata\Advancedsettings.xml
Paths:     \userdata\sources.xml
Profile:   \userdata\profiles\ProfileName</description>
    <platform>all</platform>
    <forum></forum>
    <website>https://raw.githubusercontent.com/halikus/_AndyRepo/master/_repo/</website>
  </extension>
  
</addon>