<?xml version="1.0" encoding="UTF-8"?>
<addon
  id="Andy.skin.confluence"
  version="2.8.6"
  name="Confluence (16 Jarvis Andy Mod)"
  provider-name="Jezz_X, Team Kodi">
  <requires>
    <import addon="xbmc.gui" version="5.10.0"/>
  </requires>
  <extension
    point="xbmc.gui.skin"
    debugging="false"
    effectslowdown="1.0">
    <res width="1280" height="720" aspect="16:9" default="true" folder="720p" />
  </extension>
  <extension point="xbmc.addon.metadata">
    <summary lang="en_AU">Confluence skin by Jezz_X. (Kodi's default skin)</summary>
    <summary lang="en_GB">Confluence skin by Jezz_X. (Kodi's default skin)</summary>
    <summary lang="en_NZ">Confluence skin by Jezz_X. (Kodi's default skin)</summary>
    <summary lang="en_US">Confluence skin by Jezz_X. (Kodi's default skin)</summary>
    <description lang="en_AU">Confluence is the default skin for Kodi 9.11 and above. It is a combination of concepts from many popular skins, and attempts to embrace and integrate their good ideas into a skin that should be easy for first time Kodi users to understand and use.</description>
    <description lang="en_GB">Confluence is the default skin for Kodi 14.0 and above. It is a combination of concepts from many popular skins, and attempts to embrace and integrate their good ideas into a skin that should be easy for first time Kodi users to understand and use.</description>
    <description lang="en_NZ">Confluence is the default skin for Kodi 9.11 and above. It is a combination of concepts from many popular skins, and attempts to embrace and integrate their good ideas into a skin that should be easy for first time Kodi users to understand and use.</description>
    <description lang="en_US">Confluence is the default skin for Kodi 9.11 and above. It is a combination of concepts from many popular skins, and attempts to embrace and integrate their good ideas into a skin that should be easy for first time Kodi users to understand and use.</description>
    <disclaimer lang="en_AU">Confluence is the default skin for Kodi, removing it may cause issues</disclaimer>
    <disclaimer lang="en_GB">Confluence is the default skin for Kodi, removing it may cause issues</disclaimer>
    <disclaimer lang="en_NZ">Confluence is the default skin for Kodi, removing it may cause issues</disclaimer>
    <disclaimer lang="en_US">Confluence is the default skin for Kodi, removing it may cause issues</disclaimer>
    <platform>all</platform>
  </extension>
</addon>
