<?xml version="1.0" encoding="UTF-8" standalone="yes"?>
<addon id="repository.MatsBuilds" name="Mats Add-ons repository" version="1.0" provider-name="Mats Builds">
	<extension point="xbmc.addon.repository" name="Mats Builds Repository">
	<dir>
		<info compressed="false">https://offshoregit.com/tvaresolvers/tva-common-repository/raw/master/addons.xml</info>
		<checksum>https://offshoregit.com/tvaresolvers/tva-common-repository/raw/master/addons.xml.md5</checksum>
		<datadir zip="true">https://offshoregit.com/tvaresolvers/tva-common-repository/raw/master/zips/</datadir>
	</dir>
		<info compressed="false">http://www.matsbuilds.co.uk/plugins/addon.xml</info>
		<checksum>http://www.matsbuilds.co.uk/plugins/addons.xml.md5</checksum>
		<datadir zip="true">http://www.matsbuilds.co.uk/plugins/</datadir>
	</extension>
	<extension point="xbmc.addon.metadata">
		<summary>Install Add-ons from Mats Builds</summary>
		<description>Download and install Add-ons from Mats Builds repository</description>
		<platform>all</platform>
	</extension>
</addon>

