<?xml version="1.0" encoding="UTF-8" standalone="yes"?>
<addon id="repository.torrentstreaming" name="[COLOR green]Torrent[/COLOR] [COLOR FF005de5]Streaming[/COLOR] Repo" version="1.0.0" provider-name="iCanuck">
	<extension point="xbmc.addon.repository" name="Torrent Streaming Repository">
		<info>http://offshoregit.com/iCanuck/Torrent-Streaming-Repo/addons.xml</info>
		<checksum>http://offshoregit.com/iCanuck/Torrent-Streaming-Repo/addons.xml.md5</checksum>
		<datadir zip="true">http://offshoregit.com/iCanuck/Torrent-Streaming-Repo/</datadir>
	</extension>
	<extension point="xbmc.addon.metadata">
		<summary>A Collection of Torrent Related Kodi Addons</summary>
		<description>A Collection of Torrent Related Kodi Addons</description>
		<disclaimer>The owners and submitters to this repository do not host or distribute any of the content displayed by these addons nor do they have any affiliation with the content providers.</disclaimer>
		<website></website>
		<forum></forum>
		<platform>all</platform>
		<license>GNU GENERAL PUBLIC LICENSE. Version 3, June 2007</license>
	</extension>
</addon>

