<?xml version="1.0" encoding="UTF-8" standalone="yes"?>
<addon id="script.module.dateutil"
       name="dateutil"
       version="2.4.2"
       provider-name="Gustavo Niemeyer, Tomi Pieviläinen, Yaron de Leeuw, Razzeee">
  <requires>
    <import addon="xbmc.python" version="2.1.0"/>
    <import addon="script.module.six" version="1.9.0"/>
  </requires>
  <extension point="xbmc.python.module"
             library="lib" />
  <extension point="xbmc.addon.metadata">
    <summary>dateutil - powerful extensions to datetime</summary>
    <description>Packed for Kodi from https://github.com/dateutil/dateutil</description>
    <platform>all</platform>
    <language></language>
    <license>Revised BSD License</license>
    <forum></forum>
    <website>https://dateutil.readthedocs.org/en/latest/</website>
    <source>https://github.com/Razzeee/script.module.dateutil</source>
    <email></email>
  </extension>
</addon>
