﻿<?xml version="1.0" encoding="UTF-8"?>
<tv generator-info-name="WebGrab+Plus/w MDB &amp; REX Postprocess -- version V1.56.12 -- Jan van Straaten" generator-info-url="http://www.webgrabplus.com">

  <channel id="Cops">
    <display-name lang="en">Cops</display-name>
    <url>http://www.fixed</url>
  </channel>
  <channel id="Top Gear">
    <display-name lang="en">Top Gear</display-name>
    <url>http://www.fixed</url>
  </channel>
  <channel id="Hardcore Pawn">
    <display-name lang="en">Hardcore Pawn</display-name>
    <url>http://www.fixed</url>
  </channel>
  <channel id="Star Trek">
    <display-name lang="en">Star Trek</display-name>
    <url>http://www.fixed</url>
  </channel>
  <channel id="3rd Rock From The Sun">
    <display-name lang="en">3rd Rock From The Sun</display-name>
    <url>http://www.fixed</url>
  </channel>
  <channel id="Home Improvement">
    <display-name lang="en">Home Improvement</display-name>
    <url>http://www.fixed</url>
  </channel>
  <channel id="King Of Queens">
    <display-name lang="en">King Of Queens</display-name>
    <url>http://www.fixed</url>
  </channel>
  <channel id="American Dad">
    <display-name lang="en">American Dad</display-name>
    <url>http://www.fixed</url>
  </channel>
  <channel id="Married With Children">
    <display-name lang="en">Married With Children</display-name>
    <url>http://www.fixed</url>
  </channel>
  <channel id="King of the Hill">
    <display-name lang="en">King of the Hill</display-name>
    <url>http://www.fixed</url>
  </channel>
  <channel id="The Simpsons">
    <display-name lang="en">The Simpsons</display-name>
    <url>http://www.fixed</url>
  </channel>
  <channel id="South Park">
    <display-name lang="en">South Park</display-name>
    <url>http://www.fixed</url>
  </channel>
  <channel id="The Walking Dead">
    <display-name lang="en">The Walking Dead</display-name>
    <url>http://www.fixed</url>
  </channel>
  <channel id="The Three Stooges">
    <display-name lang="en">The Three Stooges</display-name>
    <url>http://www.fixed</url>
  </channel>
  <channel id="Modern Family">
    <display-name lang="en">Modern Family</display-name>
    <url>http://www.fixed</url>
  </channel>
  <channel id="Criminal Minds">
    <display-name lang="en">Criminal Minds</display-name>
    <url>http://www.fixed</url>
  </channel>
  <channel id="The Mentalist">
    <display-name lang="en">The Mentalist</display-name>
    <url>http://www.fixed</url>
  </channel>
  <channel id="Arrow">
    <display-name lang="en">Arrow</display-name>
    <url>http://www.fixed</url>
  </channel>
  <channel id="The Big Bang Theory">
    <display-name lang="en">The Big Bang Theory</display-name>
    <url>http://www.fixed</url>
  </channel>
  <channel id="Family Guy">
    <display-name lang="en">Family Guy</display-name>
    <url>http://www.fixed</url>
  </channel>



  <programme start="20160529000000 +0000" stop="20160529235900 +0000" channel="Cops">
    <title lang="en">Cops - All Day Every Day!!!!!</title>
    <desc lang="en">Cops - All Day Every Day!!!!!.(n)</desc>
  </programme>
  <programme start="20160530000000 +0000" stop="20160530235900 +0000" channel="Cops">
    <title lang="en">Cops - All Day Every Day!!!!!</title>
    <desc lang="en">Cops - All Day Every Day!!!!!.(n)</desc>
  </programme>
  <programme start="20160531000000 +0000" stop="20160531235900 +0000" channel="Cops">
    <title lang="en">Cops - All Day Every Day!!!!!</title>
    <desc lang="en">Cops - All Day Every Day!!!!!.(n)</desc>
  </programme>
  <programme start="20160601000000 +0000" stop="20160601235900 +0000" channel="Cops">
    <title lang="en">Cops - All Day Every Day!!!!!</title>
    <desc lang="en">Cops - All Day Every Day!!!!!.(n)</desc>
  </programme>
  <programme start="20160602000000 +0000" stop="20160602235900 +0000" channel="Cops">
    <title lang="en">Cops - All Day Every Day!!!!!</title>
    <desc lang="en">Cops - All Day Every Day!!!!!.(n)</desc>
  </programme>
  <programme start="20160603000000 +0000" stop="20160603235900 +0000" channel="Cops">
    <title lang="en">Cops - All Day Every Day!!!!!</title>
    <desc lang="en">Cops - All Day Every Day!!!!!.(n)</desc>
  </programme>
  <programme start="20160604000000 +0000" stop="20160604235900 +0000" channel="Cops">
    <title lang="en">Cops - All Day Every Day!!!!!</title>
    <desc lang="en">Cops - All Day Every Day!!!!!.(n)</desc>
  </programme>
  <programme start="20160529000000 +0000" stop="20160529235900 +0000" channel="Top Gear">
    <title lang="en">Top Gear - All Day Every Day!!!!!</title>
    <desc lang="en">Top Gear - All Day Every Day!!!!!.(n)</desc>
  </programme>
  <programme start="20160530000000 +0000" stop="20160530235900 +0000" channel="Top Gear">
    <title lang="en">Top Gear - All Day Every Day!!!!!</title>
    <desc lang="en">Top Gear - All Day Every Day!!!!!.(n)</desc>
  </programme>
  <programme start="20160531000000 +0000" stop="20160531235900 +0000" channel="Top Gear">
    <title lang="en">Top Gear - All Day Every Day!!!!!</title>
    <desc lang="en">Top Gear - All Day Every Day!!!!!.(n)</desc>
  </programme>
  <programme start="20160601000000 +0000" stop="20160601235900 +0000" channel="Top Gear">
    <title lang="en">Top Gear - All Day Every Day!!!!!</title>
    <desc lang="en">Top Gear - All Day Every Day!!!!!.(n)</desc>
  </programme>
  <programme start="20160602000000 +0000" stop="20160602235900 +0000" channel="Top Gear">
    <title lang="en">Top Gear - All Day Every Day!!!!!</title>
    <desc lang="en">Top Gear - All Day Every Day!!!!!.(n)</desc>
  </programme>
  <programme start="20160603000000 +0000" stop="20160603235900 +0000" channel="Top Gear">
    <title lang="en">Top Gear - All Day Every Day!!!!!</title>
    <desc lang="en">Top Gear - All Day Every Day!!!!!.(n)</desc>
  </programme>
  <programme start="20160604000000 +0000" stop="20160604235900 +0000" channel="Top Gear">
    <title lang="en">Top Gear - All Day Every Day!!!!!</title>
    <desc lang="en">Top Gear - All Day Every Day!!!!!.(n)</desc>
  </programme>
  <programme start="20160529000000 +0000" stop="20160529235900 +0000" channel="Hardcore Pawn">
    <title lang="en">Hardcore Pawn - All Day Every Day!!!!!</title>
    <desc lang="en">Hardcore Pawn - All Day Every Day!!!!!.(n)</desc>
  </programme>
  <programme start="20160530000000 +0000" stop="20160530235900 +0000" channel="Hardcore Pawn">
    <title lang="en">Hardcore Pawn - All Day Every Day!!!!!</title>
    <desc lang="en">Hardcore Pawn - All Day Every Day!!!!!.(n)</desc>
  </programme>
  <programme start="20160531000000 +0000" stop="20160531235900 +0000" channel="Hardcore Pawn">
    <title lang="en">Hardcore Pawn - All Day Every Day!!!!!</title>
    <desc lang="en">Hardcore Pawn - All Day Every Day!!!!!.(n)</desc>
  </programme>
  <programme start="20160601000000 +0000" stop="20160601235900 +0000" channel="Hardcore Pawn">
    <title lang="en">Hardcore Pawn - All Day Every Day!!!!!</title>
    <desc lang="en">Hardcore Pawn - All Day Every Day!!!!!.(n)</desc>
  </programme>
  <programme start="20160602000000 +0000" stop="20160602235900 +0000" channel="Hardcore Pawn">
    <title lang="en">Hardcore Pawn - All Day Every Day!!!!!</title>
    <desc lang="en">Hardcore Pawn - All Day Every Day!!!!!.(n)</desc>
  </programme>
  <programme start="20160603000000 +0000" stop="20160603235900 +0000" channel="Hardcore Pawn">
    <title lang="en">Hardcore Pawn - All Day Every Day!!!!!</title>
    <desc lang="en">Hardcore Pawn - All Day Every Day!!!!!.(n)</desc>
  </programme>
  <programme start="20160604000000 +0000" stop="20160604235900 +0000" channel="Hardcore Pawn">
    <title lang="en">Hardcore Pawn - All Day Every Day!!!!!</title>
    <desc lang="en">Hardcore Pawn - All Day Every Day!!!!!.(n)</desc>
  </programme>
  <programme start="20160529000000 +0000" stop="20160529235900 +0000" channel="Star Trek">
    <title lang="en">Star Trek - All Day Every Day!!!!!</title>
    <desc lang="en">Star Trek - All Day Every Day!!!!!.(n)</desc>
  </programme>
  <programme start="20160530000000 +0000" stop="20160530235900 +0000" channel="Star Trek">
    <title lang="en">Star Trek - All Day Every Day!!!!!</title>
    <desc lang="en">Star Trek - All Day Every Day!!!!!.(n)</desc>
  </programme>
  <programme start="20160531000000 +0000" stop="20160531235900 +0000" channel="Star Trek">
    <title lang="en">Star Trek - All Day Every Day!!!!!</title>
    <desc lang="en">Star Trek - All Day Every Day!!!!!.(n)</desc>
  </programme>
  <programme start="20160601000000 +0000" stop="20160601235900 +0000" channel="Star Trek">
    <title lang="en">Star Trek - All Day Every Day!!!!!</title>
    <desc lang="en">Star Trek - All Day Every Day!!!!!.(n)</desc>
  </programme>
  <programme start="20160602000000 +0000" stop="20160602235900 +0000" channel="Star Trek">
    <title lang="en">Star Trek - All Day Every Day!!!!!</title>
    <desc lang="en">Star Trek - All Day Every Day!!!!!.(n)</desc>
  </programme>
  <programme start="20160603000000 +0000" stop="20160603235900 +0000" channel="Star Trek">
    <title lang="en">Star Trek - All Day Every Day!!!!!</title>
    <desc lang="en">Star Trek - All Day Every Day!!!!!.(n)</desc>
  </programme>
  <programme start="20160604000000 +0000" stop="20160604235900 +0000" channel="Star Trek">
    <title lang="en">Star Trek - All Day Every Day!!!!!</title>
    <desc lang="en">Star Trek - All Day Every Day!!!!!.(n)</desc>
  </programme>
  <programme start="20160529000000 +0000" stop="20160529235900 +0000" channel="3rd Rock From The Sun">
    <title lang="en">3rd Rock From The Sun - All Day Every Day!!!!!</title>
    <desc lang="en">3rd Rock From The Sun - All Day Every Day!!!!!.(n)</desc>
  </programme>
  <programme start="20160530000000 +0000" stop="20160530235900 +0000" channel="3rd Rock From The Sun">
    <title lang="en">3rd Rock From The Sun - All Day Every Day!!!!!</title>
    <desc lang="en">3rd Rock From The Sun - All Day Every Day!!!!!.(n)</desc>
  </programme>
  <programme start="20160531000000 +0000" stop="20160531235900 +0000" channel="3rd Rock From The Sun">
    <title lang="en">3rd Rock From The Sun - All Day Every Day!!!!!</title>
    <desc lang="en">3rd Rock From The Sun - All Day Every Day!!!!!.(n)</desc>
  </programme>
  <programme start="20160601000000 +0000" stop="20160601235900 +0000" channel="3rd Rock From The Sun">
    <title lang="en">3rd Rock From The Sun - All Day Every Day!!!!!</title>
    <desc lang="en">3rd Rock From The Sun - All Day Every Day!!!!!.(n)</desc>
  </programme>
  <programme start="20160602000000 +0000" stop="20160602235900 +0000" channel="3rd Rock From The Sun">
    <title lang="en">3rd Rock From The Sun - All Day Every Day!!!!!</title>
    <desc lang="en">3rd Rock From The Sun - All Day Every Day!!!!!.(n)</desc>
  </programme>
  <programme start="20160603000000 +0000" stop="20160603235900 +0000" channel="3rd Rock From The Sun">
    <title lang="en">3rd Rock From The Sun - All Day Every Day!!!!!</title>
    <desc lang="en">3rd Rock From The Sun - All Day Every Day!!!!!.(n)</desc>
  </programme>
  <programme start="20160604000000 +0000" stop="20160604235900 +0000" channel="3rd Rock From The Sun">
    <title lang="en">3rd Rock From The Sun - All Day Every Day!!!!!</title>
    <desc lang="en">3rd Rock From The Sun - All Day Every Day!!!!!.(n)</desc>
  </programme>

  <programme start="20160529000000 +0000" stop="20160529235900 +0000" channel="Married With Children">
    <title lang="en">Married With Children - All Day Every Day!!!!!</title>
    <desc lang="en">Married With Children - All Day Every Day!!!!!.(n)</desc>
  </programme>
  <programme start="20160530000000 +0000" stop="20160530235900 +0000" channel="Married With Children">
    <title lang="en">Married With Children - All Day Every Day!!!!!</title>
    <desc lang="en">Married With Children - All Day Every Day!!!!!.(n)</desc>
  </programme>
  <programme start="20160531000000 +0000" stop="20160531235900 +0000" channel="Married With Children">
    <title lang="en">Married With Children - All Day Every Day!!!!!</title>
    <desc lang="en">Married With Children - All Day Every Day!!!!!.(n)</desc>
  </programme>
  <programme start="20160601000000 +0000" stop="20160601235900 +0000" channel="Married With Children">
    <title lang="en">Married With Children - All Day Every Day!!!!!</title>
    <desc lang="en">Married With Children - All Day Every Day!!!!!.(n)</desc>
  </programme>
  <programme start="20160602000000 +0000" stop="20160602235900 +0000" channel="Married With Children">
    <title lang="en">Married With Children - All Day Every Day!!!!!</title>
    <desc lang="en">Married With Children - All Day Every Day!!!!!.(n)</desc>
  </programme>
  <programme start="20160603000000 +0000" stop="20160603235900 +0000" channel="Married With Children">
    <title lang="en">Married With Children - All Day Every Day!!!!!</title>
    <desc lang="en">Married With Children - All Day Every Day!!!!!.(n)</desc>
  </programme>
  <programme start="20160604000000 +0000" stop="20160604235900 +0000" channel="Married With Children">
    <title lang="en">Married With Children - All Day Every Day!!!!!</title>
    <desc lang="en">Married With Children - All Day Every Day!!!!!.(n)</desc>
  </programme>
  <programme start="20160529000000 +0000" stop="20160529235900 +0000" channel="King of the Hill">
    <title lang="en">King of the Hill - All Day Every Day!!!!!</title>
    <desc lang="en">King of the Hill - All Day Every Day!!!!!.(n)</desc>
  </programme>
  <programme start="20160530000000 +0000" stop="20160530235900 +0000" channel="King of the Hill">
    <title lang="en">King of the Hill - All Day Every Day!!!!!</title>
    <desc lang="en">King of the Hill - All Day Every Day!!!!!.(n)</desc>
  </programme>
  <programme start="20160531000000 +0000" stop="20160531235900 +0000" channel="King of the Hill">
    <title lang="en">King of the Hill - All Day Every Day!!!!!</title>
    <desc lang="en">King of the Hill - All Day Every Day!!!!!.(n)</desc>
  </programme>
  <programme start="20160601000000 +0000" stop="20160601235900 +0000" channel="King of the Hill">
    <title lang="en">King of the Hill - All Day Every Day!!!!!</title>
    <desc lang="en">King of the Hill - All Day Every Day!!!!!.(n)</desc>
  </programme>
  <programme start="20160602000000 +0000" stop="20160602235900 +0000" channel="King of the Hill">
    <title lang="en">King of the Hill - All Day Every Day!!!!!</title>
    <desc lang="en">King of the Hill - All Day Every Day!!!!!.(n)</desc>
  </programme>
  <programme start="20160603000000 +0000" stop="20160603235900 +0000" channel="King of the Hill">
    <title lang="en">King of the Hill - All Day Every Day!!!!!</title>
    <desc lang="en">King of the Hill - All Day Every Day!!!!!.(n)</desc>
  </programme>
  <programme start="20160604000000 +0000" stop="20160604235900 +0000" channel="King of the Hill">
    <title lang="en">King of the Hill - All Day Every Day!!!!!</title>
    <desc lang="en">King of the Hill - All Day Every Day!!!!!.(n)</desc>
  </programme>
  <programme start="20160529000000 +0000" stop="20160529235900 +0000" channel="The Simpsons">
    <title lang="en">The Simpsons - All Day Every Day!!!!!</title>
    <desc lang="en">The Simpsons - All Day Every Day!!!!!.(n)</desc>
  </programme>
  <programme start="20160530000000 +0000" stop="20160530235900 +0000" channel="The Simpsons">
    <title lang="en">The Simpsons - All Day Every Day!!!!!</title>
    <desc lang="en">The Simpsons - All Day Every Day!!!!!.(n)</desc>
  </programme>
  <programme start="20160531000000 +0000" stop="20160531235900 +0000" channel="The Simpsons">
    <title lang="en">The Simpsons - All Day Every Day!!!!!</title>
    <desc lang="en">The Simpsons - All Day Every Day!!!!!.(n)</desc>
  </programme>
  <programme start="20160601000000 +0000" stop="20160601235900 +0000" channel="The Simpsons">
    <title lang="en">The Simpsons - All Day Every Day!!!!!</title>
    <desc lang="en">The Simpsons - All Day Every Day!!!!!.(n)</desc>
  </programme>
  <programme start="20160602000000 +0000" stop="20160602235900 +0000" channel="The Simpsons">
    <title lang="en">The Simpsons - All Day Every Day!!!!!</title>
    <desc lang="en">The Simpsons - All Day Every Day!!!!!.(n)</desc>
  </programme>
  <programme start="20160603000000 +0000" stop="20160603235900 +0000" channel="The Simpsons">
    <title lang="en">The Simpsons - All Day Every Day!!!!!</title>
    <desc lang="en">The Simpsons - All Day Every Day!!!!!.(n)</desc>
  </programme>
  <programme start="20160604000000 +0000" stop="20160604235900 +0000" channel="The Simpsons">
    <title lang="en">The Simpsons - All Day Every Day!!!!!</title>
    <desc lang="en">The Simpsons - All Day Every Day!!!!!.(n)</desc>
  </programme>
  <programme start="20160529000000 +0000" stop="20160529235900 +0000" channel="South Park">
    <title lang="en">South Park - All Day Every Day!!!!!</title>
    <desc lang="en">South Park - All Day Every Day!!!!!.(n)</desc>
  </programme>
  <programme start="20160530000000 +0000" stop="20160530235900 +0000" channel="South Park">
    <title lang="en">South Park - All Day Every Day!!!!!</title>
    <desc lang="en">South Park - All Day Every Day!!!!!.(n)</desc>
  </programme>
  <programme start="20160531000000 +0000" stop="20160531235900 +0000" channel="South Park">
    <title lang="en">South Park - All Day Every Day!!!!!</title>
    <desc lang="en">South Park - All Day Every Day!!!!!.(n)</desc>
  </programme>
  <programme start="20160601000000 +0000" stop="20160601235900 +0000" channel="South Park">
    <title lang="en">South Park - All Day Every Day!!!!!</title>
    <desc lang="en">South Park - All Day Every Day!!!!!.(n)</desc>
  </programme>
  <programme start="20160602000000 +0000" stop="20160602235900 +0000" channel="South Park">
    <title lang="en">South Park - All Day Every Day!!!!!</title>
    <desc lang="en">South Park - All Day Every Day!!!!!.(n)</desc>
  </programme>
  <programme start="20160603000000 +0000" stop="20160603235900 +0000" channel="South Park">
    <title lang="en">South Park - All Day Every Day!!!!!</title>
    <desc lang="en">South Park - All Day Every Day!!!!!.(n)</desc>
  </programme>
  <programme start="20160604000000 +0000" stop="20160604235900 +0000" channel="South Park">
    <title lang="en">South Park - All Day Every Day!!!!!</title>
    <desc lang="en">South Park - All Day Every Day!!!!!.(n)</desc>
  </programme>
  <programme start="20160529000000 +0000" stop="20160529235900 +0000" channel="The Walking Dead">
    <title lang="en">The Walking Dead - All Day Every Day!!!!!</title>
    <desc lang="en">The Walking Dead - All Day Every Day!!!!!.(n)</desc>
  </programme>
  <programme start="20160530000000 +0000" stop="20160530235900 +0000" channel="The Walking Dead">
    <title lang="en">The Walking Dead - All Day Every Day!!!!!</title>
    <desc lang="en">The Walking Dead - All Day Every Day!!!!!.(n)</desc>
  </programme>
  <programme start="20160531000000 +0000" stop="20160531235900 +0000" channel="The Walking Dead">
    <title lang="en">The Walking Dead - All Day Every Day!!!!!</title>
    <desc lang="en">The Walking Dead - All Day Every Day!!!!!.(n)</desc>
  </programme>
  <programme start="20160601000000 +0000" stop="20160601235900 +0000" channel="The Walking Dead">
    <title lang="en">The Walking Dead - All Day Every Day!!!!!</title>
    <desc lang="en">The Walking Dead - All Day Every Day!!!!!.(n)</desc>
  </programme>
  <programme start="20160602000000 +0000" stop="20160602235900 +0000" channel="The Walking Dead">
    <title lang="en">The Walking Dead - All Day Every Day!!!!!</title>
    <desc lang="en">The Walking Dead - All Day Every Day!!!!!.(n)</desc>
  </programme>
  <programme start="20160603000000 +0000" stop="20160603235900 +0000" channel="The Walking Dead">
    <title lang="en">The Walking Dead - All Day Every Day!!!!!</title>
    <desc lang="en">The Walking Dead - All Day Every Day!!!!!.(n)</desc>
  </programme>
  <programme start="20160604000000 +0000" stop="20160604235900 +0000" channel="The Walking Dead">
    <title lang="en">The Walking Dead - All Day Every Day!!!!!</title>
    <desc lang="en">The Walking Dead - All Day Every Day!!!!!.(n)</desc>
  </programme>
  <programme start="20160529000000 +0000" stop="20160529235900 +0000" channel="The Three Stooges">
    <title lang="en">Different Episode Every Time You Play!!!!!</title>
    <desc lang="en">Different Episode Every of The Three Stooges Every Time You Play!!!!!.(n)</desc>
  </programme>
  <programme start="20160530000000 +0000" stop="20160530235900 +0000" channel="The Three Stooges">
    <title lang="en">Different Episode Every Time You Play!!!!!</title>
    <desc lang="en">Different Episode Every of The Three Stooges Every Time You Play!!!!!.(n)</desc>
  </programme>
  <programme start="20160531000000 +0000" stop="20160531235900 +0000" channel="The Three Stooges">
    <title lang="en">Different Episode Every Time You Play!!!!!</title>
    <desc lang="en">Different Episode Every of The Three Stooges Every Time You Play!!!!!.(n)</desc>
  </programme>
  <programme start="20160601000000 +0000" stop="20160601235900 +0000" channel="The Three Stooges">
    <title lang="en">Different Episode Every Time You Play!!!!!</title>
    <desc lang="en">Different Episode Every of The Three Stooges Every Time You Play!!!!!.(n)</desc>
  </programme>
  <programme start="20160602000000 +0000" stop="20160602235900 +0000" channel="The Three Stooges">
    <title lang="en">Different Episode Every Time You Play!!!!!</title>
    <desc lang="en">Different Episode Every of The Three Stooges Every Time You Play!!!!!.(n)</desc>
  </programme>
  <programme start="20160603000000 +0000" stop="20160603235900 +0000" channel="The Three Stooges">
    <title lang="en">Different Episode Every Time You Play!!!!!</title>
    <desc lang="en">Different Episode Every of The Three Stooges Every Time You Play!!!!!.(n)</desc>
  </programme>
  <programme start="20160604000000 +0000" stop="20160604235900 +0000" channel="The Three Stooges">
    <title lang="en">Different Episode Every Time You Play!!!!!</title>
    <desc lang="en">Different Episode Every of The Three Stooges Every Time You Play!!!!!.(n)</desc>
  </programme>
  <programme start="20160529000000 +0000" stop="20160529235900 +0000" channel="Modern Family">
    <title lang="en">Different Episode Every Time You Play!!!!!</title>
    <desc lang="en">Different Episode Every of Modern Family Every Time You Play!!!!!.(n)</desc>
  </programme>
  <programme start="20160530000000 +0000" stop="20160530235900 +0000" channel="Modern Family">
    <title lang="en">Different Episode Every Time You Play!!!!!</title>
    <desc lang="en">Different Episode Every of Modern Family Every Time You Play!!!!!.(n)</desc>
  </programme>
  <programme start="20160531000000 +0000" stop="20160531235900 +0000" channel="Modern Family">
    <title lang="en">Different Episode Every Time You Play!!!!!</title>
    <desc lang="en">Different Episode Every of Modern Family Every Time You Play!!!!!.(n)</desc>
  </programme>
  <programme start="20160601000000 +0000" stop="20160601235900 +0000" channel="Modern Family">
    <title lang="en">Different Episode Every Time You Play!!!!!</title>
    <desc lang="en">Different Episode Every of Modern Family Every Time You Play!!!!!.(n)</desc>
  </programme>
  <programme start="20160602000000 +0000" stop="20160602235900 +0000" channel="Modern Family">
    <title lang="en">Different Episode Every Time You Play!!!!!</title>
    <desc lang="en">Different Episode Every of Modern Family Every Time You Play!!!!!.(n)</desc>
  </programme>
  <programme start="20160603000000 +0000" stop="20160603235900 +0000" channel="Modern Family">
    <title lang="en">Different Episode Every Time You Play!!!!!</title>
    <desc lang="en">Different Episode Every of Modern Family Every Time You Play!!!!!.(n)</desc>
  </programme>
  <programme start="20160604000000 +0000" stop="20160604235900 +0000" channel="Modern Family">
    <title lang="en">Different Episode Every Time You Play!!!!!</title>
    <desc lang="en">Different Episode Every of Modern Family Every Time You Play!!!!!.(n)</desc>
  </programme>
  <programme start="20160529000000 +0000" stop="20160529235900 +0000" channel="Criminal Minds">
    <title lang="en">Different Episode Every Time You Play!!!!!</title>
    <desc lang="en">Different Episode Every of Criminal Minds Every Time You Play!!!!!.(n)</desc>
  </programme>
  <programme start="20160530000000 +0000" stop="20160530235900 +0000" channel="Criminal Minds">
    <title lang="en">Different Episode Every Time You Play!!!!!</title>
    <desc lang="en">Different Episode Every of Criminal Minds Every Time You Play!!!!!.(n)</desc>
  </programme>
  <programme start="20160531000000 +0000" stop="20160531235900 +0000" channel="Criminal Minds">
    <title lang="en">Different Episode Every Time You Play!!!!!</title>
    <desc lang="en">Different Episode Every of Criminal Minds Every Time You Play!!!!!.(n)</desc>
  </programme>
  <programme start="20160601000000 +0000" stop="20160601235900 +0000" channel="Criminal Minds">
    <title lang="en">Different Episode Every Time You Play!!!!!</title>
    <desc lang="en">Different Episode Every of Criminal Minds Every Time You Play!!!!!.(n)</desc>
  </programme>
  <programme start="20160602000000 +0000" stop="20160602235900 +0000" channel="Criminal Minds">
    <title lang="en">Different Episode Every Time You Play!!!!!</title>
    <desc lang="en">Different Episode Every of Criminal Minds Every Time You Play!!!!!.(n)</desc>
  </programme>
  <programme start="20160603000000 +0000" stop="20160603235900 +0000" channel="Criminal Minds">
    <title lang="en">Different Episode Every Time You Play!!!!!</title>
    <desc lang="en">Different Episode Every of Criminal Minds Every Time You Play!!!!!.(n)</desc>
  </programme>
  <programme start="20160604000000 +0000" stop="20160604235900 +0000" channel="Criminal Minds">
    <title lang="en">Different Episode Every Time You Play!!!!!</title>
    <desc lang="en">Different Episode Every of Criminal Minds Every Time You Play!!!!!.(n)</desc>
  </programme>
  <programme start="20160529000000 +0000" stop="20160529235900 +0000" channel="The Mentalist">
    <title lang="en">Different Episode Every Time You Play!!!!!</title>
    <desc lang="en">Different Episode Every of The Mentalist Every Time You Play!!!!!.(n)</desc>
  </programme>
  <programme start="20160530000000 +0000" stop="20160530235900 +0000" channel="The Mentalist">
    <title lang="en">Different Episode Every Time You Play!!!!!</title>
    <desc lang="en">Different Episode Every of The Mentalist Every Time You Play!!!!!.(n)</desc>
  </programme>
  <programme start="20160531000000 +0000" stop="20160531235900 +0000" channel="The Mentalist">
    <title lang="en">Different Episode Every Time You Play!!!!!</title>
    <desc lang="en">Different Episode Every of The Mentalist Every Time You Play!!!!!.(n)</desc>
  </programme>
  <programme start="20160601000000 +0000" stop="20160601235900 +0000" channel="The Mentalist">
    <title lang="en">Different Episode Every Time You Play!!!!!</title>
    <desc lang="en">Different Episode Every of The Mentalist Every Time You Play!!!!!.(n)</desc>
  </programme>
  <programme start="20160602000000 +0000" stop="20160602235900 +0000" channel="The Mentalist">
    <title lang="en">Different Episode Every Time You Play!!!!!</title>
    <desc lang="en">Different Episode Every of The Mentalist Every Time You Play!!!!!.(n)</desc>
  </programme>
  <programme start="20160603000000 +0000" stop="20160603235900 +0000" channel="The Mentalist">
    <title lang="en">Different Episode Every Time You Play!!!!!</title>
    <desc lang="en">Different Episode Every of The Mentalist Every Time You Play!!!!!.(n)</desc>
  </programme>
  <programme start="20160604000000 +0000" stop="20160604235900 +0000" channel="The Mentalist">
    <title lang="en">Different Episode Every Time You Play!!!!!</title>
    <desc lang="en">Different Episode Every of The Mentalist Every Time You Play!!!!!.(n)</desc>
  </programme>
  <programme start="20160529000000 +0000" stop="20160529235900 +0000" channel="Arrow">
    <title lang="en">Different Episode Every Time You Play!!!!!</title>
    <desc lang="en">Different Episode Every of Arrow Every Time You Play!!!!!.(n)</desc>
  </programme>
  <programme start="20160530000000 +0000" stop="20160530235900 +0000" channel="Arrow">
    <title lang="en">Different Episode Every Time You Play!!!!!</title>
    <desc lang="en">Different Episode Every of Arrow Every Time You Play!!!!!.(n)</desc>
  </programme>
  <programme start="20160531000000 +0000" stop="20160531235900 +0000" channel="Arrow">
    <title lang="en">Different Episode Every Time You Play!!!!!</title>
    <desc lang="en">Different Episode Every of Arrow Every Time You Play!!!!!.(n)</desc>
  </programme>
  <programme start="20160601000000 +0000" stop="20160601235900 +0000" channel="Arrow">
    <title lang="en">Different Episode Every Time You Play!!!!!</title>
    <desc lang="en">Different Episode Every of Arrow Every Time You Play!!!!!.(n)</desc>
  </programme>
  <programme start="20160602000000 +0000" stop="20160602235900 +0000" channel="Arrow">
    <title lang="en">Different Episode Every Time You Play!!!!!</title>
    <desc lang="en">Different Episode Every of Arrow Every Time You Play!!!!!.(n)</desc>
  </programme>
  <programme start="20160603000000 +0000" stop="20160603235900 +0000" channel="Arrow">
    <title lang="en">Different Episode Every Time You Play!!!!!</title>
    <desc lang="en">Different Episode Every of Arrow Every Time You Play!!!!!.(n)</desc>
  </programme>
  <programme start="20160604000000 +0000" stop="20160604235900 +0000" channel="Arrow">
    <title lang="en">Different Episode Every Time You Play!!!!!</title>
    <desc lang="en">Different Episode Every of Arrow Every Time You Play!!!!!.(n)</desc>
  </programme>
  <programme start="20160529000000 +0000" stop="20160529235900 +0000" channel="The Big Bang Theory">
    <title lang="en">Different Episode Every Time You Play!!!!!</title>
    <desc lang="en">Different Episode of The Big Bang Theory Every Time You Play!!!!!.(n)</desc>
  </programme>
  <programme start="20160530000000 +0000" stop="20160530235900 +0000" channel="The Big Bang Theory">
    <title lang="en">Different Episode Every Time You Play!!!!!</title>
    <desc lang="en">Different Episode of The Big Bang Theory Every Time You Play!!!!!.(n)</desc>
  </programme>
  <programme start="20160531000000 +0000" stop="20160531235900 +0000" channel="The Big Bang Theory">
    <title lang="en">Different Episode Every Time You Play!!!!!</title>
    <desc lang="en">Different Episode of The Big Bang Theory Every Time You Play!!!!!.(n)</desc>
  </programme>
  <programme start="20160601000000 +0000" stop="20160601235900 +0000" channel="The Big Bang Theory">
    <title lang="en">Different Episode Every Time You Play!!!!!</title>
    <desc lang="en">Different Episode of The Big Bang Theory Every Time You Play!!!!!.(n)</desc>
  </programme>
  <programme start="20160602000000 +0000" stop="20160602235900 +0000" channel="The Big Bang Theory">
    <title lang="en">Different Episode Every Time You Play!!!!!</title>
    <desc lang="en">Different Episode of The Big Bang Theory Every Time You Play!!!!!.(n)</desc>
  </programme>
  <programme start="20160603000000 +0000" stop="20160603235900 +0000" channel="The Big Bang Theory">
    <title lang="en">Different Episode Every Time You Play!!!!!</title>
    <desc lang="en">Different Episode of The Big Bang Theory Every Time You Play!!!!!.(n)</desc>
  </programme>
  <programme start="20160604000000 +0000" stop="20160604235900 +0000" channel="The Big Bang Theory">
    <title lang="en">Different Episode Every Time You Play!!!!!</title>
    <desc lang="en">Different Episode of The Big Bang Theory Every Time You Play!!!!!.(n)</desc>
  </programme>
  <programme start="20160529000000 +0000" stop="20160529235900 +0000" channel="How i Met Your Mother">
    <title lang="en">Different Episode Every Time You Play!!!!!</title>
    <desc lang="en">Different Episode of How I Met Your Mother Every Time You Play!!!!!.(n)</desc>
  </programme>
  <programme start="20160529000000 +0000" stop="20160529235900 +0000" channel="Family Guy">
    <title lang="en">Different Episode Every Time You Play!!!!!</title>
    <desc lang="en">Different Episode of Family Guy Every Time You Play!!!!!.(n)</desc>
  </programme>
  <programme start="20160530000000 +0000" stop="20160530235900 +0000" channel="Family Guy">
    <title lang="en">Different Episode Every Time You Play!!!!!</title>
    <desc lang="en">Different Episode of Family Guy Every Time You Play!!!!!.(n)</desc>
  </programme>
  <programme start="20160531000000 +0000" stop="20160531235900 +0000" channel="Family Guy">
    <title lang="en">Different Episode Every Time You Play!!!!!</title>
    <desc lang="en">Different Episode of Family Guy Every Time You Play!!!!!.(n)</desc>
  </programme>
  <programme start="20160601000000 +0000" stop="20160601235900 +0000" channel="Family Guy">
    <title lang="en">Different Episode Every Time You Play!!!!!</title>
    <desc lang="en">Different Episode of Family Guy Every Time You Play!!!!!.(n)</desc>
  </programme>
  <programme start="20160602000000 +0000" stop="20160602235900 +0000" channel="Family Guy">
    <title lang="en">Different Episode Every Time You Play!!!!!</title>
    <desc lang="en">Different Episode of Family Guy Every Time You Play!!!!!.(n)</desc>
  </programme>
  <programme start="20160603000000 +0000" stop="20160603235900 +0000" channel="Family Guy">
    <title lang="en">Different Episode Every Time You Play!!!!!</title>
    <desc lang="en">Different Episode of Family Guy Every Time You Play!!!!!.(n)</desc>
  </programme>
  <programme start="20160604000000 +0000" stop="20160604235900 +0000" channel="Family Guy">
    <title lang="en">Different Episode Every Time You Play!!!!!</title>
    <desc lang="en">Different Episode of Family Guy Every Time You Play!!!!!.(n)</desc>
  </programme>
  
  
</tv>