﻿<?xml version="1.0" encoding="UTF-8"?>
<tv generator-info-name="WebGrab+Plus/w MDB &amp; REX Postprocess -- version V1.56.12 -- Jan van Straaten" generator-info-url="http://www.webgrabplus.com">

  <channel id="TEST">
    <display-name lang="en">TEST</display-name>
    <url>http://www.fixed</url>
  </channel>
  <programme start="20160529000000 +0000" stop="20170529235900 +0000" channel="TEST">
    <title lang="en">These have no channels linked</title>
    <desc lang="en">This is so i can test proxies on a trip with VPN in a notoriously difficult country.</desc>
  </programme>  


  <channel id="3rd Rock From The Sun">
    <display-name lang="en">3rd Rock From The Sun</display-name>
    <url>http://www.fixed</url>
  </channel>
  <programme start="20160529000000 +0000" stop="20170529235900 +0000" channel="3rd Rock From The Sun">
    <title lang="en">3rd Rock From The Sun</title>
    <desc lang="en">3rd Rock From The Sun.</desc>
  </programme>  

  <channel id="Arrow">
    <display-name lang="en">Arrow</display-name>
    <url>http://www.fixed</url>
  </channel>
  <programme start="20160529000000 +0000" stop="20170529235900 +0000" channel="Arrow">
    <title lang="en">Arrow</title>
    <desc lang="en">Arrow</desc>
  </programme> 

  <channel id="Arrested Development">
    <display-name lang="en">Arrested Development</display-name>
    <url>http://www.fixed</url>
  </channel>
  <programme start="20160529000000 +0000" stop="20170529235900 +0000" channel="Arrested Development">
    <title lang="en">Arrested Development</title>
    <desc lang="en">Arrested Development</desc>
  </programme> 

  <channel id="The Big Bang Theory">
    <display-name lang="en">The Big Bang Theory</display-name>
    <url>http://www.fixed</url>
  </channel>
  <programme start="20160529000000 +0000" stop="20170529235900 +0000" channel="The Big Bang Theory">
    <title lang="en">The Big Bang Theory</title>
    <desc lang="en">The Big Bang Theory.</desc>
  </programme>  

  <channel id="Breaking Bad">
    <display-name lang="en">Breaking Bad</display-name>
    <url>http://www.fixed</url>
  </channel>
  <programme start="20160529000000 +0000" stop="20170529235900 +0000" channel="Breaking Bad">
    <title lang="en">Breaking Bad</title>
    <desc lang="en">Breaking Bad.</desc>
  </programme>  

  <channel id="Cops">
    <display-name lang="en">Cops</display-name>
    <url>http://www.fixed</url>
  </channel>
  <programme start="20160529000000 +0000" stop="20170529235900 +0000" channel="Cops">
    <title lang="en">Cops</title>
    <desc lang="en">Cops.</desc>
  </programme>  

  <channel id="Community">
    <display-name lang="en">Community</display-name>
    <url>http://www.fixed</url>
  </channel>
  <programme start="20160529000000 +0000" stop="20170529235900 +0000" channel="Community">
    <title lang="en">Community</title>
    <desc lang="en">Community</desc>
  </programme>

  <channel id="Criminal Minds">
    <display-name lang="en">Criminal Minds</display-name>
    <url>http://www.fixed</url>
  </channel>
  <programme start="20160529000000 +0000" stop="20170529235900 +0000" channel="Criminal Minds">
    <title lang="en">Criminal Minds</title>
    <desc lang="en">Criminal Minds</desc>
  </programme>  
  

  <channel id="Curb Your Enthusiasm">
    <display-name lang="en">Curb Your Enthusiasm</display-name>
    <url>http://www.fixed</url>
  </channel>
  <programme start="20160529000000 +0000" stop="20170529235900 +0000" channel="Curb Your Enthusiasm">
    <title lang="en">Curb Your Enthusiasm</title>
    <desc lang="en">Curb Your Enthusiasm</desc>
  </programme>  


  <channel id="Eastbound and Down">
    <display-name lang="en">Eastbound and Down</display-name>
    <url>http://www.fixed</url>
  </channel>
  <programme start="20160529000000 +0000" stop="20170529235900 +0000" channel="Eastbound and Down">
    <title lang="en">Eastbound and Down</title>
    <desc lang="en">Eastbound and Down</desc>
  </programme>  


  <channel id="Family Guy">
    <display-name lang="en">Family Guy</display-name>
    <url>http://www.fixed</url>
  </channel>
  <programme start="20160529000000 +0000" stop="20170529235900 +0000" channel="Family Guy">
    <title lang="en">Family Guy</title>
    <desc lang="en">Family Guy</desc>
  </programme>

  <channel id="Hardcore Pawn">
    <display-name lang="en">Hardcore Pawn</display-name>
    <url>http://www.fixed</url>
  </channel>
  <programme start="20160529000000 +0000" stop="20170529235900 +0000" channel="Hardcore Pawn">
    <title lang="en">Hardcore Pawn</title>
    <desc lang="en">Hardcore Pawn.</desc>
  </programme>  
  

  <channel id="Its Always Sunny In Philadelphia">
    <display-name lang="en">Its Always Sunny In Philadelphia</display-name>
    <url>http://www.fixed</url>
  </channel>
  <programme start="20160529000000 +0000" stop="20170529235900 +0000" channel="Its Always Sunny In Philadelphia">
    <title lang="en">Its Always Sunny In Philadelphia</title>
    <desc lang="en">Its Always Sunny In Philadelphia.</desc>
  </programme>  
  
  <channel id="King of the Hill">
    <display-name lang="en">King of the Hill</display-name>
    <url>http://www.fixed</url>
  </channel>
  <programme start="20160529000000 +0000" stop="20170529235900 +0000" channel="King of the Hill">
    <title lang="en">King of the Hill</title>
    <desc lang="en">King of the Hill.</desc>
  </programme>    


   <channel id="Married With Children">
    <display-name lang="en">Married With Children</display-name>
    <url>http://www.fixed</url>
  </channel>
   <programme start="20160529000000 +0000" stop="20170529235900 +0000" channel="Married With Children">
    <title lang="en">Married With Children</title>
    <desc lang="en">Married With Children.</desc>
  </programme> 

  <channel id="The Mentalist">
    <display-name lang="en">The Mentalist</display-name>
    <url>http://www.fixed</url>
  </channel>
  <programme start="20160529000000 +0000" stop="20170529235900 +0000" channel="The Mentalist">
    <title lang="en">The Mentalist</title>
    <desc lang="en">The Mentalist</desc>
  </programme>  
 
  <channel id="The Middle">
    <display-name lang="en">The Middle</display-name>
    <url>http://www.fixed</url>
  </channel>
   <programme start="20160529000000 +0000" stop="20170529235900 +0000" channel="The Middle">
    <title lang="en">The Middle</title>
    <desc lang="en">The Middle.</desc>
  </programme>   
   
  <channel id="Modern Family">
    <display-name lang="en">Modern Family</display-name>
    <url>http://www.fixed</url>
  </channel>
  <programme start="20160529000000 +0000" stop="20170529235900 +0000" channel="Modern Family">
    <title lang="en">Modern Family</title>
    <desc lang="en">Modern Family</desc>
  </programme>  

  <channel id="The Office">
    <display-name lang="en">The Office</display-name>
    <url>http://www.fixed</url>
  </channel>
   <programme start="20160529000000 +0000" stop="20170529235900 +0000" channel="The Office">
    <title lang="en">The Office</title>
    <desc lang="en">The Office.</desc>
  </programme>  
     
  <channel id="Scrubs">
    <display-name lang="en">Scrubs</display-name>
    <url>http://www.fixed</url>
  </channel>
  <programme start="20160529000000 +0000" stop="20170529235900 +0000" channel="Scrubs">
    <title lang="en">Scrubs</title>
    <desc lang="en">Scrubs.</desc>
  </programme>  
   
  <channel id="Seinfeld">
    <display-name lang="en">Seinfeld</display-name>
    <url>http://www.fixed</url>
  </channel>
  <programme start="20160529000000 +0000" stop="20170529235900 +0000" channel="Seinfeld">
    <title lang="en">Seinfeld</title>
    <desc lang="en">Seinfeld.</desc>
  </programme>  
   
  <channel id="The Simpsons">
    <display-name lang="en">The Simpsons</display-name>
    <url>http://www.fixed</url>
  </channel>
  <programme start="20160529000000 +0000" stop="20170529235900 +0000" channel="The Simpsons">
    <title lang="en">The Simpsons</title>
    <desc lang="en">The Simpsons.</desc>
  </programme>   

  <channel id="Star Trek">
    <display-name lang="en">Star Trek</display-name>
    <url>http://www.fixed</url>
  </channel>
  <programme start="20160529000000 +0000" stop="20170529235900 +0000" channel="Star Trek">
    <title lang="en">Star Trek</title>
    <desc lang="en">Star Trek.</desc>
  </programme>  
  
  <channel id="South Park">
    <display-name lang="en">South Park</display-name>
    <url>http://www.fixed</url>
  </channel>
  <programme start="20160529000000 +0000" stop="20170529235900 +0000" channel="South Park">
    <title lang="en">South Park</title>
    <desc lang="en">South Park.</desc>
  </programme>  

  <channel id="The Sopranos">
    <display-name lang="en">The Sopranos</display-name>
    <url>http://www.fixed</url>
  </channel>
   <programme start="20160529000000 +0000" stop="20170529235900 +0000" channel="The Sopranos">
    <title lang="en">The Sopranos</title>
    <desc lang="en">The Sopranos.</desc>
  </programme> 

  <channel id="That 70s Show">
    <display-name lang="en">That 70s Show</display-name>
    <url>http://www.fixed</url>
  </channel>
   <programme start="20160529000000 +0000" stop="20170529235900 +0000" channel="That 70s Show">
    <title lang="en">That 70s Show</title>
    <desc lang="en">That 70s Show.</desc>
  </programme>   
   
  <channel id="Top Gear">
    <display-name lang="en">Top Gear</display-name>
    <url>http://www.fixed</url>
  </channel>
   <programme start="20160529000000 +0000" stop="20170529235900 +0000" channel="Top Gear">
    <title lang="en">Top Gear</title>
    <desc lang="en">Top Gear.</desc>
  </programme> 
  
   <channel id="The Three Stooges">
    <display-name lang="en">The Three Stooges</display-name>
    <url>http://www.fixed</url>
  </channel>
  <programme start="20160529000000 +0000" stop="20170529235900 +0000" channel="The Three Stooges">
    <title lang="en">The Three Stooges</title>
    <desc lang="en">The Three Stooges</desc>
  </programme>  

  <channel id="Trailer Park Boys">
    <display-name lang="en">Trailer Park Boys</display-name>
    <url>http://www.fixed</url>
  </channel>
   <programme start="20160529000000 +0000" stop="20170529235900 +0000" channel="Trailer Park Boys">
    <title lang="en">Trailer Park Boys</title>
    <desc lang="en">Trailer Park Boys.</desc>
  </programme> 

  <channel id="The Walking Dead">
    <display-name lang="en">The Walking Dead</display-name>
    <url>http://www.fixed</url>
  </channel>
  <programme start="20160529000000 +0000" stop="20170529235900 +0000" channel="The Walking Dead">
    <title lang="en">The Walking Dead</title>
    <desc lang="en">The Walking Dead.</desc>
  </programme>  
  

</tv>