<?xml version="1.0" encoding="UTF-8" standalone="yes"?>
<addon id="plugin.video.ntv" name="NTV.mx" version="3.4.6" provider-name="Mikey1234">
  <requires>
    <import addon="xbmc.python" version="2.1.0"/>
  </requires>
  <extension point="xbmc.python.pluginsource" library="default.py">
        <provides>video</provides>
  </extension>
  <extension point="xbmc.addon.metadata">
    <summary lang="en">NTV.mx</summary>
    <description lang="en">Stream all of your favourites sports,movies and live tv from NTV.mx</description>
    <platform>all</platform>
  </extension>
  <extension point="xbmc.service" library="service.py" start="login" />
</addon>
