﻿<?xml version="1.0" encoding="UTF-8" standalone="yes"?>
<addon id="plugin.video.StalkerTv"
       name="[COLOR orange]StalkerTv[/COLOR]"
       version="13.0"
       provider-name="KodiLover and KrAz(Help from Chris Xbmc-King)">
  <requires>
    <import addon="xbmc.python" version="2.1.0"/>
  </requires>
  <extension point="xbmc.python.pluginsource" library="addon.py">
    <provides>video</provides>
  </extension>
  <extension point="xbmc.addon.metadata">
    <summary>StalkerTv</summary>
    <description>
This is my third attempt to make a iptv stalker clone and this is KrAz's second attempt to make a IPTV stalker clone Enjoy. Check out me and KrAz's YouTube Channels Also Big Thanks To KrAz For all The Macs he has Provided to me.
Also Big thanks to Chris Xbmc-King for The Macs He Helped Me Find. So thanks To Everybody who helped me Keep Going.
StalkerTv is Back in Business BABY.ENJOY!!!!
    </description>
    <platform>all</platform>
  </extension>
</addon>