<?xml version="1.0" encoding="UTF-8"?>
<addon id="script.module.pyxbmctmanager" name="PyXBMCt Manager" provider-name="DudeHere" version="0.0.6">
    <requires>
        <import addon="xbmc.python" version="2.1.0" />
        <import addon="script.module.pyxbmct" version="1.1.4" />
    </requires>
    <extension library="lib" point="xbmc.python.module" />
    <extension point="xbmc.addon.metadata">
        <summary lang="en">Mulit-page window wrapper for PyXBMCt.</summary>
    </extension>
</addon>
