<?xml version="1.0" encoding="UTF-8" standalone="yes"?>
<addon id="script.module.autoupdate" name="autoupdate" version="2.0.0" provider-name="Blazetamer">
  <requires>
    <import addon="xbmc.python" version="2.1.0" />
  </requires>
 <extension point="xbmc.python.module" library="lib"/>
    <extension point="xbmc.addon.metadata">
    <summary lang="en">AutoUpdate Add-On at launch</summary>
    <description lang="en">Allows AutoUpdate of Add-on/Repo at time of add-on launch</description>
    <language></language>
    <platform>all</platform>
        <license>GPLv2</license>
        <forum></forum>
        <website>http://cliqaddon.com</website>
        <email>blazetamer@gmail.com</email>
        <source></source>
    </extension>
</addon>