<?xml version="1.0" encoding="UTF-8" standalone="yes"?>
<addon id="plugin.video.dex" name="DexterPro IPTV" version="6.00" provider-name="Pipcan,MikkM">
  <requires>
	<import addon="xbmc.python" version="2.13.0"/>
	<import addon="script.module.addon.common" />
	<import addon="script.module.requests" version="2.3.0"/>
	<import addon="script.skin.helper.service" />
	<import addon="script.module.urlresolver"/>
	<import addon="script.extendedinfo"/>
    <import addon="script.module.beautifulsoup" version="3.0.8" />
    <import addon="script.module.simplejson" version="3.3.0"/>
   </requires>
	<extension point="xbmc.python.pluginsource" library="init.py">
 	<extension point="xbmc.python.script" library="main.py" />
   <provides>video</provides>
  </extension>
  <extension point="xbmc.addon.metadata">
<summary lang="en">Dexter Pro</summary>
<description lang="en">Live TV, Sports, VOD.</description>
<platform>all</platform>
  </extension>
</addon>