<window id="3000">
	<defaultcontrol always="true">9001</defaultcontrol>
	<controls>
		<control type="button" id="9001">
			<description>fixe nav if container 351 is empty</description>
			<posx>-10</posx>
			<posy>-10</posy>
			<width>1</width>
			<height>1</height>
			<font>-</font>
			<label>-</label>
			<texturefocus>-</texturefocus>
			<texturenofocus>-</texturenofocus>
			<onfocus>SetFocus(151)</onfocus>
			<onleft>151</onleft>
			<onright>151</onright>
			<onup>151</onup>
			<ondown>151</ondown>
			<visible>StringCompare(Container(351).NumItems,0)</visible>
		</control>
		<control type="button" id="9001">
			<description>fixe nav if container 351 has items</description>
			<posx>-10</posx>
			<posy>-10</posy>
			<width>1</width>
			<height>1</height>
			<font>-</font>
			<label>-</label>
			<texturefocus>-</texturefocus>
			<texturenofocus>-</texturenofocus>
			<onfocus>SetFocus(351)</onfocus>
			<onleft>351</onleft>
			<onright>351</onright>
			<onup>351</onup>
			<ondown>351</ondown>
			<visible>!StringCompare(Container(351).NumItems,0)</visible>
		</control>
		<control type="group">
			<visible>!Window.IsVisible(script-MovieSets-Browser.xml)</visible>
			<animation effect="fade" time="300">Visible</animation>
			<animation effect="fade" time="300">Hidden</animation>
			<animation effect="slide" end="0,20" time="0" condition="Window.IsVisible(Home)">Conditional</animation>
			<posx>90</posx>
			<posy>30</posy>
			<animation type="WindowOpen" reversible="false">
				<effect type="zoom" start="80" end="100" center="640,360" easing="out" tween="back" time="300" />
				<effect type="fade" start="0" end="100" time="300" />
			</animation>
			<animation type="WindowClose" reversible="false">
				<effect type="zoom" start="100" end="80" center="640,360" easing="in" tween="back" time="300" />
				<effect type="fade" start="100" end="0" time="300" />
			</animation>
			<control type="image">
				<description>background image</description>
				<posx>5</posx>
				<posy>5</posy>
				<width>1090</width>
				<height>630</height>
				<texture border="40">sets-DialogBack.png</texture>
			</control>
			<control type="image">
				<description>background image</description>
				<posx>20</posx>
				<posy>20</posy>
				<width>1060</width>
				<height>600</height>
				<aspectratio>scale</aspectratio>
				<texture>special://home/addons/script.moviesets/fanart.jpg</texture>
				<colordiffuse>FF505050</colordiffuse>
			</control>
			<control type="image">
				<description>Dialog Header image</description>
				<posx>50</posx>
				<posy>16</posy>
				<width>1000</width>
				<height>40</height>
				<texture>sets-dialogheader.png</texture>
			</control>
			<control type="label">
				<description>header label</description>
				<posx>50</posx>
				<posy>20</posy>
				<width>1000</width>
				<height>30</height>
				<font>font13_title</font>
				<label>Movie Sets Manager</label>
				<align>center</align>
				<aligny>center</aligny>
				<textcolor>FFEB9E17</textcolor>
				<shadowcolor>FF000000</shadowcolor>
			</control>
			<control type="button">
				<description>Close Window button</description>
				<posx>1000</posx>
				<posy>15</posy>
				<width>64</width>
				<height>32</height>
				<label>-</label>
				<font>-</font>
				<onclick>PreviousMenu</onclick>
				<texturefocus>sets-DialogCloseButton-focus.png</texturefocus>
				<texturenofocus>sets-DialogCloseButton.png</texturenofocus>
				<onleft>3</onleft>
				<onright>3</onright>
				<onup>3</onup>
				<ondown>3</ondown>
				<visible>system.getbool(input.enablemouse)</visible>
			</control>

			<control type="group">
				<description>Container of Movie Sets</description>
				<visible>StringCompare(Container(351).NumItems,0)</visible>
				<animation type="Visible">
					<effect type="zoom" start="24,22" end="100" center="534,612" time="500" easing="out" tween="back" />
					<effect effect="fade" time="500" />
				</animation>
				<animation type="Hidden">
					<effect type="zoom" start="100" end="24,22" center="534,612" time="500" />
					<effect effect="fade" time="500" />
				</animation>
				<control type="list" id="151">
					<posx>30</posx>
					<posy>67</posy>
					<width>510</width>
					<height>506</height>
					<onup>151</onup>
					<ondown>151</ondown>
					<onleft>61</onleft>
					<onright>251</onright>
					<pagecontrol>61</pagecontrol>
					<scrolltime>200</scrolltime>
					<itemlayout height="46" width="510">
						<control type="image">
							<posx>0</posx>
							<posy>0</posy>
							<width>510</width>
							<height>40</height>
							<texture border="5">sets-button-nofocus.png</texture>
						</control>
						<control type="label">
							<posx>20</posx>
							<posy>0</posy>
							<width>470</width>
							<height>40</height>
							<font>font13</font>
							<textcolor>FF999999</textcolor>
							<selectedcolor>FFEB9E17</selectedcolor>
							<align>left</align>
							<aligny>center</aligny>
							<label>$INFO[ListItem.Label]</label>
						</control>
						<control type="label">
							<posx>490</posx>
							<posy>0</posy>
							<width>470</width>
							<height>40</height>
							<font>font12</font>
							<textcolor>FF999999</textcolor>
							<selectedcolor>FFEB9E17</selectedcolor>
							<align>right</align>
							<aligny>center</aligny>
							<label>$INFO[ListItem.Property(TotalMovies)]</label>
						</control>
					</itemlayout>
					<focusedlayout height="46" width="510">
						<control type="image">
							<posx>0</posx>
							<posy>0</posy>
							<width>510</width>
							<height>40</height>
							<texture border="5">sets-button-focus2.png</texture>
							<animation effect="fade" start="100" end="30" time="100" condition="!Control.HasFocus(151)">Conditional</animation>
						</control>
						<control type="label">
							<posx>20</posx>
							<posy>0</posy>
							<width>470</width>
							<height>40</height>
							<font>font13</font>
							<textcolor>FFFFFFFF</textcolor>
							<selectedcolor>FFEB9E17</selectedcolor>
							<align>left</align>
							<aligny>center</aligny>
							<label>$INFO[ListItem.Label]</label>
						</control>
						<control type="label">
							<posx>490</posx>
							<posy>0</posy>
							<width>470</width>
							<height>40</height>
							<font>font12</font>
							<textcolor>FF999999</textcolor>
							<selectedcolor>FFEB9E17</selectedcolor>
							<align>right</align>
							<aligny>center</aligny>
							<label>$INFO[ListItem.Property(TotalMovies)]</label>
						</control>
					</focusedlayout>
				</control>
				<control type="spincontrol" id="61">
					<description>Next page button</description>
					<posx>30</posx>
					<posy>590</posy>
					<subtype>page</subtype>
					<font>-</font>
					<onup>151</onup>
					<ondown>151</ondown>
					<!-- hack flipping control-->
					<onleft>Right</onleft>
					<onright>Left</onright>
					<textcolor>-</textcolor>
					<width>33</width>
					<height>22</height>
					<reverse>yes</reverse>
					<textureup>sets-scroll-up-2.png</textureup>
					<texturedown>sets-scroll-down-2.png</texturedown>
					<textureupfocus>sets-scroll-up-focus-2.png</textureupfocus>
					<texturedownfocus>sets-scroll-down-focus-2.png</texturedownfocus>
					<pulseonselect>no</pulseonselect>
					<showonepage>true</showonepage>
					<animation condition="true" type="Conditional" reversible="false">
						<effect type="rotatey" end="180" center="30,0" time="0" />
						<effect type="slide" end="-66" time="0" />
					</animation>
				</control>
				<control type="label">
					<description>number of files/pages in list text label</description>
					<posx>106</posx>
					<posy>582</posy>
					<width>300</width>
					<height>35</height>
					<font>font12</font>
					<align>left</align>
					<aligny>center</aligny>
					<scroll>true</scroll>
					<textcolor>FFb4b4b4</textcolor>
					<label>([COLOR=FF0084ff]$INFO[Container(151).CurrentPage]/$INFO[Container(151).NumPages][/COLOR]) $LOCALIZE[31024] - Sets ([COLOR=FF0084ff]$INFO[Container(151).NumItems][/COLOR])</label>
				</control>
			</control>

			<control type="group">
				<description>Fanart/Icon of current MovieSet selected/focused</description>
				<posx>549</posx>
				<posy>60</posy>
				<control type="image">
					<description>Seperator</description>
					<posx>0</posx>
					<posy>0</posy>
					<width>5</width>
					<height>555</height>
					<texture>sets-separator_vertical.png</texture>
				</control>
				<control type="image">
					<description>Current Fanart image</description>
					<posx>10</posx>
					<posy>7</posy>
					<width>510</width>
					<height>224</height>
					<texture fallback="sets-Fanart_Fallback_Small.jpg" background="true">$INFO[Container(151).ListItem.Property(Fanart_Image)]</texture>
					<bordertexture border="5">sets-button-nofocus.png</bordertexture>
					<bordersize>4</bordersize>
					<aspectratio>scale</aspectratio>
					<fadetime>500</fadetime>
				</control>
				<control type="image">
					<description>Current Icon image</description>
					<posx>10</posx>
					<posy>19</posy>
					<width>500</width>
					<height>200</height>
					<texture background="true">$INFO[Container(151).ListItem.Icon]</texture>
					<bordertexture border="3">sets-button-nofocus.png</bordertexture>
					<bordersize>2</bordersize>
					<aspectratio align="right">keep</aspectratio>
					<fadetime>400</fadetime>
				</control>
			</control>

			<control type="group">
				<description>Container of Movies in current MovieSet selected/focused</description>
				<control type="list" id="251">
					<posx>559</posx>
					<posy>297</posy>
					<width>510</width>
					<height>276</height>
					<onup>251</onup>
					<ondown>251</ondown>
					<onleft>9001</onleft>
					<onright>62</onright>
					<pagecontrol>62</pagecontrol>
					<scrolltime>200</scrolltime>
					<itemlayout height="46" width="510">
						<control type="image">
							<posx>0</posx>
							<posy>0</posy>
							<width>510</width>
							<height>40</height>
							<texture border="5">sets-button-nofocus.png</texture>
						</control>
						<control type="label">
							<posx>20</posx>
							<posy>0</posy>
							<width>470</width>
							<height>40</height>
							<font>font13</font>
							<textcolor>FF999999</textcolor>
							<selectedcolor>FFEB9E17</selectedcolor>
							<align>left</align>
							<aligny>center</aligny>
							<label>$INFO[ListItem.Label]</label>
						</control>
					</itemlayout>
					<focusedlayout height="46" width="510">
						<control type="image">
							<posx>0</posx>
							<posy>0</posy>
							<width>510</width>
							<height>40</height>
							<texture border="5">sets-button-nofocus.png</texture>
							<visible>!Control.HasFocus(251)</visible>
							<animation effect="fade" time="300">Visible</animation>
							<animation effect="fade" time="300">Hidden</animation>
						</control>
						<control type="image">
							<posx>0</posx>
							<posy>0</posy>
							<width>510</width>
							<height>40</height>
							<texture border="5">sets-button-focus2.png</texture>
							<visible>Control.HasFocus(251)</visible>
						</control>
						<control type="label">
							<posx>20</posx>
							<posy>0</posy>
							<width>470</width>
							<height>40</height>
							<font>font13</font>
							<textcolor>FFFFFFFF</textcolor>
							<selectedcolor>FFEB9E17</selectedcolor>
							<align>left</align>
							<aligny>center</aligny>
							<label>$INFO[ListItem.Label]</label>
						</control>
					</focusedlayout>
				</control>
				<control type="spincontrol" id="62">
					<description>Next page button</description>
					<posx>1003</posx>
					<posy>590</posy>
					<subtype>page</subtype>
					<font>-</font>
					<onup>251</onup>
					<ondown>251</ondown>
					<onleft>62</onleft>
					<onright>62</onright>
					<textcolor>-</textcolor>
					<width>33</width>
					<height>22</height>
					<reverse>yes</reverse>
					<textureup>sets-scroll-up-2.png</textureup>
					<texturedown>sets-scroll-down-2.png</texturedown>
					<textureupfocus>sets-scroll-up-focus-2.png</textureupfocus>
					<texturedownfocus>sets-scroll-down-focus-2.png</texturedownfocus>
					<pulseonselect>no</pulseonselect>
					<showonepage>true</showonepage>
				</control>
				<control type="label">
					<description>number of files/pages in list text label</description>
					<posx>993</posx>
					<posy>582</posy>
					<width>300</width>
					<height>35</height>
					<font>font12</font>
					<align>right</align>
					<aligny>center</aligny>
					<scroll>true</scroll>
					<textcolor>FFb4b4b4</textcolor>
					<label>([COLOR=FF0084ff]$INFO[Container(251).NumItems][/COLOR]) Movies - $LOCALIZE[31024] ([COLOR=FF0084ff]$INFO[Container(251).CurrentPage]/$INFO[Container(251).NumPages][/COLOR])</label>
				</control>
			</control>

			<control type="group">
				<description>Container of All Movies ( Used For Add Movie in Set )</description>
				<visible>!StringCompare(Container(351).NumItems,0)</visible>
				<animation type="Visible">
					<effect type="zoom" start="24,22" end="100" center="534,612" time="500" easing="out" tween="back" />
					<effect effect="fade" time="500" />
				</animation>
				<animation type="Hidden">
					<effect type="zoom" start="100" end="24,22" center="534,612" time="500" />
					<effect effect="fade" time="500" />
				</animation>
				<control type="list" id="351">
					<posx>30</posx>
					<posy>67</posy>
					<width>510</width>
					<height>506</height>
					<onup>351</onup>
					<ondown>351</ondown>
					<onleft>63</onleft>
					<onright>64</onright>
					<pagecontrol>63</pagecontrol>
					<scrolltime>200</scrolltime>
					<itemlayout height="46" width="510">
						<control type="image">
							<posx>0</posx>
							<posy>0</posy>
							<width>510</width>
							<height>40</height>
							<texture border="5">sets-button-nofocus.png</texture>
						</control>
						<control type="label">
							<posx>20</posx>
							<posy>0</posy>
							<width>470</width>
							<height>40</height>
							<font>font13</font>
							<textcolor>FF999999</textcolor>
							<selectedcolor>FFEB9E17</selectedcolor>
							<align>left</align>
							<aligny>center</aligny>
							<label>$INFO[ListItem.Label]</label>
						</control>
						<control type="image">
							<posx>475</posx>
							<posy>8</posy>
							<width>24</width>
							<height>24</height>
							<texture>sets-radiobutton-nofocus.png</texture>
							<visible>IsEmpty(ListItem.Property(SetHasMovie))</visible>
						</control>
						<control type="image">
							<posx>475</posx>
							<posy>8</posy>
							<width>24</width>
							<height>24</height>
							<texture>sets-radiobutton-focus.png</texture>
							<visible>!IsEmpty(ListItem.Property(SetHasMovie))</visible>
						</control>
					</itemlayout>
					<focusedlayout height="46" width="510">
						<control type="image">
							<posx>0</posx>
							<posy>0</posy>
							<width>510</width>
							<height>40</height>
							<texture border="5">sets-button-nofocus.png</texture>
							<visible>!Control.HasFocus(351)</visible>
							<animation effect="fade" time="300">Visible</animation>
							<animation effect="fade" time="300">Hidden</animation>
						</control>
						<control type="image">
							<posx>0</posx>
							<posy>0</posy>
							<width>510</width>
							<height>40</height>
							<texture border="5">sets-button-focus2.png</texture>
							<visible>Control.HasFocus(351)</visible>
							<animation effect="fade" time="300">Visible</animation>
							<animation effect="fade" time="300">Hidden</animation>
						</control>
						<control type="label">
							<posx>20</posx>
							<posy>0</posy>
							<width>470</width>
							<height>40</height>
							<font>font13</font>
							<textcolor>FFFFFFFF</textcolor>
							<selectedcolor>FFEB9E17</selectedcolor>
							<align>left</align>
							<aligny>center</aligny>
							<label>$INFO[ListItem.Label]</label>
						</control>
						<control type="image">
							<posx>475</posx>
							<posy>8</posy>
							<width>24</width>
							<height>24</height>
							<texture>sets-radiobutton-nofocus.png</texture>
							<visible>IsEmpty(ListItem.Property(SetHasMovie))</visible>
						</control>
						<control type="image">
							<posx>475</posx>
							<posy>8</posy>
							<width>24</width>
							<height>24</height>
							<texture>sets-radiobutton-focus.png</texture>
							<visible>!IsEmpty(ListItem.Property(SetHasMovie))</visible>
						</control>
					</focusedlayout>
				</control>
				<control type="spincontrol" id="63">
					<description>Next page button</description>
					<posx>30</posx>
					<posy>590</posy>
					<subtype>page</subtype>
					<font>-</font>
					<onup>351</onup>
					<ondown>351</ondown>
					<!-- hack flipping control-->
					<onleft>Right</onleft>
					<onright>Left</onright>
					<textcolor>-</textcolor>
					<width>33</width>
					<height>22</height>
					<reverse>yes</reverse>
					<textureup>sets-scroll-up-2.png</textureup>
					<texturedown>sets-scroll-down-2.png</texturedown>
					<textureupfocus>sets-scroll-up-focus-2.png</textureupfocus>
					<texturedownfocus>sets-scroll-down-focus-2.png</texturedownfocus>
					<pulseonselect>no</pulseonselect>
					<showonepage>true</showonepage>
					<animation condition="true" type="Conditional" reversible="false">
						<effect type="rotatey" end="180" center="30,0" time="0" />
						<effect type="slide" end="-66" time="0" />
					</animation>
				</control>
				<control type="label">
					<description>number of files/pages in list text label</description>
					<posx>106</posx>
					<posy>582</posy>
					<width>300</width>
					<height>35</height>
					<font>font12</font>
					<align>left</align>
					<aligny>center</aligny>
					<scroll>true</scroll>
					<textcolor>FFb4b4b4</textcolor>
					<label>([COLOR=FF0084ff]$INFO[Container(351).CurrentPage]/$INFO[Container(351).NumPages][/COLOR]) $LOCALIZE[31024] - Movies ([COLOR=FF0084ff]$INFO[Container(351).NumItems][/COLOR])</label>
				</control>
			</control>
			<control type="group">
				<posx>510</posx>
				<posy>590</posy>
				<visible>!StringCompare(Container(351).NumItems,0)</visible>
				<animation effect="fade" time="400">Visible</animation>
				<animation effect="fade" time="400">Hidden</animation>
				<control type="button" id="64">
					<description>return to container movieset</description>
					<posx>0</posx>
					<posy>0</posy>
					<width>24</width>
					<height>22</height>
					<texturenofocus flipy="true">sets-GoFullscreen.png</texturenofocus>
					<texturefocus>-</texturefocus>
					<label>-</label>
					<onclick>ParentDir</onclick>
					<onclick>SetFocus(151)</onclick>
					<onup>351</onup>
					<ondown>351</ondown>
					<onleft>63</onleft>
					<onright>351</onright>
				</control>
				<control type="image">
					<posx>0</posx>
					<posy>0</posy>
					<width>24</width>
					<height>22</height>
					<texture flipx="true">sets-GoFullscreen.png</texture>
					<colordiffuse>FF0084ff</colordiffuse>
					<visible>Control.HasFocus(64)</visible>
				</control>
			</control>
		</control>
	</controls>
</window>
