<?xml version="1.0" encoding="UTF-8"?>
<addon
  id="audiodecoder.ym"
  version="1.0.2"
  name="YM Audio Decoder"
  provider-name="spiff">
  <requires>
    <import addon="kodi.audiodecoder" version="1.0.0"/>
  </requires>
  <extension
    point="kodi.audiodecoder"
    name="ym"
    extension=".ym"
    tags="true"
    library_android="libaudiodecoder.stsound.so"/>
  <extension point="xbmc.addon.metadata">
    <summary lang="en">YM (spectrum) Audio Decoder</summary>
    <description lang="en">YM (spectrum) Audio Decoder</description>
    <platform>android</platform>
  </extension>
</addon>
