<?xml version="1.0" encoding="utf-8"?>
<!-- Menu Tab MOD-->
<window type="dialog">

	<allowoverlay>no</allowoverlay>
	<defaultcontrol always="true">40044</defaultcontrol>
	<!--<defaultcontrol always="true">4005</defaultcontrol>-->
	
	<coordinates>
		<system>1</system>
		<posx>0</posx>
		<posy>-33</posy>
		<!--<posx>0</posx>
		<posy>-250</posy>-->
	</coordinates>
    <controls>
    
		<control type="image">
			<posx>49</posx>
			<posy>288</posy>
			<width>1181</width>
			<height>36</height>
			<texture>top_border.png</texture>	
			<animation type="WindowOpen">
				<effect type="fade" start="0" end="100" time="500" tween="sine" easing="out"/>
				<effect type="slide" start="0,20" end="0,0" time="300"/>
			</animation>
			<animation type="WindowClose">
				<effect type="fade" start="100" end="0" time="100" tween="sine" easing="out"/>
				<effect type="slide" start="0,0" end="0,20" time="300"/>
			</animation>
		</control>	
			
		<!-- ----------- Logo ----------- -->
        <control type="image" id="4100">
            <posx>320</posx>
            <posy>50</posy>
            <width>240</width>
            <height>80</height>
            <aspectratio>keep</aspectratio>
			<visible>false</visible>
        </control>
        
		<!-- ----------- Title ----------- -->
        <control type="label" id="4101">
            <posx>320</posx>
            <posy>50</posy>
            <width>240</width>
            <height>30</height>
            <align>center</align>
            <font>font15</font>
            <textcolor>ffffffff</textcolor>       
			<visible>false</visible>
        </control>
        
        
        
		<!-- ----------- Close Menu 40044----------- -->
        <control type="button" id="40044">
            <posx>50</posx>
            <posy>293</posy>
            <width>20</width>
            <height>20</height>
			<aspectratio>scale</aspectratio>
            <texturefocus>menu-grey-focus.png</texturefocus>
            <texturenofocus>menu-grey.png</texturenofocus>
            <onup>4001</onup>
            <ondown>4001</ondown>
			<onright>4005</onright>
            <label></label>
			<visible>true</visible>				
			<animation type="WindowOpen">
				<effect type="fade" start="0" end="100" time="500" tween="sine" easing="out"/>
				<effect type="slide" start="0,20" end="0,0" time="300"/>
			</animation>
			<animation type="WindowClose">
				<effect type="fade" start="100" end="0" time="300" tween="sine" easing="out"/>
				<effect type="slide" start="0,0" end="0,20" time="300"/>
			</animation>
        </control>
		<control type="image">
			<posx>50</posx>
			<posy>293</posy>
			<width>20</width>
			<height>20</height>
			<aspectratio>scale</aspectratio>
			<texture>exit.png</texture>
			<visible>true</visible>				
			<animation type="WindowOpen">
				<effect type="fade" start="0" end="100" time="500" tween="sine" easing="out"/>
				<effect type="slide" start="0,20" end="0,0" time="300"/>
			</animation>
			<animation type="WindowClose">
				<effect type="fade" start="100" end="0" time="300" tween="sine" easing="out"/>
				<effect type="slide" start="0,0" end="0,20" time="300"/>
			</animation>
		</control>
		

        <!-- Watch Stream -->
		<!-- ----------- Watch not used ----------- -->
        <control type="button" id="4000">
            <posx>40</posx>
            <posy>253</posy>
            <width>200</width>
            <height>28</height>
            <!--<texturefocus>tvguide-program-menu-focus.png</texturefocus>
            <texturenofocus></texturenofocus>-->
            <texturefocus>menu-grey-focus.png</texturefocus>
            <texturenofocus>menu-grey.png</texturenofocus>
			<onup>4004</onup>
            <onright>4001</onright>
			<onleft>4005</onleft>
			<ondown>4004</ondown>
            <align>center</align>
            <font>font12</font>>
			<!--<wrapmultiline>true</wrapmultiline>-->	
			<visible>false</visible>
			<animation type="WindowOpen">
				<effect type="fade" start="0" end="100" time="500" tween="sine" easing="out"/>
				<effect type="slide" start="0,20" end="0,0" time="300"/>
			</animation>
			<animation type="WindowClose">
				<effect type="fade" start="100" end="0" time="300" tween="sine" easing="out"/>
				<effect type="slide" start="0,0" end="0,20" time="300"/>
			</animation>
        </control>

		
		

		<!-- ----------- Categories previously 4005 ----------- -->
		<control type="button" id="40055">
            <posx>80</posx>
            <posy>293</posy>
            <width>100</width>
            <height>28</height>
            <texturefocus>tvguide-program-menu-focus.png</texturefocus>
            <texturenofocus></texturenofocus>
			<onup>4004</onup>
            <onleft>4004</onleft>
            <onright>4000</onright>
			<ondown>4004</ondown>
            <align>center</align>
            <font>font12</font>
			<textcolor>ffffffff</textcolor>
			<label>Categories</label>
			<visible>true</visible>			
           <onclick>RunScript(special://home/addons/Andy.plugin.program.Guide/guideTypes.py)</onclick>
			<animation type="WindowOpen">
				<effect type="fade" start="0" end="100" time="500" tween="sine" easing="out"/>
				<effect type="slide" start="0,20" end="0,0" time="300"/>
			</animation>
			<animation type="WindowClose">
				<effect type="fade" start="100" end="0" time="300" tween="sine" easing="out"/>
				<effect type="slide" start="0,0" end="0,20" time="300"/>
			</animation>
        </control>
 
 

 		<!-- ----------- watch from beginning ----------- -->
		<control type="button" id="4005">
            <posx>190</posx>
            <posy>293</posy>
            <width>190</width>
            <height>28</height>
       <!--<texturefocus>menu-grey-focus.png</texturefocus>
       <texturenofocus>menu-grey.png</texturenofocus>-->
            <texturefocus>tvguide-program-menu-focus.png</texturefocus>
            <texturenofocus></texturenofocus>
			<onup>4004</onup>
            <onleft>4004</onleft>
            <onright>4000</onright>
			<ondown>4004</ondown>
            <align>center</align>
            <font>font12</font>
			<textcolor>ffffffff</textcolor>
			<label>Watch from beginning</label>
			<visible>true</visible>			
           <onclick>RunScript(special://home/addons/Andy.plugin.program.Guide/guideTypes.py)</onclick>
			<animation type="WindowOpen">
				<effect type="fade" start="0" end="100" time="500" tween="sine" easing="out"/>
				<effect type="slide" start="0,20" end="0,0" time="300"/>
			</animation>
			<animation type="WindowClose">
				<effect type="fade" start="100" end="0" time="300" tween="sine" easing="out"/>
				<effect type="slide" start="0,0" end="0,20" time="300"/>
			</animation>
        </control>

	       
		<!-- ----------- Remind Text ----------- -->
        <control type="label" id="4102">
            <posx>830</posx>
            <posy>50</posy>
            <width>240</width>
            <height>30</height>
            <align>center</align>
            <font>font12</font>
            <textcolor>ffffc600</textcolor>
			<visible>false</visible>
        </control>
		<!-- ----------- Remind Text ----------- -->
        <control type="label" id="4102">
            <posx>480</posx>
            <posy>329</posy>
            <width>323</width>
            <height>30</height>
            <align>center</align>
            <font>font12</font>
            <textcolor>ffffc600</textcolor>
			<scroll>true</scroll>
            <visible>[Control.HasFocus(4000) | Control.HasFocus(4002)]</visible>
			<visible>false</visible>
        </control>
		<!-- ----------- Remind ----------- -->
        <control type="button" id="4002">
            <posx>385</posx>
            <posy>293</posy>
            <width>120</width>
            <height>28</height>
            <texturefocus>tvguide-program-menu-focus.png</texturefocus>
            <texturenofocus></texturenofocus>
			<onup>4004</onup>
            <onleft>4001</onleft>
            <onright>4011</onright>
			<ondown>4004</ondown>
            <align>center</align>
            <font>font12</font>
            <textcolor>ffffffff</textcolor>
            <label>Remind</label>
			<animation type="WindowOpen">
				<effect type="fade" start="0" end="100" time="500" tween="sine" easing="out"/>
				<effect type="slide" start="0,20" end="0,0" time="300"/>
			</animation>
			<animation type="WindowClose">
				<effect type="fade" start="100" end="0" time="300" tween="sine" easing="out"/>
				<effect type="slide" start="0,0" end="0,20" time="300"/>
			</animation>
        </control>
        
        
        
        		
		<!-- ----------- Choose/Remove Stream ----------- -->
        <control type="button" id="4001">
            <posx>500</posx>
            <posy>293</posy>
            <width>150</width>
            <height>28</height>
            <texturefocus>tvguide-program-menu-focus.png</texturefocus>
            <texturenofocus></texturenofocus>
			<onup>4004</onup>
			<ondown>4004</ondown>
            <onright>4002</onright>
			<!--<onleft>4000</onleft>-->
            <align>center</align>
            <font>font12</font>
            <textcolor>ffffffff</textcolor>			
            <label>$ADDON[Andy.plugin.program.Guide 30304]</label>
			<visible>true</visible>
			<animation type="WindowOpen">
				<effect type="fade" start="0" end="100" time="500" tween="sine" easing="out"/>
				<effect type="slide" start="0,20" end="0,0" time="300"/>
			</animation>
			<animation type="WindowClose">
				<effect type="fade" start="100" end="0" time="300" tween="sine" easing="out"/>
				<effect type="slide" start="0,0" end="0,20" time="300"/>
			</animation>
        </control>
        <control type="label">
            <posx>500</posx>
            <posy>293</posy>
            <width>150</width>
            <height>28</height>
            <font>font12</font>
            <textcolor>ffffffff</textcolor>
            <align>center</align>			
            <label>$ADDON[Andy.plugin.program.Guide 30305]</label>
            <wrapmultiline>true</wrapmultiline>
			<visible>true</visible>
        </control>
        

        
        
		<!-- ----------- My Recordings not used ----------- -->
		<!--
		<control type="button" id="4011">
            <posx>675</posx>
            <posy>293</posy>
            <width>137</width>
            <height>28</height>
            <texturefocus>tvguide-program-menu-focus.png</texturefocus>
            <texturenofocus></texturenofocus>
			<onup>4004</onup>
            <onleft>4002</onleft>
            <onright>4003</onright>
			<ondown>4004</ondown>
            <align>center</align>
            <font>font12</font>
            <textcolor>ffffffff</textcolor>
			<label>$ADDON[Andy.plugin.program.Guide 30319]</label>
			<visible>true</visible>
			<animation type="WindowOpen">
				<effect type="fade" start="0" end="100" time="500" tween="sine" easing="out"/>
				<effect type="slide" start="0,20" end="0,0" time="300"/>
			</animation>
			<animation type="WindowClose">
				<effect type="fade" start="100" end="0" time="300" tween="sine" easing="out"/>
				<effect type="slide" start="0,0" end="0,20" time="300"/>
			</animation>
        </control>
        -->
        
		<!-- ----------- Channels ----------- -->
		<control type="button" id="4003">
            <!--<posx>817</posx>
            <posy>293</posy>-->
            <posx>650</posx>
            <posy>293</posy>
            <width>100</width>
            <height>28</height>
            <texturefocus>tvguide-program-menu-focus.png</texturefocus>
            <texturenofocus></texturenofocus>
			<onup>4004</onup>
            <onleft>4011</onleft>
            <onright>4007</onright>
			<ondown>4004</ondown>
            <align>center</align>
            <font>font12</font>
            <textcolor>ffffffff</textcolor>
			<label>$ADDON[Andy.plugin.program.Guide 30307]</label>
			<visible>true</visible>
			<animation type="WindowOpen">
				<effect type="fade" start="0" end="100" time="500" tween="sine" easing="out"/>
				<effect type="slide" start="0,20" end="0,0" time="300"/>
			</animation>
			<animation type="WindowClose">
				<effect type="fade" start="100" end="0" time="300" tween="sine" easing="out"/>
				<effect type="slide" start="0,0" end="0,20" time="300"/>
			</animation>
        </control>
        

		
		<!-- ----------- Settings ----------- -->
		<control type="button" id="4007">
            <!--<posx>959</posx>
            <posy>293</posy>-->
            <posx>750</posx>
            <posy>293</posy>
            <width>100</width>
            <height>28</height>
            <texturefocus>tvguide-program-menu-focus.png</texturefocus>
            <texturenofocus></texturenofocus>
			<onup>4004</onup>
            <onleft>4003</onleft>
            <onright>4009</onright>
			<ondown>4004</ondown>
            <align>center</align>
            <font>font12</font>
            <textcolor>ffffffff</textcolor>
			<label>Settings</label>
            <onclick>Addon.OpenSettings(Andy.plugin.program.Guide)</onclick>
			<animation type="WindowOpen">
				<effect type="fade" start="0" end="100" time="500" tween="sine" easing="out"/>
				<effect type="slide" start="0,20" end="0,0" time="300"/>
			</animation>
			<animation type="WindowClose">
				<effect type="fade" start="100" end="0" time="300" tween="sine" easing="out"/>
				<effect type="slide" start="0,0" end="0,20" time="300"/>
			</animation>
        </control>
        
        		
        		



	    <!-- ----------- Clean Cache ----------- -->
		<!--<control type="button" id="40099">-->
		<control type="button" id="30033">
            <posx>850</posx>
            <posy>293</posy>
            <width>28</width>
            <height>28</height>
            <onclick>RunScript(special://home/addons/Andy.plugin.program.Guide/resources/Clear_Cache.py)</onclick>
            <texturefocus>clean.png</texturefocus>
            <texturenofocus>clean.png</texturenofocus>
			<onup>4004</onup>
            <onleft>4007</onleft>
            <onright>4004</onright>
			<ondown>4004</ondown>
            <align>center</align>
            <font>font12</font>
            <textcolor>ffffffff</textcolor>
            <label></label>
			<animation type="WindowOpen">
				<effect type="fade" start="0" end="100" time="500" tween="sine" easing="out"/>
				<effect type="slide" start="0,20" end="0,0" time="300"/>
			</animation>
			<animation type="WindowClose">
				<effect type="fade" start="100" end="0" time="300" tween="sine" easing="out"/>
				<effect type="slide" start="0,0" end="0,20" time="300"/>
			</animation>
        </control>	


	    <!-- ----------- Fireplace ----------- -->
		<control type="button" id="30021">
            <posx>900</posx>
            <posy>293</posy>
            <width>28</width>
            <height>28</height>
			<onup>4004</onup>
            <onleft>4007</onleft>
            <onright>4004</onright>
			<ondown>4004</ondown>
            <align>center</align>
            <font>font12</font>
            <textcolor>ffffffff</textcolor>
            <label></label>
            <texturefocus>fire.png</texturefocus>
            <texturenofocus>fire.png</texturenofocus>
            <onclick>PlayMedia(&quot;plugin://plugin.video.youtube/play/?video_id=ABchBDajyw8&quot;)</onclick>
			<animation type="WindowOpen">
				<effect type="fade" start="0" end="100" time="500" tween="sine" easing="out"/>
				<effect type="slide" start="0,20" end="0,0" time="300"/>
			</animation>
			<animation type="WindowClose">
				<effect type="fade" start="100" end="0" time="300" tween="sine" easing="out"/>
				<effect type="slide" start="0,0" end="0,20" time="300"/>
			</animation>
        </control>	
	

		
	    <!-- ----------- video addons----------- -->
		<control type="button" id="30037">
            <posx>950</posx>
            <posy>293</posy>
            <width>28</width>
            <height>28</height>
            <texturefocus>icon-tv.png</texturefocus>
            <texturenofocus>icon-tv.png</texturenofocus>
            <onclick>ActivateWindow(Videos, Addons, return)</onclick>
			<onup>4004</onup>
            <onleft>4007</onleft>
            <onright>4004</onright>
			<ondown>4004</ondown>
            <align>center</align>
            <font>font12</font>
            <textcolor>ffffffff</textcolor>
            <label></label>
			<animation type="WindowOpen">
				<effect type="fade" start="0" end="100" time="500" tween="sine" easing="out"/>
				<effect type="slide" start="0,20" end="0,0" time="300"/>
			</animation>
			<animation type="WindowClose">
				<effect type="fade" start="100" end="0" time="300" tween="sine" easing="out"/>
				<effect type="slide" start="0,0" end="0,20" time="300"/>
			</animation>
        </control>	
		
		
	    <!-- ----------- playlist ----------- -->
		<control type="button" id="30038">
            <posx>1000</posx>
            <posy>293</posy>
            <width>28</width>
            <height>28</height>
            <texturefocus>channels.png</texturefocus>
            <texturenofocus>channels.png</texturenofocus>
            <!--<onclick>ActivateWindow(10025,&quot;plugin://plugin.video.VidTime/?mode=USTV%20RIGHT%20NOW&quot;,return)</onclick>--> 
            <!--<onclick>ActivateWindow(10025,&quot;special://profile/playlists/video/iptv.m3u&quot;,return)</onclick>-->
            <onclick>ActivateWindow(10025,&quot;special://profile/addon_data/Andy.plugin.program.Guide/&quot;,return)</onclick>
			<onup>4004</onup>
            <onleft>4007</onleft>
            <onright>4004</onright>
			<ondown>4004</ondown>
            <align>center</align>
            <font>font12</font>
            <textcolor>ffffffff</textcolor>
            <label></label>
			<animation type="WindowOpen">
				<effect type="fade" start="0" end="100" time="500" tween="sine" easing="out"/>
				<effect type="slide" start="0,20" end="0,0" time="300"/>
			</animation>
			<animation type="WindowClose">
				<effect type="fade" start="100" end="0" time="300" tween="sine" easing="out"/>
				<effect type="slide" start="0,0" end="0,20" time="300"/>
			</animation>
        </control>	


		
	    <!-- ----------- Radio ----------- -->
		<control type="button" id="30039">
            <posx>1050</posx>
            <posy>293</posy>
            <width>28</width>
            <height>28</height>
            <texturefocus>radio.png</texturefocus>
            <texturenofocus>radio.png</texturenofocus>
			<onup>4004</onup>
            <onleft>4007</onleft>
            <onright>4004</onright>
			<ondown>4004</ondown>
            <align>center</align>
            <font>font12</font>
            <textcolor>ffffffff</textcolor>
            <onclick>ActivateWindow(10025,&quot;special://home/addons/Andy.plugin.program.Guide/resources/Radio.m3u&quot;,return)</onclick>
            <label></label>
			<animation type="WindowOpen">
				<effect type="fade" start="0" end="100" time="500" tween="sine" easing="out"/>
				<effect type="slide" start="0,20" end="0,0" time="300"/>
			</animation>
			<animation type="WindowClose">
				<effect type="fade" start="100" end="0" time="300" tween="sine" easing="out"/>
				<effect type="slide" start="0,0" end="0,20" time="300"/>
			</animation>
        </control>	
	
	
		
	    <!-- ----------- Addon 1 ----------- -->
		<control type="button" id="30010">
            <posx>1100</posx>
            <posy>293</posy>
            <width>28</width>
            <height>28</height>
            <texturefocus>iptv1.png</texturefocus>
            <texturenofocus>iptv1.png</texturenofocus>
			<onup>4004</onup>
            <onleft>4007</onleft>
            <onright>4004</onright>
			<ondown>4004</ondown>
            <align>center</align>
            <font>font12</font>
            <textcolor>ffffffff</textcolor>
            <label></label>
			<animation type="WindowOpen">
				<effect type="fade" start="0" end="100" time="500" tween="sine" easing="out"/>
				<effect type="slide" start="0,20" end="0,0" time="300"/>
			</animation>
			<animation type="WindowClose">
				<effect type="fade" start="100" end="0" time="300" tween="sine" easing="out"/>
				<effect type="slide" start="0,0" end="0,20" time="300"/>
			</animation>
        </control>	
		



		<!-- ----------- Addon 2 ----------- -->
		<control type="button" id="30011">
            <posx>1150</posx>
            <posy>293</posy>
            <width>28</width>
            <height>28</height>
            <texturefocus>iptv2.png</texturefocus>
            <texturenofocus>iptv2.png</texturenofocus>
			<onup>4004</onup>
            <onleft>4007</onleft>
            <onright>4004</onright>
			<ondown>4004</ondown>
            <align>center</align>
            <font>font12</font>
            <textcolor>ffffffff</textcolor>
            <label></label>
			<animation type="WindowOpen">
				<effect type="fade" start="0" end="100" time="500" tween="sine" easing="out"/>
				<effect type="slide" start="0,20" end="0,0" time="300"/>
			</animation>
			<animation type="WindowClose">
				<effect type="fade" start="100" end="0" time="300" tween="sine" easing="out"/>
				<effect type="slide" start="0,0" end="0,20" time="300"/>
			</animation>
        </control>
				  
		
		

		<!-- ----------- Addon 3 ----------- -->
		<control type="button" id="30012">
            <posx>1200</posx>
            <posy>293</posy>
            <width>28</width>
            <height>28</height>
            <texturefocus>iptv3.png</texturefocus>
            <texturenofocus>iptv3.png</texturenofocus>
			<onup>4004</onup>
            <onleft>4007</onleft>
            <onright>4004</onright>
			<ondown>4004</ondown>
            <align>center</align>
            <font>font12</font>
            <textcolor>ffffffff</textcolor>
            <label></label>
			<animation type="WindowOpen">
				<effect type="fade" start="0" end="100" time="500" tween="sine" easing="out"/>
				<effect type="slide" start="0,20" end="0,0" time="300"/>
			</animation>
			<animation type="WindowClose">
				<effect type="fade" start="100" end="0" time="300" tween="sine" easing="out"/>
				<effect type="slide" start="0,0" end="0,20" time="300"/>
			</animation>
        </control>
				  		

		
		
    </controls>
</window>
