<?xml version="1.0" encoding="UTF-8" standalone="yes"?>
<addon id="repository.TheWiz" name="TheWiz Media Repository" version="2.3.2" provider-name="TheWiz">
	<requires>
		<import addon="xbmc.addon" version="12.0.0"/>
	</requires>
	<extension point="xbmc.addon.repository" name="TheWiz Hebrew Repository">
		<dir minversion="15.0.0">
			<info>http://repo.thewiz.info/addons.xml</info>
			<checksum>http://repo.thewiz.info/addons.xml.md5</checksum>
			<datadir zip="true">http://repo.thewiz.info/</datadir>
		</dir>
		<dir minversion="15.9.0">
			<info>http://repo.thewiz.info/addons.xml.gz</info>
			<checksum>http://repo.thewiz.info/addons.xml.gz.md5</checksum>
			<datadir zip="true">http://repo.thewiz.info/</datadir>
		</dir>
	</extension>
    <extension point="xbmc.addon.metadata">
        <platform>all</platform>
        <summary lang="en_US">TheWiz Media - Repository</summary>
        <summary lang="he_IL">TheWiz Media - מאגר הרחבות</summary>
        <description lang="en_US">Hebrew Movies/TV Wall, Hebrew Skins....</description>
        <description lang="he_IL">קיר סרטים וסדרות, סקינים בעברית, תוספים בינלאומים ועוד</description>
    </extension>
</addon>