<?xml version="1.0" encoding="utf-8"?>
<window type="dialog">
    <allowoverlay>no</allowoverlay>
    <defaultcontrol always="true">7000</defaultcontrol>
    <coordinates>
        <system>1</system>
        <posx>720</posx>
        <posy>20</posy>
    </coordinates>
				<animation effect="fade" start="0" end="100" time="500">WindowOpen</animation>
				<animation effect="fade" start="100" end="0" time="500">WindowClose</animation>
    <controls>
        <control type="label" id="7001">
            <description>visibility marker for selection box</description>
        </control>
			<control type="image">
				<posx>-720</posx>
				<posy>-20</posy>
				<width>1280</width>
				<height>720</height>
				<texture>tvp-fade.png</texture>
			</control>
				<control type="image">
				<posx>-366</posx>
				<posy>55</posy>
				<width>570</width>
				<height>594</height>
				<texture border="20">tvp-osd.png</texture>
			</control>
        
        <control type="label">
            <posx>-343</posx>
            <posy>85</posy>
            <width>520</width>
            <height>40</height>
            <align>center</align>
            <aligny>center</aligny>
            <font>font13</font>
            <textcolor>ffffffff</textcolor>
            <label>[B]Choose a category from the list[/B]</label>
        </control>
        <control type="list" id="7000">
            <posx>-340</posx>
            <posy>140</posy>
            <width>520</width>
            <height>420</height>
            <viewtype label="list">list</viewtype>
            <orientation>vertical</orientation>
            <focusposition>7</focusposition>
            <onright>7002</onright>
            <onleft>7002</onleft>
            <itemlayout width="520" height="30">
                <control type="image">
                    <posx>0</posx>
                    <posy>0</posy>
                    <width>520</width>
                    <height>28</height>
                    <texture>tvp-program-grey.png</texture>
                </control>
                <control type="label">
                    <posx>16</posx>
                    <posy>0</posy>
                    <width>450</width>
                    <height>28</height>
                    <aligny>center</aligny>
                    <font>font13</font>
                    <textcolor>ffffffff</textcolor>
                    <info>ListItem.Label</info>
                </control>
                <control type="image">
                    <posx>470</posx>
                    <posy>-1</posy>
                    <width>28</width>
                    <height>28</height>
                    <info>ListItem.Icon</info>
                </control>
            </itemlayout>
            <focusedlayout width="520" height="30">
                <control type="image">
                    <posx>0</posx>
                    <posy>0</posy>
                    <width>520</width>
                    <height>28</height>
                    <texture>tvp-program-grey-focus.png</texture>
                    <visible>Control.HasFocus(7000)</visible>
                </control>
                <control type="label">
                    <posx>16</posx>
                    <posy>0</posy>
                    <width>450</width>
                    <height>28</height>
                    <aligny>center</aligny>
                    <font>font13</font>
					<textcolor>ff6aa6cb</textcolor>
                    <label>[B]$INFO[ListItem.Label][/B]</label>
                </control>
                <control type="image">
                    <posx>470</posx>
                    <posy>-1</posy>
                    <width>28</width>
                    <height>28</height>
                    <info>ListItem.Icon</info>
                </control>
            </focusedlayout>
        </control>

        <control type="button" id="7002">
            <posx>-292</posx>
            <posy>580</posy>
            <width>200</width>
            <height>30</height>
            <align>center</align>
            <aligny>center</aligny>
            <font>font13</font>
            <textcolor>ffffffff</textcolor>
            <label>$ADDON[Andy.script.epg 30311]</label>
            <texturefocus>tvp-program-grey-focus.png</texturefocus>
            <texturenofocus>tvp-program-grey.png</texturenofocus>
            <onleft>7000</onleft>
            <onright>7003</onright>
            <onup>7000</onup>
        </control>
        <control type="button" id="7003">
            <posx>-62</posx>
            <posy>580</posy>
            <width>200</width>
            <height>30</height>
            <align>center</align>
            <aligny>center</aligny>
            <font>font13</font>
            <textcolor>ffffffff</textcolor>
            <label>$ADDON[Andy.script.epg 30312]</label>
            <texturefocus>tvp-program-grey-focus.png</texturefocus>
            <texturenofocus>tvp-program-grey.png</texturenofocus>
            <onleft>7002</onleft>
            <onright>7002</onright>
            <onup>7000</onup>
        </control>

    </controls>
</window>