<?xml version="1.0" encoding="UTF-8" standalone="yes"?>
<addon id="repository.romansixvi.plugins" name="Romans I XVI Repository" version="1.0.0" provider-name="Romans I XVI">
	<extension point="xbmc.addon.repository" name="Romans I XVI Repository">
		<info compressed="false">http://romansixvi-xbmc-repo.googlecode.com/git/trunk/addons.xml</info>
		<checksum>http://romansixvi-xbmc-repo.googlecode.com/git/trunk/addons.xml.md5</checksum>
		<datadir zip="false">http://romansixvi-xbmc-repo.googlecode.com/git/trunk/</datadir>
	</extension>
	<extension point="xbmc.addon.metadata">
		<summary>My unofficial and test version addons</summary>
		<description>My unofficial and test version addons</description>
		<disclaimer></disclaimer>
		<platform>all</platform>
	</extension>
</addon>
