<?xml version="1.0" encoding="UTF-8" standalone="yes"?>
<addon id="script.imdb250.view" name="IMDb Top 250 Viewtype" version="0.0.5" provider-name="bryanb">
	<requires>
		<import addon="xbmc.python" version="2.1.0"/>
        <import addon="xbmc.addon"                  version="12.0.0"/>
	</requires>
    <extension point="xbmc.python.script"           library="default.py">
    </extension>
	<extension point="xbmc.addon.metadata">
		<summary>IMDb Top 250 viewtype loader</summary>
		<description>Launches an IMDb Top 250 playlist using a custom viewtype.</description>
		<disclaimer>Use at your own risk.</disclaimer>
        <language></language>
        <platform>all</platform>
	</extension>
</addon>
