<?xml version="1.0" encoding="UTF-8" standalone="yes"?>
<addon id="plugin.video.dex" name="DexterPro IPTV" version="3.03" provider-name="Pipcan,MikkM,enen92">
  <requires>
    <import addon="xbmc.python" version="2.1.0"/>
	<import addon="script.module.addon.common" />
	<import addon="script.matchcenter" />
	<import addon="script.dexnews" />
	<import addon="script.module.requests" />
	<import addon="script.skin.helper.service" />
    <import addon="script.module.urlresolver" version="0.0.1"/>
	<import addon="script.module.thesportsdb" version="1.0.1"/>
	<import addon="script.module.pytz" version="2014.2"/>
	<import addon="script.module.twitter" version="1.17.1"/>
	<import addon="script.extendedinfo" version="4.7.4"/>
	<import addon="script.module.beautifulsoup" version="3.2.1"/>
	<import addon="script.module.beautifulsoup4" version="4.4.1.1"/>
	<import addon="script.module.simplejson" version="3.3.0"/>
       </requires>
  <extension point="xbmc.python.pluginsource" library="init.py">
 	<extension point="xbmc.python.script" library="main.py" />
       <provides>video executable</provides>
  </extension>
  <extension point="xbmc.addon.metadata">
    <summary lang="en">Dexter Pro</summary>
    <description lang="en">Live TV, Sports, VOD.</description>
    <platform>all</platform>
  </extension>
</addon>
