<?xml version="1.0" encoding="UTF-8"?>
<window id="126">
	<defaultcontrol always="true">9</defaultcontrol>
	<allowoverlay>no</allowoverlay>
	<include>16x9_xPos_Relocation</include>
	<include>Window_OpenClose_Animation_Zoom</include>
	<coordinates>
		<posx>9</posx>
		<posy>30</posy>
	</coordinates>
	<controls>
		<control type="image">
			<posx>0</posx>
			<posy>0</posy>
			<width>1260</width>
			<height>60</height>
			<texture border="5">DialogHeader.png</texture>
		</control>
		<control type="label">
			<posx>20</posx>
			<posy>0</posy>
			<include>WindowTitleCommons</include>
			<width>1170</width>
			<label>$LOCALIZE[19142]</label>
		</control>
		<control type="group">
			<posx>1180</posx>
			<posy>0</posy>
			<include>DialogCloseButtonCommons</include>
		</control>
		<control type="image">
			<posx>0</posx>
			<posy>60</posy>
			<width>1260</width>
			<height>840</height>
			<texture border="5">DialogBack.png</texture>
		</control>

		<control type="label">
			<description>Search string</description>
			<posx>20</posx>
			<posy>70</posy>
			<width>1200</width>
			<height>40</height>
			<label>$LOCALIZE[19133]</label>
			<font>font26r</font>
			<textcolor>black</textcolor>
			<align>center</align>
		</control>
		<control type="edit" id="9">
			<description>Search button</description>
			<posx>20</posx>
			<posy>105</posy>
			<width>1200</width>
			<include>ButtonInfoDialogsCommonValues</include>
			<label>-</label>
		</control>
		<control type="textbox">
			<description>Search help</description>
			<posx>20</posx>
			<posy>157</posy>
			<width>1200</width>
			<height>68</height>
			<align>left</align>
			<label>$LOCALIZE[19001] $LOCALIZE[19002]</label>
			<textcolor>black</textcolor>
		</control>
		<control type="grouplist">
			<posx>20</posx>
			<posy>240</posy>
			<itemgap>0</itemgap>
			<control type="radiobutton" id="10">
				<width>580</width>
				<height>51</height>
				<font>font13</font>
				<textcolor>black</textcolor>
				<textoffsetx>12</textoffsetx>
				<aligny>center</aligny>
				<texturefocus border="5">MenuItemNF.png</texturefocus>
				<texturenofocus border="5">MenuItemNF.png</texturenofocus>
				<pulseonselect>no</pulseonselect>
				<label>19134</label>
			</control>
			<control type="radiobutton" id="11">
				<width>580</width>
				<height>51</height>
				<font>font13</font>
				<textcolor>black</textcolor>
				<textoffsetx>12</textoffsetx>
				<texturefocus border="5">MenuItemNF.png</texturefocus>
				<texturenofocus border="5">MenuItemNF.png</texturenofocus>
				<label>19135</label>
			</control>
			<control type="edit" id="14">
				<width>580</width>
				<height>51</height>
				<font>font13</font>
				<textcolor>black</textcolor>
				<textoffsetx>12</textoffsetx>
				<aligny>center</aligny>
				<texturefocus border="5">MenuItemNF.png</texturefocus>
				<texturenofocus border="5">MenuItemNF.png</texturenofocus>
				<pulseonselect>no</pulseonselect>
				<label>19128</label>
			</control>
			<control type="edit" id="15">
				<width>580</width>
				<height>51</height>
				<font>font13</font>
				<textcolor>black</textcolor>
				<textoffsetx>12</textoffsetx>
				<aligny>center</aligny>
				<texturefocus border="5">MenuItemNF.png</texturefocus>
				<texturenofocus border="5">MenuItemNF.png</texturenofocus>
				<label>19129</label>
			</control>
			<control type="spincontrolex" id="18">
				<width>580</width>
				<height>51</height>
				<font>font13</font>
				<textcolor>black</textcolor>
				<textoffsetx>12</textoffsetx>
				<aligny>center</aligny>
				<texturefocus border="5">MenuItemNF.png</texturefocus>
				<texturenofocus border="5">MenuItemNF.png</texturenofocus>
				<pulseonselect>no</pulseonselect>
				<label>515</label>
			</control>
			<control type="radiobutton" id="20">
				<width>580</width>
				<height>51</height>
				<font>font13</font>
				<textcolor>black</textcolor>
				<textoffsetx>12</textoffsetx>
				<aligny>center</aligny>
				<texturefocus border="5">MenuItemNF.png</texturefocus>
				<texturenofocus border="5">MenuItemNF.png</texturenofocus>
				<pulseonselect>no</pulseonselect>
				<label>19132</label>
			</control>
			<control type="radiobutton" id="22">
				<width>580</width>
				<height>51</height>
				<font>font13</font>
				<textcolor>black</textcolor>
				<textoffsetx>12</textoffsetx>
				<aligny>center</aligny>
				<texturefocus border="5">MenuItemNF.png</texturefocus>
				<texturenofocus border="5">MenuItemNF.png</texturenofocus>
				<pulseonselect>no</pulseonselect>
				<label>19123</label>
			</control>
			<control type="radiobutton" id="24">
				<width>580</width>
				<height>51</height>
				<font>font13</font>
				<textcolor>black</textcolor>
				<textoffsetx>12</textoffsetx>
				<aligny>center</aligny>
				<texturefocus border="5">MenuItemNF.png</texturefocus>
				<texturenofocus border="5">MenuItemNF.png</texturenofocus>
				<pulseonselect>no</pulseonselect>
				<label>19124</label>
			</control>
		</control>
		<control type="grouplist">
			<posx>650</posx>
			<posy>240</posy>
			<itemgap>0</itemgap>
			<control type="spincontrolex" id="12">
				<width>580</width>
				<height>51</height>
				<font>font13</font>
				<textcolor>black</textcolor>
				<textoffsetx>12</textoffsetx>
				<aligny>center</aligny>
				<texturefocus border="5">MenuItemNF.png</texturefocus>
				<texturenofocus border="5">MenuItemNF.png</texturenofocus>
				<pulseonselect>no</pulseonselect>
				<label>19130</label>
			</control>
			<control type="spincontrolex" id="13">
				<width>580</width>
				<height>51</height>
				<font>font13</font>
				<textcolor>black</textcolor>
				<textoffsetx>12</textoffsetx>
				<texturefocus border="5">MenuItemNF.png</texturefocus>
				<texturenofocus border="5">MenuItemNF.png</texturenofocus>
				<label>19131</label>
			</control>
			<control type="edit" id="16">
				<width>580</width>
				<height>51</height>
				<font>font13</font>
				<textcolor>black</textcolor>
				<textoffsetx>12</textoffsetx>
				<aligny>center</aligny>
				<texturefocus border="5">MenuItemNF.png</texturefocus>
				<texturenofocus border="5">MenuItemNF.png</texturenofocus>
				<pulseonselect>no</pulseonselect>
				<label>19126</label>
			</control>
			<control type="edit" id="17">
				<width>580</width>
				<height>51</height>
				<font>font13</font>
				<textcolor>black</textcolor>
				<textoffsetx>12</textoffsetx>
				<aligny>center</aligny>
				<texturefocus border="5">MenuItemNF.png</texturefocus>
				<texturenofocus border="5">MenuItemNF.png</texturenofocus>
				<label>19127</label>
			</control>
			<control type="radiobutton" id="19">
				<width>580</width>
				<height>51</height>
				<font>font13</font>
				<textcolor>black</textcolor>
				<textoffsetx>12</textoffsetx>
				<aligny>center</aligny>
				<texturefocus border="5">MenuItemNF.png</texturefocus>
				<texturenofocus border="5">MenuItemNF.png</texturenofocus>
				<pulseonselect>no</pulseonselect>
				<label>19121</label>
			</control>
			<control type="spincontrolex" id="21">
				<width>580</width>
				<height>51</height>
				<font>font13</font>
				<textcolor>black</textcolor>
				<textoffsetx>12</textoffsetx>
				<texturefocus border="5">MenuItemNF.png</texturefocus>
				<texturenofocus border="5">MenuItemNF.png</texturenofocus>
				<label>19141</label>
			</control>
			<control type="spincontrolex" id="23">
				<width>580</width>
				<height>51</height>
				<font>font13</font>
				<textcolor>black</textcolor>
				<textoffsetx>12</textoffsetx>
				<texturefocus border="5">MenuItemNF.png</texturefocus>
				<texturenofocus border="5">MenuItemNF.png</texturenofocus>
				<label>19148</label>
			</control>
			<control type="radiobutton" id="27">
				<width>580</width>
				<height>51</height>
				<font>font13</font>
				<textcolor>black</textcolor>
				<textoffsetx>12</textoffsetx>
				<aligny>center</aligny>
				<texturefocus border="5">MenuItemNF.png</texturefocus>
				<texturenofocus border="5">MenuItemNF.png</texturenofocus>
				<pulseonselect>no</pulseonselect>
				<label>19125</label>
			</control>
		</control>
		<control type="grouplist" id="9000">
			<posx>150</posx>
			<posy>830</posy>
			<width>980</width>
			<height>50</height>
			<itemgap>5</itemgap>
			<align>center</align>
			<orientation>horizontal</orientation>
			<onleft>9000</onleft>
			<onright>9000</onright>
			<onup>20</onup>
			<ondown>20</ondown>
			<control type="button" id="28">
				<description>Defaults button</description>
				<width>200</width>
				<include>ButtonInfoDialogsCommonValues</include>
				<label>10035</label>
			</control>
			<control type="button" id="25">
				<description>Cancel button</description>
				<width>200</width>
				<include>ButtonInfoDialogsCommonValues</include>
				<label>222</label>
			</control>
			<control type="button" id="26">
				<description>Search button</description>
				<width>200</width>
				<include>ButtonInfoDialogsCommonValues</include>
				<label>137</label>
			</control>
		</control>
	</controls>
</window>
