<?xml version="1.0" encoding="UTF-8"?>
<addon id="Andy.skin.re-touched" version="5.1.1" name="re-Touched (16 Jarvis Andy Mod)" provider-name="Jezz_X, Martijn, ronie">
	<requires>
		<import addon="xbmc.gui" version="5.10.0"/>
		<!--<import addon="xbmc.gui" version="5.3.0"/>-->
	</requires>
	<extension point="xbmc.gui.skin" debugging="false">
		<res width="1280" height="960" aspect="4:3" folder="16x9"/>
		<res width="1706" height="960" aspect="16:9" default="true" folder="16x9"/>
	</extension>
	<extension point="xbmc.addon.metadata">

		<summary lang="en">Touched skin by Jezz_X designed to be used on touch screen devices</summary>
		<summary lang="en_AU">Touched skin by Jezz_X designed to be used on touch screen devices</summary>
		<summary lang="en_NZ">Touched skin by Jezz_X designed to be used on touch screen devices</summary>
		<summary lang="en_US">Touched skin by Jezz_X designed to be used on touch screen devices</summary>

		<description lang="en">Skin designed from the ground up to be used on touch screen devices like the iPad</description>
		<description lang="en_AU">Skin designed from the ground up to be used on touch screen devices like the iPad</description>
		<description lang="en_NZ">Skin designed from the ground up to be used on touch screen devices like the iPad</description>
		<description lang="en_US">Skin designed from the ground up to be used on touch screen devices like the iPad</description>

		<disclaimer lang="en">Do not use this skin unless you have either touch screen or a mouse connected or you may lose navigation</disclaimer>
		<disclaimer lang="en_AU">Do not use this skin unless you have either touch screen or a mouse connected or you may lose navigation</disclaimer>
		<disclaimer lang="en_NZ">Do not use this skin unless you have either touch screen or a mouse connected or you may lose navigation</disclaimer>
		<disclaimer lang="en_US">Do not use this skin unless you have either touch screen or a mouse connected or you may lose navigation</disclaimer>

		<platform>all</platform>
		<license>Creative Commons Attribution-Share Alike 3.0 United States</license>
		<forum>http://forum.kodi.tv/forumdisplay.php?fid=189</forum>
		<website></website>
		<email></email>
		<source>https://github.com/xbmc/skin.re-touched/</source>
	</extension>
</addon>
