<?xml version="1.0" encoding="UTF-8"?>
<window>
	<defaultcontrol always="true">20</defaultcontrol>
	<allowoverlay>no</allowoverlay>
	<include>16x9_xPos_Relocation</include>
	<include>Window_OpenClose_Animation_Zoom</include>
	<coordinates>
		<posx>9</posx>
		<posy>30</posy>
	</coordinates>
	<controls>
		<control type="image">
			<posx>0</posx>
			<posy>0</posy>
			<width>1260</width>
			<height>60</height>
			<texture border="5">DialogHeader.png</texture>
		</control>
		<control type="label">
			<posx>20</posx>
			<posy>0</posy>
			<include>WindowTitleCommons</include>
			<width>1170</width>
			<label>$LOCALIZE[19199] - $LOCALIZE[19023]</label>
			<visible>IsEmpty(Window.Property(IsRadio))</visible>
		</control>
		<control type="label">
			<posx>20</posx>
			<posy>0</posy>
			<include>WindowTitleCommons</include>
			<width>1170</width>
			<label>$LOCALIZE[19199] - $LOCALIZE[19024]</label>
			<visible>!IsEmpty(Window.Property(IsRadio))</visible>
		</control>
		<control type="group">
			<posx>1180</posx>
			<posy>0</posy>
			<include>DialogCloseButtonCommons</include>
		</control>
		<control type="image">
			<posx>0</posx>
			<posy>60</posy>
			<width>1260</width>
			<height>840</height>
			<texture border="5">DialogBack.png</texture>
		</control>
		<control type="list" id="20">
			<posx>20</posx>
			<posy>120</posy>
			<width>600</width>
			<height>652</height>
			<onleft>9000</onleft>
			<onright>60</onright>
			<onup>20</onup>
			<ondown>10</ondown>
			<pagecontrol>60</pagecontrol>
			<scrolltime>200</scrolltime>
			<itemlayout height="50" width="600">
				<control type="image">
					<posx>0</posx>
					<posy>0</posy>
					<width>600</width>
					<height>51</height>
					<texture border="5">MenuItemNF.png</texture>
				</control>
				<control type="image">
					<posx>10</posx>
					<posy>2</posy>
					<width>47</width>
					<height>47</height>
					<texture background="true">$INFO[ListItem.Icon]</texture>
					<aspectratio>keep</aspectratio>
				</control>
				<control type="label">
					<posx>70</posx>
					<posy>0</posy>
					<width>500</width>
					<height>50</height>
					<font>font13</font>
					<align>left</align>
					<aligny>center</aligny>
					<textcolor>black</textcolor>
					<selectedcolor>selected</selectedcolor>
					<label>$INFO[ListItem.Property(Number),(,) - ]$INFO[ListItem.Property(Name)]</label>
				</control>
			</itemlayout>
			<focusedlayout height="50" width="600">
				<control type="image">
					<posx>0</posx>
					<posy>0</posy>
					<width>600</width>
					<height>51</height>
					<texture border="5">MenuItemNF.png</texture>
				</control>
				<control type="image">
					<posx>10</posx>
					<posy>2</posy>
					<width>47</width>
					<height>47</height>
					<texture background="true">$INFO[ListItem.Icon]</texture>
					<aspectratio>keep</aspectratio>
				</control>
				<control type="label">
					<posx>70</posx>
					<posy>0</posy>
					<width>500</width>
					<height>50</height>
					<font>font13</font>
					<align>left</align>
					<aligny>center</aligny>
					<textcolor>black</textcolor>
					<selectedcolor>selected</selectedcolor>
					<label>$INFO[ListItem.Property(Number),(,) - ]$INFO[ListItem.Property(Name)]</label>
				</control>
			</focusedlayout>
		</control>
		<control type="scrollbar" id="60">
			<posx>620</posx>
			<posy>120</posy>
			<width>29</width>
			<height>652</height>
			<texturesliderbackground border="0,14,0,14">ScrollBarV.png</texturesliderbackground>
			<texturesliderbar border="0,14,0,14">ScrollBarV_bar.png</texturesliderbar>
			<texturesliderbarfocus border="0,14,0,14">ScrollBarV_bar_focus.png</texturesliderbarfocus>
			<textureslidernib>ScrollBarNib.png</textureslidernib>
			<textureslidernibfocus>ScrollBarNib.png</textureslidernibfocus>
			<onleft>20</onleft>
			<onright>20</onright>
			<ondown>60</ondown>
			<onup>60</onup>
			<showonepage>false</showonepage>
			<orientation>vertical</orientation>
			<animation effect="fade" time="150">Visible</animation>
			<animation effect="fade" time="150">Hidden</animation>
		</control>
		<control type="label">
			<description>Page label</description>
			<posx>620</posx>
			<posy>780</posy>
			<width>600</width>
			<height>30</height>
			<align>right</align>
			<aligny>center</aligny>
			<font>font13</font>
			<textcolor>black</textcolor>
			<label>($INFO[Container(20).NumItems]) $LOCALIZE[31025] - $LOCALIZE[31024] ($INFO[Container(20).CurrentPage]/$INFO[Container(20).NumPages])</label>
		</control>
		<control type="grouplist">
			<posx>650</posx>
			<posy>120</posy>
			<itemgap>0</itemgap>
			<control type="label" id="900">
				<width>580</width>
				<height>51</height>
				<font>font13_title</font>
				<label>$LOCALIZE[31559]</label>
				<align>center</align>
				<aligny>center</aligny>
				<textcolor>black</textcolor>
			</control>
			<control type="radiobutton" id="7">
				<description>Channel activated</description>
				<width>580</width>
				<height>51</height>
				<font>font13</font>
				<textcolor>black</textcolor>
				<textoffsetx>12</textoffsetx>
				<aligny>center</aligny>
				<texturefocus border="5">MenuItemNF.png</texturefocus>
				<texturenofocus border="5">MenuItemNF.png</texturenofocus>
				<pulseonselect>no</pulseonselect>
				<label>19074</label>
			</control>
			<control type="edit" id="8">
				<description>Channel name</description>
				<width>580</width>
				<height>51</height>
				<font>font13</font>
				<textcolor>black</textcolor>
				<textoffsetx>12</textoffsetx>
				<texturefocus border="5">MenuItemNF.png</texturefocus>
				<texturenofocus border="5">MenuItemNF.png</texturenofocus>
				<label>19201</label>
			</control>
			<control type="group" id="999">
				<posx>0</posx>
				<posy>0</posy>
				<width>580</width>
				<height>51</height>
				<control type="button" id="9">
					<description>Channel logo Button</description>
					<posx>0</posx>
					<posy>0</posy>
					<width>580</width>
					<height>51</height>
					<font>font13</font>
					<textcolor>black</textcolor>
					<textoffsetx>12</textoffsetx>
					<texturefocus border="5">MenuItemNF.png</texturefocus>
					<texturenofocus border="5">MenuItemNF.png</texturenofocus>
					<label>19202</label>
					<onleft>20</onleft>
					<onright>9000</onright>
					<onup>8</onup>
					<ondown>12</ondown>
				</control>
				<control type="image" id="10">
					<description>Current Channel Icon</description>
					<posx>540</posx>
					<posy>10</posy>
					<width>30</width>
					<height>30</height>
					<aspectratio>keep</aspectratio>
					<info>ListItem.Property(Icon)</info>
				</control>
			</control>
			<control type="radiobutton" id="12">
				<description>EPG activated</description>
				<width>580</width>
				<height>51</height>
				<font>font13</font>
				<textcolor>black</textcolor>
				<textoffsetx>12</textoffsetx>
				<aligny>center</aligny>
				<texturefocus border="5">MenuItemNF.png</texturefocus>
				<texturenofocus border="5">MenuItemNF.png</texturenofocus>
				<pulseonselect>no</pulseonselect>
				<label>19206</label>
			</control>
			<control type="spincontrolex" id="13">
				<description>EPG source</description>
				<width>580</width>
				<height>51</height>
				<font>font13</font>
				<textcolor>black</textcolor>
				<textoffsetx>12</textoffsetx>
				<aligny>center</aligny>
				<texturefocus border="5">MenuItemNF.png</texturefocus>
				<texturenofocus border="5">MenuItemNF.png</texturenofocus>
				<label>19200</label>
			</control>
			<control type="radiobutton" id="14">
				<description>Parental locked</description>
				<width>580</width>
				<height>51</height>
				<font>font13</font>
				<textcolor>black</textcolor>
				<textoffsetx>12</textoffsetx>
				<aligny>center</aligny>
				<texturefocus border="5">MenuItemNF.png</texturefocus>
				<texturenofocus border="5">MenuItemNF.png</texturenofocus>
				<pulseonselect>no</pulseonselect>
				<label>19267</label>
				<onleft>20</onleft>
			</control>
		</control>
		<control type="grouplist" id="9000">
			<posx>130</posx>
			<posy>830</posy>
			<width>1020</width>
			<height>50</height>
			<itemgap>5</itemgap>
			<align>center</align>
			<orientation>horizontal</orientation>
			<onleft>9000</onleft>
			<onright>9000</onright>
			<onup>20</onup>
			<ondown>20</ondown>
			<control type="button" id="4">
				<description>OK button</description>
				<width>200</width>
				<include>ButtonInfoDialogsCommonValues</include>
				<label>186</label>
			</control>
			<control type="button" id="6">
				<description>Cancel button</description>
				<width>200</width>
				<include>ButtonInfoDialogsCommonValues</include>
				<label>222</label>
			</control>
			<control type="button" id="5">
				<description>Create folder button</description>
				<width>200</width>
				<include>ButtonInfoDialogsCommonValues</include>
				<label>14070</label>
			</control>
			<control type="togglebutton" id="34">
				<description>TV/Radio Button</description>
				<width>200</width>
				<include>ButtonInfoDialogsCommonValues</include>
				<usealttexture>!IsEmpty(Window.Property(IsRadio))</usealttexture>
				<alttexturefocus border="5">IconBack-focus.png</alttexturefocus>
				<alttexturenofocus border="5">ListNF.png</alttexturenofocus>
				<label>19024</label>
				<altlabel>19023</altlabel>
			</control>
			<control type="button" id="31">
				<description>Add channel button</description>
				<width>200</width>
				<include>ButtonInfoDialogsCommonValues</include>
				<label>19204</label>
			</control>
		</control>
	</controls>
</window>
