<?xml version="1.0" encoding="UTF-8"?>
<window>
	<defaultcontrol></defaultcontrol>
	<allowoverlay>no</allowoverlay>
	<include>16x9_xPos_Relocation</include>
	<include>Window_OpenClose_Animation_Zoom</include>
	<coordinates>
		<posx>140</posx>
		<posy>30</posy>
	</coordinates>
	<controls>
		<control type="image">
			<posx>0</posx>
			<posy>0</posy>
			<width>1000</width>
			<height>60</height>
			<texture border="5">DialogHeader.png</texture>
		</control>
		<control type="label" id="20">
			<description>header label</description>
			<posx>20</posx>
			<posy>0</posy>
			<include>WindowTitleCommons</include>
			<width>910</width>
			<label>-</label>
		</control>
		<control type="group">
			<posx>930</posx>
			<posy>0</posy>
			<include>DialogCloseButtonCommons</include>
		</control>
		<control type="image">
			<posx>0</posx>
			<posy>60</posy>
			<width>1000</width>
			<height>840</height>
			<texture border="5">DialogBack.png</texture>
		</control>

		<control type="group">
			<posx>20</posx>
			<posy>75</posy>
			<control type="button">
				<description>left Arrow</description>
				<posx>0</posx>
				<posy>0</posy>
				<width>40</width>
				<height>40</height>
				<texturefocus>arrow-big-left.png</texturefocus>
				<texturenofocus>arrow-big-left.png</texturenofocus>
				<onclick>Control.Move(9,-1)</onclick>
				<include>VisibleFadeEffect</include>
				<visible>Container(9).HasPrevious</visible>
			</control>
			<control type="button" id="11001">
				<description>right Arrow</description>
				<posx>920</posx>
				<posy>0</posy>
				<width>40</width>
				<height>40</height>
				<texturefocus>arrow-big-right.png</texturefocus>
				<texturenofocus>arrow-big-right.png</texturenofocus>
				<onclick>Control.Move(9,1)</onclick>
				<include>VisibleFadeEffect</include>
				<visible>Container(9).HasNext</visible>
			</control>
		</control>
		<control type="grouplist" id="9">
			<description>button area</description>
			<posx>60</posx>
			<posy>70</posy>
			<width>880</width>
			<height>50</height>
			<itemgap>5</itemgap>
			<align>center</align>
			<orientation>horizontal</orientation>
			<onleft>9</onleft>
			<onright>9</onright>
			<onup>2</onup>
			<ondown>2</ondown>
		</control>
		<control type="grouplist" id="2">
			<description>control area</description>
			<posx>40</posx>
			<posy>140</posy>
			<width>920</width>
			<height>670</height>
			<itemgap>-1</itemgap>
			<pagecontrol>30</pagecontrol>
			<onup>9</onup>
			<ondown>9001</ondown>
			<onleft>2</onleft>
			<onright>30</onright>
		</control>
		<control type="scrollbar" id="30">
			<posx>975</posx>
			<posy>120</posy>
			<width>20</width>
			<height>670</height>
			<texturesliderbackground border="0,14,0,14">ScrollBarV.png</texturesliderbackground>
			<texturesliderbar border="2,16,2,16">ScrollBarV_bar.png</texturesliderbar>
			<texturesliderbarfocus border="2,16,2,16">ScrollBarV_bar_focus.png</texturesliderbarfocus>
			<textureslidernib>ScrollBarNib.png</textureslidernib>
			<textureslidernibfocus>ScrollBarNib.png</textureslidernibfocus>
			<onleft>2</onleft>
			<onright>9</onright>
			<showonepage>false</showonepage>
			<orientation>vertical</orientation>
		</control>
		<control type="grouplist" id="9001">
			<posx>20</posx>
			<posy>830</posy>
			<width>960</width>
			<height>50</height>
			<itemgap>5</itemgap>
			<align>center</align>
			<orientation>horizontal</orientation>
			<onleft>9001</onleft>
			<onright>9001</onright>
			<onup>2</onup>
			<ondown>9</ondown>
			<control type="button" id="10">
				<description>OK Button</description>
				<width>200</width>
				<include>ButtonInfoDialogsCommonValues</include>
				<label>186</label>
			</control>
			<control type="button" id="11">
				<description>Cancel Button</description>
				<width>200</width>
				<include>ButtonInfoDialogsCommonValues</include>
				<label>222</label>
			</control>
			<control type="button" id="12">
				<description>Defaults Button</description>
				<width>200</width>
				<include>ButtonInfoDialogsCommonValues</include>
				<label>409</label>
			</control>
		</control>

		<control type="button" id="13">
			<description>Default Category Button</description>
			<width>200</width>
			<include>ButtonInfoDialogsCommonValues</include>
		</control>
		<control type="button" id="3">
			<description>Default Button</description>
			<posx>0</posx>
			<posy>0</posy>
			<height>55</height>
			<font>font13</font>
			<textcolor>black</textcolor>
			<texturefocus border="0,2,0,2">MenuItemNF.png</texturefocus>
			<texturenofocus border="0,2,0,2">MenuItemNF.png</texturenofocus>
		</control>
		<control type="radiobutton" id="4">
			<description>Default RadioButton</description>
			<posx>0</posx>
			<posy>0</posy>
			<height>55</height>
			<font>font13</font>
			<textcolor>black</textcolor>
			<texturefocus border="0,2,0,2">MenuItemNF.png</texturefocus>
			<texturenofocus border="0,2,0,2">MenuItemNF.png</texturenofocus>
		</control>
		<control type="spincontrolex" id="5">
			<description>Default SpinControlex</description>
			<posx>0</posx>
			<posy>0</posy>
			<height>55</height>
			<font>font13</font>
			<textcolor>black</textcolor>
			<texturefocus border="0,2,0,2">MenuItemNF.png</texturefocus>
			<texturenofocus border="0,2,0,2">MenuItemNF.png</texturenofocus>
			<aligny>center</aligny>
			<reverse>yes</reverse>
		</control>
		<control type="image" id="6">
			<description>separator image</description>
			<height>5</height>
			<texture>separator.png</texture>
		</control>
		<control type="label" id="7">
			<height>50</height>
			<font>font13_title</font>
			<label>-</label>
			<textcolor>black</textcolor>
			<align>center</align>
			<aligny>center</aligny>
		</control>
		<control type="sliderex" id="8">
			<description>Default Slider</description>
			<height>55</height>
			<texturefocus border="0,2,0,2">MenuItemNF.png</texturefocus>
			<texturenofocus border="0,2,0,2">MenuItemNF.png</texturenofocus>
			<font>font13</font>
			<textcolor>black</textcolor>
		</control>
	</controls>
</window>
