<?xml version="1.0" encoding="UTF-8"?>
<window>
	<defaultcontrol always="true">20</defaultcontrol>
	<allowoverlay>no</allowoverlay>
	<include>16x9_xPos_Relocation</include>
	<include>Window_OpenClose_Animation_Zoom</include>
	<coordinates>
		<posx>9</posx>
		<posy>30</posy>
	</coordinates>
	<controls>
		<control type="image">
			<posx>0</posx>
			<posy>0</posy>
			<width>1260</width>
			<height>60</height>
			<texture border="5">DialogHeader.png</texture>
		</control>
		<control type="label">
			<posx>20</posx>
			<posy>0</posy>
			<include>WindowTitleCommons</include>
			<width>1170</width>
			<label>$LOCALIZE[15020]</label>
		</control>
		<control type="group">
			<posx>1180</posx>
			<posy>0</posy>
			<include>DialogCloseButtonCommons</include>
		</control>
		<control type="image">
			<posx>0</posx>
			<posy>60</posy>
			<width>1260</width>
			<height>840</height>
			<texture border="5">DialogBack.png</texture>
		</control>
		<control type="list" id="9000">
			<posx>30</posx>
			<posy>100</posy>
			<width>350</width>
			<height>200</height>
			<onup>9001</onup>
			<ondown>9001</ondown>
			<onleft>20</onleft>
			<onright>20</onright>
			<itemlayout width="350" height="40">
				<control type="image">
					<posx>0</posx>
					<posy>0</posy>
					<width>350</width>
					<height>40</height>
					<texture border="5">button-nofocus.png</texture>
				</control>
				<control type="label">
					<posx>5</posx>
					<posy>0</posy>
					<width>340</width>
					<height>40</height>
					<textcolor>grey3</textcolor>
					<font>font13_title</font>
					<label>$INFO[ListItem.Label]</label>
					<scroll>false</scroll>
					<scrollspeed>0</scrollspeed>
				</control>
			</itemlayout>
			<focusedlayout width="350" height="40">
				<control type="image">
					<posx>0</posx>
					<posy>0</posy>
					<width>350</width>
					<height>40</height>
					<texture border="5">button-focus2.png</texture>
					<animation effect="fade" start="100" end="50" time="0" condition="!Control.HasFocus(9000)">conditional</animation>
				</control>
				<control type="label">
					<posx>5</posx>
					<posy>0</posy>
					<width>340</width>
					<height>40</height>
					<textcolor>white</textcolor>
					<font>font13_title</font>
					<label>$INFO[ListItem.Label]</label>
					<scroll>false</scroll>
					<scrollspeed>0</scrollspeed>
				</control>
			</focusedlayout>
			<content>
				<item id="91">
					<label>1. $LOCALIZE[15057]</label>
					<label2>$LOCALIZE[15114]</label2>
					<visible>true</visible>
					<onclick>noop</onclick>
					<property name="currentMode">InputResampling</property>
				</item>
				<item id="92">
					<label>2. $LOCALIZE[15058]</label>
					<label2>$LOCALIZE[15113]</label2>
					<visible>true</visible>
					<onclick>noop</onclick>
					<property name="currentMode">Preprocessing</property>
				</item>
				<item id="93">
					<label>3. $LOCALIZE[15059]</label>
					<label2>$LOCALIZE[15115]</label2>
					<visible>true</visible>
					<onclick>noop</onclick>
					<property name="currentMode">Masterprocessing</property>
				</item>
				<item id="94">
					<label>4. $LOCALIZE[15060]</label>
					<label2>$LOCALIZE[15117]</label2>
					<visible>true</visible>
					<onclick>noop</onclick>
					<property name="currentMode">Postprocessing</property>
				</item>
				<item id="95">
					<label>5. $LOCALIZE[15061]</label>
					<label2>$LOCALIZE[15116]</label2>
					<visible>true</visible>
					<onclick>noop</onclick>
					<property name="currentMode">OutputResampling</property>
				</item>
			</content>
		</control>
		<control type="textbox">
			<posx>400</posx>
			<posy>100</posy>
			<width>830</width>
			<height>200</height>
			<font>font13_title</font>
			<align>left</align>
			<textcolor>black</textcolor>
			<label>$INFO[Container(9000).ListItem.Label2]</label>
		</control>
		<control type="group" id="200">
			<posx>30</posx>
			<posy>320</posy>
			<width>1200</width>
			<height>500</height>
			<ondown>9001</ondown>
			<onup>9000</onup>
			<control type="group">
				<posx>0</posx>
				<posy>0</posy>
				<width>570</width>
				<height>450</height>
				<control type="label">
					<posx>10</posx>
					<posy>2</posy>
					<width>580</width>
					<height>30</height>
					<font>font13_title</font>
					<label>$LOCALIZE[15050] ($INFO[Container(20).NumItems])</label>
					<align>center</align>
					<aligny>center</aligny>
					<textcolor>black</textcolor>
				</control>
				<control type="image">
					<posx>5</posx>
					<posy>35</posy>
					<width>590</width>
					<height>410</height>
					<texture border="5">button-nofocus.png</texture>
				</control>
				<control type="list" id="20">
					<posx>10</posx>
					<posy>40</posy>
					<width>580</width>
					<height>400</height>
					<onup>9000</onup>
					<ondown>9001</ondown>
					<onleft>21</onleft>
					<onright>60</onright>
					<pagecontrol>60</pagecontrol>
					<scrolltime>200</scrolltime>
					<itemlayout height="100" width="580">
						<control type="image">
							<posx>0</posx>
							<posy>0</posy>
							<width>580</width>
							<height>100</height>
							<texture border="5">button-nofocus.png</texture>
						</control>
						<control type="image">
							<posx>10</posx>
							<posy>10</posy>
							<width>80</width>
							<height>80</height>
							<texture fallback="DefaultAddonAudioDSP.png">$INFO[ListItem.Property(Icon)]</texture>
							<aspectratio aligny="center" align="left">keep</aspectratio>
						</control>
						<control type="label">
							<posx>100</posx>
							<posy>10</posy>
							<width>475</width>
							<height>40</height>
							<font>font13</font>
							<align>left</align>
							<aligny>center</aligny>
							<textcolor>grey3</textcolor>
							<scroll>false</scroll>
							<label>$INFO[ListItem.Property(AddonName)]</label>
						</control>
						<control type="label">
							<posx>100</posx>
							<posy>45</posy>
							<width>475</width>
							<height>30</height>
							<font>font13</font>
							<align>left</align>
							<aligny>center</aligny>
							<textcolor>black</textcolor>
							<label>$INFO[ListItem.Property(Name)]</label>
						</control>
					</itemlayout>
					<focusedlayout height="100" width="580">
						<control type="image">
							<posx>0</posx>
							<posy>0</posy>
							<width>580</width>
							<height>100</height>
							<texture border="5">button-focus2.png</texture>
							<animation effect="fade" start="100" end="30" time="0" condition="!Control.HasFocus(20)">conditional</animation>
						</control>
						<control type="image">
							<posx>10</posx>
							<posy>10</posy>
							<width>80</width>
							<height>80</height>
							<texture fallback="DefaultAddonAudioDSP.png">$INFO[ListItem.Property(Icon)]</texture>
							<aspectratio aligny="center" align="left">keep</aspectratio>
						</control>
						<control type="label">
							<posx>100</posx>
							<posy>10</posy>
							<width>475</width>
							<height>40</height>
							<font>font13</font>
							<align>left</align>
							<aligny>center</aligny>
							<textcolor>white</textcolor>
							<scroll>false</scroll>
							<label>$INFO[ListItem.Property(AddonName)]</label>
						</control>
						<control type="label">
							<posx>100</posx>
							<posy>45</posy>
							<width>475</width>
							<height>30</height>
							<font>font13</font>
							<align>left</align>
							<aligny>center</aligny>
							<textcolor>black</textcolor>
							<label>$INFO[ListItem.Property(Name)]</label>
						</control>
					</focusedlayout>
				</control>
				<control type="scrollbar" id="60">
					<posx>585</posx>
					<posy>35</posy>
					<width>29</width>
					<height>410</height>
					<texturesliderbackground border="0,14,0,14">ScrollBarV.png</texturesliderbackground>
					<texturesliderbar border="0,14,0,14">ScrollBarV_bar.png</texturesliderbar>
					<texturesliderbarfocus border="0,14,0,14">ScrollBarV_bar_focus.png</texturesliderbarfocus>
					<textureslidernib>ScrollBarNib.png</textureslidernib>
					<textureslidernibfocus>ScrollBarNib.png</textureslidernibfocus>
					<onleft>20</onleft>
					<onright>21</onright>
					<showonepage>false</showonepage>
					<orientation>vertical</orientation>
					<animation effect="fade" time="150">Visible</animation>
					<animation effect="fade" time="150">Hidden</animation>
				</control>
			</control>
			<control type="group">
				<posx>600</posx>
				<posy>0</posy>
				<width>570</width>
				<height>450</height>
				<control type="label">
					<posx>10</posx>
					<posy>2</posy>
					<width>580</width>
					<height>30</height>
					<font>font13_title</font>
					<label>$LOCALIZE[15051] ($INFO[Container(21).NumItems])</label>
					<align>center</align>
					<aligny>center</aligny>
					<textcolor>black</textcolor>
				</control>
				<control type="image">
					<posx>5</posx>
					<posy>35</posy>
					<width>590</width>
					<height>410</height>
					<texture border="5">button-nofocus.png</texture>
				</control>
				<control type="list" id="21">
					<posx>10</posx>
					<posy>40</posy>
					<width>580</width>
					<height>400</height>
					<onup>9000</onup>
					<ondown>9001</ondown>
					<onleft>20</onleft>
					<onright>61</onright>
					<pagecontrol>61</pagecontrol>
					<scrolltime>200</scrolltime>
					<itemlayout height="100" width="580">
						<control type="image">
							<posx>0</posx>
							<posy>0</posy>
							<width>580</width>
							<height>100</height>
							<texture border="5">button-nofocus.png</texture>
						</control>
						<control type="image">
							<posx>10</posx>
							<posy>10</posy>
							<width>80</width>
							<height>80</height>
							<texture fallback="DefaultAddonAudioDSP.png">$INFO[ListItem.Property(Icon)]</texture>
							<aspectratio aligny="center" align="left">keep</aspectratio>
						</control>
						<control type="label">
							<posx>100</posx>
							<posy>10</posy>
							<width>475</width>
							<height>40</height>
							<font>font13</font>
							<align>left</align>
							<aligny>center</aligny>
							<textcolor>grey3</textcolor>
							<scroll>false</scroll>
							<label>$INFO[ListItem.Property(AddonName)]</label>
						</control>
						<control type="label">
							<posx>100</posx>
							<posy>45</posy>
							<width>475</width>
							<height>30</height>
							<font>font13</font>
							<align>left</align>
							<aligny>center</aligny>
							<textcolor>black</textcolor>
							<label>$INFO[ListItem.Property(Name)]</label>
						</control>
					</itemlayout>
					<focusedlayout height="100" width="580">
						<control type="image">
							<posx>0</posx>
							<posy>0</posy>
							<width>580</width>
							<height>100</height>
							<texture border="5">button-focus2.png</texture>
							<animation effect="fade" start="100" end="30" time="0" condition="!Control.HasFocus(21)">conditional</animation>
						</control>
						<control type="image">
							<posx>10</posx>
							<posy>10</posy>
							<width>80</width>
							<height>80</height>
							<texture fallback="DefaultAddonAudioDSP.png">$INFO[ListItem.Property(Icon)]</texture>
							<aspectratio aligny="center" align="left">keep</aspectratio>
						</control>
						<control type="label">
							<posx>100</posx>
							<posy>10</posy>
							<width>475</width>
							<height>40</height>
							<font>font13</font>
							<align>left</align>
							<aligny>center</aligny>
							<textcolor>white</textcolor>
							<scroll>false</scroll>
							<label>$INFO[ListItem.Property(AddonName)]</label>
						</control>
						<control type="label">
							<posx>100</posx>
							<posy>45</posy>
							<width>475</width>
							<height>30</height>
							<font>font13</font>
							<align>left</align>
							<aligny>center</aligny>
							<textcolor>black</textcolor>
							<label>$INFO[ListItem.Property(Name)]</label>
						</control>
					</focusedlayout>
				</control>
				<control type="scrollbar" id="61">
					<posx>585</posx>
					<posy>35</posy>
					<width>29</width>
					<height>410</height>
					<texturesliderbackground border="0,14,0,14">ScrollBarV.png</texturesliderbackground>
					<texturesliderbar border="0,14,0,14">ScrollBarV_bar.png</texturesliderbar>
					<texturesliderbarfocus border="0,14,0,14">ScrollBarV_bar_focus.png</texturesliderbarfocus>
					<textureslidernib>ScrollBarNib.png</textureslidernib>
					<textureslidernibfocus>ScrollBarNib.png</textureslidernibfocus>
					<onleft>21</onleft>
					<onright>20</onright>
					<showonepage>false</showonepage>
					<orientation>vertical</orientation>
					<animation effect="fade" time="150">Visible</animation>
					<animation effect="fade" time="150">Hidden</animation>
				</control>
			</control>
			<control type="label">
				<posx>50</posx>
				<posy>460</posy>
				<width>1160</width>
				<height>30</height>
				<font>font13_title</font>
				<align>left</align>
				<aligny>center</aligny>
				<textcolor>black</textcolor>
				<label>$INFO[Container(20).ListItem.Property(Description)]</label>
				<wrapmultiline>true</wrapmultiline>
				<visible>Control.HasFocus(20)</visible>
			</control>
			<control type="label">
				<posx>50</posx>
				<posy>460</posy>
				<width>1160</width>
				<height>30</height>
				<font>font13_title</font>
				<align>left</align>
				<aligny>center</aligny>
				<textcolor>black</textcolor>
				<label>$INFO[Container(21).ListItem.Property(Description)]</label>
				<wrapmultiline>true</wrapmultiline>
				<visible>Control.HasFocus(21)</visible>
			</control>
		</control>
		<control type="grouplist" id="9001">
			<posx>30</posx>
			<posy>830</posy>
			<width>1220</width>
			<height>50</height>
			<itemgap>5</itemgap>
			<align>center</align>
			<orientation>horizontal</orientation>
			<onleft>9000</onleft>
			<onright>9000</onright>
			<onup>20</onup>
			<ondown>20</ondown>
			<control type="radiobutton" id="22">
				<width>400</width>
				<align>left</align>
				<include>ButtonInfoDialogsCommonValues</include>
				<label>15064</label>
			</control>
			<control type="button" id="23">
				<width>400</width>
				<include>ButtonInfoDialogsCommonValues</include>
				<label>14070</label>
			</control>
			<control type="button" id="24">
				<width>400</width>
				<include>ButtonInfoDialogsCommonValues</include>
				<label>15066</label>
			</control>
		</control>
	</controls>
</window>
