<?xml version="1.0" encoding="UTF-8"?>
<window>
	<defaultcontrol always="true">10</defaultcontrol>
	<coordinates>
		<posx>290</posx>
		<posy>300</posy>
	</coordinates>
	<include>16x9_xPos_Relocation</include>
	<include>dialogeffect</include>
	<controls>
		<control type="image">
			<description>Shadow Background for dialogs without BehindDialogFadeOut include</description>
			<posx>-30</posx>
			<posy>-30</posy>
			<width>760</width>
			<height>370</height>
			<texture border="30">DialogShadow.png</texture>
		</control>
		<control type="image">
			<description>Header Background</description>
			<posx>0</posx>
			<posy>0</posy>
			<width>700</width>
			<height>60</height>
			<texture border="5">DialogHeader.png</texture>
		</control>
		<control type="group">
			<posx>630</posx>
			<posy>0</posy>
			<include>DialogCloseButtonCommons</include>
		</control>
		<control type="label" id="1">
			<description>header label</description>
			<posx>20</posx>
			<posy>0</posy>
			<include>WindowTitleCommons</include>
			<width>600</width>
			<label>$LOCALIZE[13406]</label>
		</control>
		<control type="image">
			<description>Background</description>
			<posx>0</posx>
			<posy>60</posy>
			<width>700</width>
			<height>250</height>
			<texture border="5">DialogBack.png</texture>
		</control>
		<control type="textbox" id="9">
			<posx>20</posx>
			<posy>82</posy>
			<width>660</width>
			<height>138</height>
			<label>-</label>
			<font>font13</font>
			<textcolor>black</textcolor>
		</control>
		<!-- make sure navigation on these buttons does NOT work with a keyboard/remote control -->
		<!-- this is needed to prevent users from selecting 'yes' in the 'would you like to keep this skin' dialog -->
		<!-- if they are not using a mouse or touchscreen -->
		<control type="button" id="11">
			<description>Yes button</description>
			<posx>145</posx>
			<posy>250</posy>
			<width>200</width>
			<include>ButtonInfoDialogsCommonValues</include>
			<label>107</label>
		</control>
		<control type="button" id="10">
			<posx>355</posx>
			<posy>250</posy>
			<description>No button</description>
			<width>200</width>
			<include>ButtonInfoDialogsCommonValues</include>
			<label>106</label>
		</control>
	</controls>
</window>
