<?xml version="1.0" encoding="UTF-8"?>
<window>
	<defaultcontrol>5</defaultcontrol>
	<include>16x9_xPos_Relocation</include>
	<include>Window_OpenClose_Animation_Zoom</include>
	<coordinates>
		<posx>240</posx>
		<posy>80</posy>
	</coordinates>
	<controls>
		<control type="image">
			<posx>-30</posx>
			<posy>-30</posy>
			<width>860</width>
			<height>860</height>
			<texture border="30">DialogShadow.png</texture>
		</control>
		<control type="image">
			<posx>0</posx>
			<posy>0</posy>
			<width>800</width>
			<height>60</height>
			<texture border="5">DialogHeader.png</texture>
		</control>
		<control type="image">
			<posx>0</posx>
			<posy>60</posy>
			<width>800</width>
			<height>740</height>
			<texture border="5">DialogBack.png</texture>
		</control>
		<control type="label" id="2">
			<posx>20</posx>
			<posy>0</posy>
			<include>WindowTitleCommons</include>
			<width>700</width>
			<label>-</label>
		</control>
		<control type="group">
			<posx>730</posx>
			<posy>0</posy>
			<include>DialogCloseButtonCommons</include>
		</control>
		<control type="grouplist" id="5">
			<posx>20</posx>
			<posy>60</posy>
			<width>760</width>
			<height>630</height>
			<itemgap>-1</itemgap>
			<pagecontrol>60</pagecontrol>
			<onleft>60</onleft>
			<onright>60</onright>
			<onup>5</onup>
			<ondown>5</ondown>
		</control>
		<control type="scrollbar" id="60">
			<posx>780</posx>
			<posy>65</posy>
			<width>29</width>
			<height>630</height>
			<texturesliderbackground border="0,14,0,14">ScrollBarV.png</texturesliderbackground>
			<texturesliderbar border="0,14,0,14">ScrollBarV_bar.png</texturesliderbar>
			<texturesliderbarfocus border="0,14,0,14">ScrollBarV_bar_focus.png</texturesliderbarfocus>
			<textureslidernib>ScrollBarNib.png</textureslidernib>
			<textureslidernibfocus>ScrollBarNib.png</textureslidernibfocus>
			<onleft>5</onleft>
			<onright>5</onright>
			<ondown>60</ondown>
			<onup>60</onup>
			<showonepage>false</showonepage>
			<orientation>vertical</orientation>
			<animation effect="fade" time="150">Visible</animation>
			<animation effect="fade" time="150">Hidden</animation>
		</control>
		<control type="group">
			<control type="label">
				<posx>30</posx>
				<posy>700</posy>
				<width>720</width>
				<height>30</height>
				<font>font13_title</font>
				<label>$INFO[ADSP.MasterInfo]</label>
				<align>left</align>
				<aligny>center</aligny>
				<textcolor>black</textcolor>
			</control>
			<control type="image">
				<posx>555</posx>
				<posy>730</posy>
				<width>85</width>
				<height>35</height>
				<aspectratio align="center">keep</aspectratio>
				<visible>!IsEmpty(ADSP.MasterOwnIcon)</visible>
				<texture>$INFO[ADSP.MasterOwnIcon]</texture>
			</control>
			<control type="image">
				<posx>640</posx>
				<posy>730</posy>
				<width>85</width>
				<height>35</height>
				<aspectratio align="center">keep</aspectratio>
				<texture>$INFO[VideoPlayer.AudioCodec,flagging/audio/,.png]</texture>
				<visible>IsEmpty(ADSP.MasterOverrideIcon) + Player.HasVideo</visible>
			</control>
			<control type="image">
				<posx>640</posx>
				<posy>730</posy>
				<width>85</width>
				<height>35</height>
				<aspectratio align="center">keep</aspectratio>
				<texture>$INFO[MusicPlayer.Codec,flagging/audio/,.png]</texture>
				<visible>IsEmpty(ADSP.MasterOverrideIcon) + Player.HasAudio</visible>
			</control>
			<control type="image">
				<posx>640</posx>
				<posy>730</posy>
				<width>85</width>
				<height>35</height>
				<aspectratio align="center">keep</aspectratio>
				<visible>!IsEmpty(ADSP.MasterOverrideIcon)</visible>
				<texture>$INFO[ADSP.MasterOverrideIcon]</texture>
			</control>
			<control type="image">
				<posx>730</posx>
				<posy>730</posy>
				<width>50</width>
				<height>35</height>
				<aspectratio align="center">keep</aspectratio>
				<texture>$INFO[VideoPlayer.AudioChannels,flagging/audio/,.png]</texture>
			</control>
			<control type="label">
				<posx>30</posx>
				<posy>730</posy>
				<width>720</width>
				<height>30</height>
				<font>font13</font>
				<label>15042</label>
				<align>left</align>
				<aligny>center</aligny>
				<textcolor>black</textcolor>
			</control>
			<control type="label">
				<posx>30</posx>
				<posy>750</posy>
				<width>230</width>
				<height>30</height>
				<font>font13_title</font>
				<label>$INFO[ADSP.DetectedStreamType]</label>
				<align>left</align>
				<aligny>center</aligny>
				<textcolor>black</textcolor>
			</control>
		</control>
		<control type="edit" id="12">
			<height>55</height>
			<texturefocus border="0,2,0,2">MenuItemNF.png</texturefocus>
			<texturenofocus border="0,2,0,2">MenuItemNF.png</texturenofocus>
			<font>font13</font>
			<textcolor>black</textcolor>
		</control>
		<control type="sliderex" id="13">
			<height>55</height>
			<texturefocus border="0,2,0,2">MenuItemNF.png</texturefocus>
			<texturenofocus border="0,2,0,2">MenuItemNF.png</texturenofocus>
			<font>font13</font>
			<textcolor>black</textcolor>
		</control>
		<control type="button" id="7">
			<posx>0</posx>
			<posy>0</posy>
			<height>55</height>
			<font>font13</font>
			<textcolor>black</textcolor>
			<texturefocus border="0,2,0,2">MenuItemNF.png</texturefocus>
			<texturenofocus border="0,2,0,2">MenuItemNF.png</texturenofocus>
		</control>
		<control type="label" id="14">
			<posx>0</posx>
			<posy>0</posy>
			<height>55</height>
			<font>font13</font>
			<textcolor>black</textcolor>
			<align>center</align>
		</control>
		<control type="radiobutton" id="8">
			<posx>0</posx>
			<posy>0</posy>
			<height>55</height>
			<font>font13</font>
			<textcolor>black</textcolor>
			<texturefocus border="0,2,0,2">MenuItemNF.png</texturefocus>
			<texturenofocus border="0,2,0,2">MenuItemNF.png</texturenofocus>
		</control>
		<control type="spincontrolex" id="9">
			<posx>0</posx>
			<posy>0</posy>
			<height>55</height>
			<font>font13</font>
			<textcolor>black</textcolor>
			<texturefocus border="0,2,0,2">MenuItemNF.png</texturefocus>
			<texturenofocus border="0,2,0,2">MenuItemNF.png</texturenofocus>
			<aligny>center</aligny>
			<reverse>yes</reverse>
		</control>
		<control type="image" id="11">
			<height>5</height>
			<texture>separator.png</texture>
		</control>
	</controls>
</window>
