<?xml version="1.0" encoding="UTF-8"?>
<window>
	<defaultcontrol always="true">5</defaultcontrol>
	<allowoverlay>no</allowoverlay>
	<include>16x9_xPos_Relocation</include>
	<include>Window_OpenClose_Animation_Zoom</include>
	<coordinates>
		<posx>340</posx>
		<posy>30</posy>
	</coordinates>
	<controls>
		<control type="image">
			<posx>0</posx>
			<posy>0</posy>
			<width>600</width>
			<height>60</height>
			<texture border="5">DialogHeader.png</texture>
		</control>
		<control type="label">
			<posx>20</posx>
			<posy>0</posy>
			<include>WindowTitleCommons</include>
			<width>560</width>
			<label>$LOCALIZE[19065]</label>
		</control>
		<control type="group">
			<posx>530</posx>
			<posy>0</posy>
			<include>DialogCloseButtonCommons</include>
		</control>
		<control type="image">
			<posx>0</posx>
			<posy>60</posy>
			<width>600</width>
			<height>840</height>
			<texture border="5">DialogBack.png</texture>
		</control>
		<control type="grouplist" id="5">
			<posx>20</posx>
			<posy>100</posy>
			<width>580</width>
			<itemgap>0</itemgap>
			<onup>9000</onup>
			<ondown>9000</ondown>
			<onleft>9000</onleft>
			<onright>9000</onright>
		</control>
		<control type="button" id="7">
			<posx>0</posx>
			<posy>0</posy>
			<width>580</width>
			<height>51</height>
			<font>font13</font>
			<textcolor>black</textcolor>
			<textoffsetx>12</textoffsetx>
			<aligny>center</aligny>
			<texturefocus border="5">MenuItemNF.png</texturefocus>
			<texturenofocus border="5">MenuItemNF.png</texturenofocus>
			<pulseonselect>no</pulseonselect>
		</control>
		<control type="label" id="14">
			<posx>0</posx>
			<posy>0</posy>
			<width>580</width>
			<height>51</height>
			<font>font13</font>
			<textcolor>black</textcolor>
			<align>center</align>
			<aligny>center</aligny>
		</control>
		<control type="radiobutton" id="8">
			<posx>0</posx>
			<posy>0</posy>
			<width>580</width>
			<height>51</height>
			<font>font13</font>
			<textcolor>black</textcolor>
			<textoffsetx>12</textoffsetx>
			<aligny>center</aligny>
			<texturefocus border="5">MenuItemNF.png</texturefocus>
			<texturenofocus border="5">MenuItemNF.png</texturenofocus>
			<pulseonselect>no</pulseonselect>
		</control>
		<control type="spincontrolex" id="9">
			<posx>0</posx>
			<posy>0</posy>
			<width>580</width>
			<height>51</height>
			<font>font13</font>
			<textcolor>black</textcolor>
			<textoffsetx>12</textoffsetx>
			<aligny>center</aligny>
			<texturefocus border="5">MenuItemNF.png</texturefocus>
			<texturenofocus border="5">MenuItemNF.png</texturenofocus>
			<pulseonselect>no</pulseonselect>
		</control>
		<control type="sliderex" id="13">
			<posx>0</posx>
			<posy>0</posy>
			<width>580</width>
			<height>51</height>
			<font>font13</font>
			<textcolor>black</textcolor>
			<textoffsetx>12</textoffsetx>
			<aligny>center</aligny>
			<texturefocus border="5">MenuItemNF.png</texturefocus>
			<texturenofocus border="5">MenuItemNF.png</texturenofocus>
			<pulseonselect>no</pulseonselect>
		</control>
		<control type="image" id="11">
			<posx>0</posx>
			<posy>0</posy>
			<width>580</width>
			<height>2</height>
		</control>
		<control type="edit" id="12">
			<posx>0</posx>
			<posy>0</posy>
			<width>580</width>
			<height>51</height>
			<font>font13</font>
			<textcolor>black</textcolor>
			<textoffsetx>12</textoffsetx>
			<aligny>center</aligny>
			<texturefocus border="5">MenuItemNF.png</texturefocus>
			<texturenofocus border="5">MenuItemNF.png</texturenofocus>
			<pulseonselect>no</pulseonselect>
		</control>
		<control type="grouplist" id="9000">
			<posx>20</posx>
			<posy>830</posy>
			<width>580</width>
			<height>50</height>
			<itemgap>5</itemgap>
			<align>center</align>
			<orientation>horizontal</orientation>
			<onleft>9000</onleft>
			<onright>9000</onright>
			<onup>20</onup>
			<ondown>20</ondown>
			<control type="button" id="28">
				<description>OK button</description>
				<width>200</width>
				<include>ButtonInfoDialogsCommonValues</include>
				<label>186</label>
			</control>
			<control type="button" id="29">
				<description>Cancel button</description>
				<width>200</width>
				<include>ButtonInfoDialogsCommonValues</include>
				<label>222</label>
			</control>
		</control>
	</controls>
</window>
