<?xml version="1.0" encoding="UTF-8"?>
<window>
	<defaultcontrol>20</defaultcontrol>
	<allowoverlay>no</allowoverlay>
	<controls>
		<include>CommonBackground</include>
		<include>CommonBackgroundOverlay</include>
		<include>HomeButtonCommons</include>
		<include>CommonNowPlaying</include>
		<control type="label">
			<description>Window label</description>
			<include>MediaWindowTitleCommons</include>
			<label>$LOCALIZE[7]</label>
		</control>
		<control type="group">
			<include>16x9_xPos_Relocation</include>
			<posx>40</posx>
			<posy>110</posy>
			<include>Window_OpenClose_Animation_Zoom</include>
			<control type="label">
				<posx>0</posx>
				<posy>0</posy>
				<width>590</width>
				<height>30</height>
				<font>font13_title</font>
				<textcolor>white</textcolor>
				<scroll>true</scroll>
				<align>center</align>
				<aligny>center</aligny>
				<label>A</label>
			</control>
			<control type="label" id="101">
				<description>current directory text label</description>
				<posx>0</posx>
				<posy>680</posy>
				<width>590</width>
				<height>30</height>
				<font>font13_title</font>
				<align>left</align>
				<textcolor>white</textcolor>
				<shadowcolor>black</shadowcolor>
				<scroll>true</scroll>
				<aligny>center</aligny>
			</control>
			<control type="label">
				<description>number of files/pages in left list text label</description>
				<posx>0</posx>
				<posy>710</posy>
				<width>590</width>
				<height>30</height>
				<font>font13</font>
				<align>left</align>
				<scroll>true</scroll>
				<textcolor>white</textcolor>
				<shadowcolor>black</shadowcolor>
				<label>($INFO[Container(20).NumItems]) $LOCALIZE[31025] - $LOCALIZE[31024] ($INFO[Container(20).CurrentPage]/$INFO[Container(20).NumPages])</label>
			</control>
			<control type="panel" id="20">
				<posx>0</posx>
				<posy>40</posy>
				<width>590</width>
				<height>600</height>
				<onleft>21</onleft>
				<onright>21</onright>
				<onup>20</onup>
				<ondown>20</ondown>
				<viewtype label="">list</viewtype>
				<pagecontrol>30</pagecontrol>
				<scrolltime>200</scrolltime>
				<itemlayout height="60" width="590">
					<control type="image">
						<posx>0</posx>
						<posy>0</posy>
						<width>590</width>
						<height>60</height>
						<texture border="5">ListNF.png</texture>
					</control>
					<control type="image">
						<posx>10</posx>
						<posy>5</posy>
						<width>50</width>
						<height>50</height>
						<texture background="true">$INFO[ListItem.Icon]</texture>
						<aspectratio>keep</aspectratio>
					</control>
					<control type="label">
						<posx>75</posx>
						<posy>0</posy>
						<width>410</width>
						<height>60</height>
						<font>font13</font>
						<textcolor>white</textcolor>
						<selectedcolor>selected</selectedcolor>
						<align>left</align>
						<aligny>center</aligny>
						<label>$INFO[ListItem.Label]</label>
					</control>
					<control type="label">
						<posx>180</posx>
						<posy>0</posy>
						<width>400</width>
						<height>60</height>
						<font>font13</font>
						<textcolor>grey2</textcolor>
						<selectedcolor>selected</selectedcolor>
						<align>right</align>
						<aligny>center</aligny>
						<label>$INFO[ListItem.Label2]</label>
					</control>
				</itemlayout>
				<focusedlayout height="60" width="590">
					<control type="image">
						<posx>0</posx>
						<posy>0</posy>
						<width>590</width>
						<height>60</height>
						<texture border="5">ListFO.png</texture>
						<include>VisibleFadeEffect</include>
					</control>
					<control type="image">
						<posx>10</posx>
						<posy>5</posy>
						<width>50</width>
						<height>50</height>
						<texture background="true">$INFO[ListItem.Icon]</texture>
						<aspectratio>keep</aspectratio>
					</control>
					<control type="label">
						<posx>75</posx>
						<posy>0</posy>
						<width>410</width>
						<height>60</height>
						<font>font13</font>
						<textcolor>black</textcolor>
						<selectedcolor>selected</selectedcolor>
						<align>left</align>
						<aligny>center</aligny>
						<label>$INFO[ListItem.Label]</label>
					</control>
					<control type="label">
						<posx>180</posx>
						<posy>0</posy>
						<width>400</width>
						<height>60</height>
						<font>font13</font>
						<textcolor>black</textcolor>
						<selectedcolor>selected</selectedcolor>
						<align>right</align>
						<aligny>center</aligny>
						<label>$INFO[ListItem.Label2]</label>
					</control>
				</focusedlayout>
			</control>
		</control>
		<control type="group">
			<include>16x9_xPos_Relocation</include>
			<include>Window_OpenClose_Animation_Zoom</include>
			<posx>650</posx>
			<posy>110</posy>
			<control type="label">
				<posx>0</posx>
				<posy>0</posy>
				<width>590</width>
				<height>30</height>
				<font>font13_title</font>
				<textcolor>white</textcolor>
				<scroll>true</scroll>
				<align>center</align>
				<aligny>center</aligny>
				<label>B</label>
			</control>
			<control type="label" id="102">
				<description>current directory text label</description>
				<posx>590</posx>
				<posy>680</posy>
				<width>590</width>
				<height>30</height>
				<font>font13_title</font>
				<align>right</align>
				<textcolor>white</textcolor>
				<shadowcolor>black</shadowcolor>
				<scroll>true</scroll>
				<aligny>center</aligny>
			</control>
			<control type="label">
				<description>Page Count Label</description>
				<posx>590</posx>
				<posy>710</posy>
				<width>590</width>
				<height>30</height>
				<font>font13</font>
				<align>right</align>
				<scroll>true</scroll>
				<textcolor>white</textcolor>
				<shadowcolor>black</shadowcolor>
				<label>($INFO[Container(21).NumItems]) $LOCALIZE[31025] - $LOCALIZE[31024] ($INFO[Container(21).CurrentPage]/$INFO[Container(21).NumPages])</label>
			</control>
			<control type="panel" id="21">
				<posx>0</posx>
				<posy>40</posy>
				<width>590</width>
				<height>600</height>
				<onleft>20</onleft>
				<onright>20</onright>
				<onup>21</onup>
				<ondown>21</ondown>
				<viewtype label="">list</viewtype>
				<pagecontrol>30</pagecontrol>
				<scrolltime>200</scrolltime>
				<itemlayout height="60" width="590">
					<control type="image">
						<posx>0</posx>
						<posy>0</posy>
						<width>590</width>
						<height>60</height>
						<texture border="5">ListNF.png</texture>
					</control>
					<control type="image">
						<posx>10</posx>
						<posy>5</posy>
						<width>50</width>
						<height>50</height>
						<texture background="true">$INFO[ListItem.Icon]</texture>
						<aspectratio>keep</aspectratio>
					</control>
					<control type="label">
						<posx>75</posx>
						<posy>0</posy>
						<width>410</width>
						<height>60</height>
						<font>font13</font>
						<textcolor>white</textcolor>
						<selectedcolor>selected</selectedcolor>
						<align>left</align>
						<aligny>center</aligny>
						<label>$INFO[ListItem.Label]</label>
					</control>
					<control type="label">
						<posx>180</posx>
						<posy>0</posy>
						<width>400</width>
						<height>60</height>
						<font>font13</font>
						<textcolor>grey2</textcolor>
						<selectedcolor>selected</selectedcolor>
						<align>right</align>
						<aligny>center</aligny>
						<label>$INFO[ListItem.Label2]</label>
					</control>
				</itemlayout>
				<focusedlayout height="60" width="590">
					<control type="image">
						<posx>0</posx>
						<posy>0</posy>
						<width>590</width>
						<height>60</height>
						<texture border="5">ListFO.png</texture>
						<include>VisibleFadeEffect</include>
					</control>
					<control type="image">
						<posx>10</posx>
						<posy>5</posy>
						<width>50</width>
						<height>50</height>
						<texture background="true">$INFO[ListItem.Icon]</texture>
						<aspectratio>keep</aspectratio>
					</control>
					<control type="label">
						<posx>75</posx>
						<posy>0</posy>
						<width>410</width>
						<height>60</height>
						<font>font13</font>
						<textcolor>black</textcolor>
						<selectedcolor>selected</selectedcolor>
						<align>left</align>
						<aligny>center</aligny>
						<label>$INFO[ListItem.Label]</label>
					</control>
					<control type="label">
						<posx>180</posx>
						<posy>0</posy>
						<width>400</width>
						<height>60</height>
						<font>font13</font>
						<textcolor>black</textcolor>
						<selectedcolor>selected</selectedcolor>
						<align>right</align>
						<aligny>center</aligny>
						<label>$INFO[ListItem.Label2]</label>
					</control>
				</focusedlayout>
			</control>
		</control>
		<control type="panel" id="9002">
			<visible>!Window.IsActive(PlayerControls)</visible>
			<include>VisibleFadeEffect</include>
			<include>SubMenuCommonLayout</include>
			<content>
				<item>
					<label>31200</label>
					<onclick>ParentDir</onclick>
					<icon>icon_back.png</icon>
				</item>
				<item>
					<label>1036</label>
					<onclick>ActivateWindow(Favourites)</onclick>
					<icon>icon_favourites.png</icon>
				</item>
			</content>
		</control>
	</controls>
</window>
