<?xml version="1.0" encoding="UTF-8"?>
<window>
	<defaultcontrol allways="true">6</defaultcontrol>
	<allowoverlay>no</allowoverlay>
	<onunload>Skin.Reset(MediaSubMenuVisible)</onunload>
	<controls>
		<include>CommonBackground</include>
		<include>CommonBackgroundOverlay</include>
		<include>HomeButtonCommons</include>
		<include>CommonNowPlaying</include>
		<include>OptionsButtonCommons</include>
		<control type="label">
			<description>Window label</description>
			<include>MediaWindowTitleCommons</include>
			<label>$LOCALIZE[10503]</label>
		</control>
		<control type="group">
			<include>16x9_xPos_Relocation</include>
			<posx>40</posx>
			<posy>110</posy>
			<include>Window_OpenClose_Animation_Zoom</include>
			<control type="label">
				<posx>0</posx>
				<posy>0</posy>
				<width>590</width>
				<height>30</height>
				<font>font13_title</font>
				<textcolor>white</textcolor>
				<scroll>true</scroll>
				<align>center</align>
				<aligny>center</aligny>
				<label>31058</label>
			</control>
			<control type="label">
				<description>number of files/pages in left list text label</description>
				<posx>0</posx>
				<posy>710</posy>
				<width>590</width>
				<font>font13</font>
				<align>left</align>
				<scroll>true</scroll>
				<textcolor>white</textcolor>
				<shadowcolor>black</shadowcolor>
				<label>($INFO[Container(50).NumItems]) $LOCALIZE[31025] - $LOCALIZE[31024] ($INFO[Container(50).CurrentPage]/$INFO[Container(50).NumPages])</label>
			</control>
			<control type="panel" id="50">
				<posx>0</posx>
				<posy>40</posy>
				<width>590</width>
				<height>660</height>
				<onleft>100</onleft>
				<onright>100</onright>
				<onup>50</onup>
				<ondown>50</ondown>
				<viewtype label="">list</viewtype>
				<pagecontrol>30</pagecontrol>
				<scrolltime>200</scrolltime>
				<itemlayout height="60" width="590">
					<control type="image">
						<posx>0</posx>
						<posy>0</posy>
						<width>590</width>
						<height>60</height>
						<texture border="5">ListNF.png</texture>
					</control>
					<control type="image">
						<posx>10</posx>
						<posy>5</posy>
						<width>50</width>
						<height>50</height>
						<texture background="true">$INFO[ListItem.Icon]</texture>
						<aspectratio>keep</aspectratio>
					</control>
					<control type="label">
						<posx>75</posx>
						<posy>0</posy>
						<width>410</width>
						<height>60</height>
						<font>font13</font>
						<textcolor>white</textcolor>
						<selectedcolor>selected</selectedcolor>
						<align>left</align>
						<aligny>center</aligny>
						<label>$INFO[ListItem.Label]</label>
					</control>
					<control type="label">
						<posx>180</posx>
						<posy>2</posy>
						<width>400</width>
						<height>30</height>
						<font>font13</font>
						<textcolor>grey2</textcolor>
						<selectedcolor>selected</selectedcolor>
						<align>right</align>
						<aligny>center</aligny>
						<label>$INFO[ListItem.Label2]</label>
					</control>
					<control type="image">
						<description>Rating value</description>
						<posx>480</posx>
						<posy>30</posy>
						<width>100</width>
						<height>25</height>
						<aspectratio align="left">keep</aspectratio>
						<texture fallback="light/left_rating/rating0.png">$INFO[ListItem.StarRating,light/left_rating/]</texture>
					</control>
				</itemlayout>
				<focusedlayout height="60" width="590">
					<control type="image">
						<posx>0</posx>
						<posy>0</posy>
						<width>590</width>
						<height>60</height>
						<texture border="5">ListFO.png</texture>
						<include>VisibleFadeEffect</include>
					</control>
					<control type="image">
						<posx>10</posx>
						<posy>5</posy>
						<width>50</width>
						<height>50</height>
						<texture background="true">$INFO[ListItem.Icon]</texture>
						<aspectratio>keep</aspectratio>
					</control>
					<control type="label">
						<posx>75</posx>
						<posy>0</posy>
						<width>410</width>
						<height>60</height>
						<font>font13</font>
						<textcolor>black</textcolor>
						<selectedcolor>selected</selectedcolor>
						<align>left</align>
						<aligny>center</aligny>
						<label>$INFO[ListItem.Label]</label>
					</control>
					<control type="label">
						<posx>180</posx>
						<posy>2</posy>
						<width>400</width>
						<height>30</height>
						<font>font13</font>
						<textcolor>black</textcolor>
						<selectedcolor>selected</selectedcolor>
						<align>right</align>
						<aligny>center</aligny>
						<label>$INFO[ListItem.Label2]</label>
					</control>
					<control type="image">
						<description>Rating value</description>
						<posx>480</posx>
						<posy>30</posy>
						<width>100</width>
						<height>25</height>
						<aspectratio align="left">keep</aspectratio>
						<texture fallback="dark/left_rating/rating0.png">$INFO[ListItem.StarRating,dark/left_rating/]</texture>
					</control>
				</focusedlayout>
			</control>
		</control>
		<control type="group">
			<include>16x9_xPos_Relocation</include>
			<include>Window_OpenClose_Animation_Zoom</include>
			<posx>650</posx>
			<posy>110</posy>
			<control type="label">
				<posx>0</posx>
				<posy>0</posy>
				<width>590</width>
				<height>30</height>
				<font>font13_title</font>
				<textcolor>white</textcolor>
				<scroll>true</scroll>
				<align>center</align>
				<aligny>center</aligny>
				<label>31059</label>
			</control>
			<control type="label">
				<description>Page Count Label</description>
				<posx>590</posx>
				<posy>710</posy>
				<width>590</width>
				<font>font13</font>
				<align>right</align>
				<scroll>true</scroll>
				<textcolor>white</textcolor>
				<shadowcolor>black</shadowcolor>
				<label>($INFO[Container(100).NumItems]) $LOCALIZE[31025] - $LOCALIZE[31024] ($INFO[Container(100).CurrentPage]/$INFO[Container(100).NumPages])</label>
			</control>
			<control type="panel" id="100">
				<posx>0</posx>
				<posy>40</posy>
				<width>590</width>
				<height>660</height>
				<onleft>50</onleft>
				<onright>50</onright>
				<onup>100</onup>
				<ondown>100</ondown>
				<viewtype label="">list</viewtype>
				<pagecontrol>30</pagecontrol>
				<scrolltime>200</scrolltime>
				<itemlayout height="60" width="590">
					<control type="image">
						<posx>0</posx>
						<posy>0</posy>
						<width>590</width>
						<height>60</height>
						<texture border="5">ListNF.png</texture>
					</control>
					<control type="image">
						<posx>10</posx>
						<posy>5</posy>
						<width>50</width>
						<height>50</height>
						<texture background="true">$INFO[ListItem.Icon]</texture>
						<aspectratio>keep</aspectratio>
					</control>
					<control type="label">
						<posx>75</posx>
						<posy>0</posy>
						<width>410</width>
						<height>60</height>
						<font>font13</font>
						<textcolor>white</textcolor>
						<selectedcolor>selected</selectedcolor>
						<align>left</align>
						<aligny>center</aligny>
						<label>$INFO[ListItem.Label]</label>
					</control>
					<control type="label">
						<posx>180</posx>
						<posy>2</posy>
						<width>400</width>
						<height>30</height>
						<font>font13</font>
						<textcolor>grey2</textcolor>
						<selectedcolor>selected</selectedcolor>
						<align>right</align>
						<aligny>center</aligny>
						<label>$INFO[ListItem.Label2]</label>
					</control>
					<control type="image">
						<description>Rating value</description>
						<posx>480</posx>
						<posy>30</posy>
						<width>100</width>
						<height>25</height>
						<aspectratio align="left">keep</aspectratio>
						<texture fallback="light/left_rating/rating0.png">$INFO[ListItem.StarRating,light/left_rating/]</texture>
					</control>
				</itemlayout>
				<focusedlayout height="60" width="590">
					<control type="image">
						<posx>0</posx>
						<posy>0</posy>
						<width>590</width>
						<height>60</height>
						<texture border="5">ListFO.png</texture>
						<include>VisibleFadeEffect</include>
					</control>
					<control type="image">
						<posx>10</posx>
						<posy>5</posy>
						<width>50</width>
						<height>50</height>
						<texture background="true">$INFO[ListItem.Icon]</texture>
						<aspectratio>keep</aspectratio>
					</control>
					<control type="label">
						<posx>75</posx>
						<posy>0</posy>
						<width>410</width>
						<height>60</height>
						<font>font13</font>
						<textcolor>black</textcolor>
						<selectedcolor>selected</selectedcolor>
						<align>left</align>
						<aligny>center</aligny>
						<label>$INFO[ListItem.Label]</label>
					</control>
					<control type="label">
						<posx>180</posx>
						<posy>2</posy>
						<width>400</width>
						<height>30</height>
						<font>font13</font>
						<textcolor>black</textcolor>
						<selectedcolor>selected</selectedcolor>
						<align>right</align>
						<aligny>center</aligny>
						<label>$INFO[ListItem.Label2]</label>
					</control>
					<control type="image">
						<description>Rating value</description>
						<posx>480</posx>
						<posy>30</posy>
						<width>100</width>
						<height>25</height>
						<aspectratio align="left">keep</aspectratio>
						<texture fallback="dark/left_rating/rating0.png">$INFO[ListItem.StarRating,dark/left_rating/]</texture>
					</control>
				</focusedlayout>
			</control>
		</control>
		<control type="panel" id="9002">
			<visible>!Window.IsActive(PlayerControls)</visible>
			<include>VisibleFadeEffect</include>
			<include>SubMenuCommonLayout</include>
			<content>
				<item>
					<label>31200</label>
					<onclick>ParentDir</onclick>
					<icon>icon_back.png</icon>
				</item>
				<item>
					<label>1036</label>
					<onclick>ActivateWindow(Favourites)</onclick>
					<icon>icon_favourites.png</icon>
				</item>
			</content>
		</control>
		<include name="DropdownMenu">
			<param name="SB">260</param>
			<param name="PB">200</param>
			<param name="PF">182</param>
		</include>
	</controls>
</window>
