<?xml version="1.0" encoding="UTF-8"?>
<window>
	<defaultcontrol always="true">10</defaultcontrol>
	<allowoverlay>no</allowoverlay>
	<views>10,11,12,13</views>
	<onunload>Skin.Reset(MediaSubMenuVisible)</onunload>
	<controls>
		<include>CommonBackground</include>
		<include>MediaBladeLeft</include>
		<include>CommonBackgroundOverlay</include>
		<include>FileCountCommons</include>
		<include>HomeButtonCommons</include>
		<include>CommonNowPlaying</include>
		<include>OptionsButtonCommons</include>
		<control type="label">
			<description>Window label</description>
			<include>MediaWindowTitleCommons</include>
			<label>$VAR[PVRSection,, - ]$LOCALIZE[22020]$INFO[Control.GetLabel(29), - ]$INFO[Control.GetLabel(30), - ]</label>
		</control>
		<control type="label" id="29">
			<visible>False</visible>
		</control>
		<control type="label" id="30">
			<visible>False</visible>
		</control>
		<control type="group">
			<include>Window_OpenClose_Animation_Zoom</include>
			<include>PVREPGGuideView</include> <!-- view id = 10 -->
			<include>PVREPGNowView</include> <!-- view id = 11 -->
			<include>PVREPGNextView</include> <!-- view id = 12 -->
			<include>PVREPGChannelView</include> <!-- view id = 13 -->
		</control>
		<include>ScrollBarCommons</include>
		<include>MediaSubMenu</include>
		<include name="DropdownMenu">
			<param name="SB">440</param>
			<param name="PB">380</param>
			<param name="PF">362</param>
		</include>
		<include>ScrollOffsetLabel</include>
		<include>BehindDialogFadeOut</include>
	</controls>
</window>
