<?xml version="1.0" encoding="UTF-8"?>
<window>
	<defaultcontrol always="true">50</defaultcontrol>
	<allowoverlay>no</allowoverlay>
	<views>50</views>
	<onunload>Skin.Reset(MediaSubMenuVisible)</onunload>
	<controls>
		<include>CommonBackground</include>
		<include>MediaBladeLeft</include>
		<include>CommonBackgroundOverlay</include>
		<include>FileCountCommons</include>
		<include>HomeButtonCommons</include>
		<include>CommonNowPlaying</include>
		<include>OptionsButtonCommons</include>
		<control type="label">
			<description>Window label</description>
			<include>MediaWindowTitleCommons</include>
			<label>$VAR[PVRSection,, - ]$LOCALIZE[19019]$INFO[Control.GetLabel(29), - ]$INFO[Control.GetLabel(30), - ]</label>
		</control>
		<control type="label" id="29">
			<visible>False</visible>
		</control>
		<control type="group">
			<include>Window_OpenClose_Animation_Zoom</include>
			<include>PVRChannelsView</include> <!-- view id = 50 -->
		</control>
		<include>ScrollBarCommons</include>
		<include>MediaSubMenu</include>
		<include name="DropdownMenu">
			<param name="SB">500</param>
			<param name="PB">440</param>
			<param name="PF">422</param>
		</include>
		<include>ScrollOffsetLabel</include>
		<include>BehindDialogFadeOut</include>
	</controls>
</window>
