<?xml version="1.0" encoding="UTF-8"?>
<window>
	<defaultcontrol always="true">50</defaultcontrol>
	<allowoverlay>no</allowoverlay>
	<views>50,550,500,502,552</views>
	<onunload>Skin.Reset(MediaSubMenuVisible)</onunload>
	<controls>
		<include>CommonBackground</include>
		<include>MediaBladeLeft</include>
		<include>CommonBackgroundOverlay</include>
		<include>FileCountCommons</include>
		<include>HomeButtonCommons</include>
		<include>CommonNowPlaying</include>
		<include>OptionsButtonCommons</include>
		<control type="label">
			<description>Window label</description>
			<include>MediaWindowTitleCommons</include>
			<label>$LOCALIZE[3]$INFO[Container.FolderName, - ]</label>
		</control>
		<control type="group">
			<include>Window_OpenClose_Animation_Zoom</include>
			<include>CommonRootViewVideo</include> <!-- view id = 50 -->
			<include>ThumbnailView</include> <!-- view id = 500 -->
			<include>WideIconView</include> <!-- view id = 502 -->
			<include>RootViewMetaDataVideo</include> <!-- view id = 550 -->
			<include>WideIconMetaDataView</include> <!-- view id = 552 -->
		</control>
		<include>ScrollBarCommons</include>
		<include>MediaSubMenu</include>
		<include name="DropdownMenu">
			<param name="SB">500</param>
			<param name="PB">440</param>
			<param name="PF">422</param>
		</include>
		<include>ScrollOffsetLabel</include>
		<include>BehindDialogFadeOut</include>
	</controls>
</window>
