<?xml version="1.0" encoding="UTF-8"?>
<window>
	<defaultcontrol>3</defaultcontrol>
	<allowoverlay>no</allowoverlay>
	<onunload>Skin.Reset(MediaSubMenuVisible)</onunload>
	<controls>
		<include>CommonBackground</include>
		<include>CommonBackgroundOverlay</include>
		<include>HomeButtonCommons</include>
		<include>CommonNowPlaying</include>
		<include>OptionsButtonCommons</include>
		<include>ScrollBarCommons</include>
		<control type="label">
			<description>Window label</description>
			<include>MediaWindowTitleCommons</include>
			<label>$LOCALIZE[5]$INFO[Control.GetLabel(2), - ]</label>
		</control>
		<control type="panel" id="9002">
			<visible>!Window.IsActive(PlayerControls)</visible>
			<include>VisibleFadeEffect</include>
			<include>SubMenuCommonLayout</include>
			<content>
				<item>
					<label>31200</label>
					<onclick>Back</onclick>
					<icon>icon_back.png</icon>
				</item>
				<item>
					<label>1036</label>
					<onclick>ActivateWindow(Favourites)</onclick>
					<icon>icon_favourites.png</icon>
				</item>
			</content>
		</control>
		<control type="group">
			<include>Window_OpenClose_Animation_Zoom</include>
			<include>16x9_xPos_Relocation</include>
			<posx>50</posx>
			<posy>140</posy>
			<control type="grouplist" id="3">
				<description>button area</description>
				<posx>0</posx>
				<posy>0</posy>
				<width>280</width>
				<height>720</height>
				<itemgap>-1</itemgap>
				<onleft>5</onleft>
				<onright>5</onright>
				<onup>3</onup>
				<ondown>3</ondown>
			</control>
			<control type="grouplist" id="5">
				<description>control area</description>
				<posx>300</posx>
				<posy>0</posy>
				<width>880</width>
				<height>605</height>
				<itemgap>0</itemgap>
				<pagecontrol>60</pagecontrol>
				<onleft>3</onleft>
				<onright>3</onright>
				<onup>5</onup>
				<ondown>5</ondown>
			</control>
		</control>

		<control type="group">
			<include>Window_OpenClose_Animation_Zoom</include>
			<include>16x9_xPos_Relocation</include>
			<posx>330</posx>
			<posy>735</posy>
			<control type="image">
				<posx>0</posx>
				<posy>0</posy>
				<width>920</width>
				<height>140</height>
				<texture border="5">SubBack.png</texture>
				<bordertexture border="30">ShadowBorder.png</bordertexture>
				<bordersize>20</bordersize>
			</control>
			<control type="textbox" id="6">
				<description>Settings Description</description>
				<posx>40</posx>
				<posy>27</posy>
				<width>840</width>
				<height>78</height>
				<font>font13</font>
				<textcolor>grey2</textcolor>
				<align>left</align>
			</control>
			<control type="image">
				<posx>20</posx>
				<posy>20</posy>
				<width>400</width>
				<height>100</height>
				<texture>GlassOverlay.png</texture>
				<colordiffuse>55FFFFFF</colordiffuse>
			</control>
		</control>

		<include>BehindDialogFadeOut</include>

		<control type="button" id="10">
			<description>Default Category Button</description>
			<height>70</height>
			<textoffsetx>20</textoffsetx>
			<align>right</align>
			<aligny>center</aligny>
			<font>font24_title</font>
			<textcolor>white</textcolor>
			<focusedcolor>selected</focusedcolor>
			<texturefocus border="5">button-nofocus2.png</texturefocus>
			<texturenofocus border="5">button-nofocus2.png</texturenofocus>
			<pulseonselect>false</pulseonselect>
		</control>
		<control type="button" id="7">
			<description>Default Button</description>
			<posx>0</posx>
			<posy>0</posy>
			<height>60</height>
			<font>font13</font>
			<textcolor>white</textcolor>
			<focusedcolor>black</focusedcolor>
			<texturefocus border="5">ListFO.png</texturefocus>
			<texturenofocus border="5">ListNF.png</texturenofocus>
		</control>
		<control type="label" id="14">
			<description>Default Label</description>
			<posx>0</posx>
			<posy>0</posy>
			<height>60</height>
			<font>font13</font>
			<textcolor>white</textcolor>
			<align>center</align>
		</control>
		<control type="radiobutton" id="8">
			<description>Default RadioButton</description>
			<posx>0</posx>
			<posy>0</posy>
			<height>60</height>
			<font>font13</font>
			<textcolor>white</textcolor>
			<focusedcolor>black</focusedcolor>
			<texturefocus border="5">ListFO.png</texturefocus>
			<texturenofocus border="5">ListNF.png</texturenofocus>
		</control>
		<control type="spincontrolex" id="9">
			<description>Default SpinControlex</description>
			<posx>0</posx>
			<posy>0</posy>
			<height>60</height>
			<font>font13</font>
			<textcolor>white</textcolor>
			<focusedcolor>black</focusedcolor>
			<texturefocus border="5">ListFO.png</texturefocus>
			<texturenofocus border="5">ListNF.png</texturenofocus>
			<aligny>center</aligny>
			<reverse>yes</reverse>
		</control>
		<control type="sliderex" id="13">
			<description>Default SpinControlex</description>
			<posx>0</posx>
			<posy>0</posy>
			<height>60</height>
			<font>font13</font>
			<textcolor>white</textcolor>
			<focusedcolor>black</focusedcolor>
			<texturefocus border="5">ListFO.png</texturefocus>
			<texturenofocus border="5">ListNF.png</texturenofocus>
			<aligny>center</aligny>
		</control>
		<control type="image" id="11">
			<description>separator image</description>
			<height>5</height>
			<texture>separator.png</texture>
		</control>
		<control type="label" id="2">
			<description>Fake Label so we can pass it on</description>
			<posx>0</posx>
			<posy>0</posy>
			<width>0</width>
			<height>0</height>
			<font>-</font>
			<visible>false</visible>
		</control>
		<include name="DropdownMenu">
			<param name="SB">200</param>
			<param name="PB">140</param>
			<param name="PF">122</param>
		</include>
	</controls>
</window>
