<?xml version="1.0" encoding="UTF-8"?>
<window>
	<defaultcontrol>91</defaultcontrol>
	<allowoverlay>no</allowoverlay>
	<controls>
		<include>CommonBackground</include>
		<include>CommonBackgroundOverlay</include>
		<include>HomeButtonCommons</include>
		<include>CommonNowPlaying</include>
		<include>ScrollBarCommons</include>
		<control type="label">
			<description>Window label</description>
			<include>MediaWindowTitleCommons</include>
			<label>$LOCALIZE[20077]</label>
		</control>
		<control type="panel" id="9002">
			<visible>!Window.IsActive(PlayerControls)</visible>
			<include>VisibleFadeEffect</include>
			<include>SubMenuCommonLayout</include>
			<content>
				<item>
					<label>31200</label>
					<onclick>Back</onclick>
					<icon>icon_back.png</icon>
				</item>
				<item>
					<label>1036</label>
					<onclick>ActivateWindow(Favourites)</onclick>
					<icon>icon_favourites.png</icon>
				</item>
			</content>
		</control>
		<control type="group">
			<include>Window_OpenClose_Animation_Zoom</include>
			<include>16x9_xPos_Relocation</include>
			<control type="grouplist" id="9">
				<description>button area</description>
				<posx>40</posx>
				<posy>270</posy>
				<width>350</width>
				<height>150</height>
				<itemgap>5</itemgap>
				<align>center</align>
				<onleft>9</onleft>
				<onright>9</onright>
				<onup>2</onup>
				<ondown>2</ondown>
				<control type="button" id="91">
					<description>Home Button</description>
					<width>310</width>
					<height>50</height>
					<include>ButtonInfoDialogsCommonValues</include>
					<label>10000</label>
					<onfocus>Skin.SetString(SkinSettings,1)</onfocus>
				</control>
				<control type="button" id="92">
					<description>Addon Button</description>
					<width>310</width>
					<height>50</height>
					<include>ButtonInfoDialogsCommonValues</include>
					<label>24001</label>
					<onfocus>Skin.SetString(SkinSettings,2)</onfocus>
				</control>
			</control>
			<control type="grouplist" id="100">
				<description>control area</description>
				<posx>370</posx>
				<posy>140</posy>
				<width>920</width>
				<height>692</height>
				<itemgap>-1</itemgap>
				<pagecontrol>60</pagecontrol>
				<onup>100</onup>
				<ondown>9002</ondown>
				<onleft>9</onleft>
				<onright>60</onright>
				<visible>Skin.String(SkinSettings,1)</visible>
				<control type="label" id="101">
					<height>50</height>
					<width>920</width>
					<font>font13_title</font>
					<label>31500</label>
					<textcolor>white</textcolor>
					<align>center</align>
					<aligny>center</aligny>
				</control>
				<control type="radiobutton" id="102">
					<description>Show LiveTV</description>
					<height>55</height>
					<width>920</width>
					<font>font13</font>
					<textcolor>white</textcolor>
					<focusedcolor>black</focusedcolor>
					<texturefocus border="5">ListFO.png</texturefocus>
					<texturenofocus border="5">ListNF.png</texturenofocus>
					<label>$LOCALIZE[31556]</label>
					<onclick>Skin.ToggleSetting(ShowHomeButtonLiveTV)</onclick>
					<selected>Skin.HasSetting(ShowHomeButtonLiveTV)</selected>
				</control>
				<control type="radiobutton" id="103">
					<description>Hide Videos</description>
					<height>55</height>
					<width>920</width>
					<font>font13</font>
					<textcolor>white</textcolor>
					<focusedcolor>black</focusedcolor>
					<texturefocus border="5">ListFO.png</texturefocus>
					<texturenofocus border="5">ListNF.png</texturenofocus>
					<label>$LOCALIZE[3]</label>
					<onclick>Skin.ToggleSetting(HideHomeButtonVideo)</onclick>
					<selected>!Skin.HasSetting(HideHomeButtonVideo)</selected>
				</control>
				<control type="radiobutton" id="104">
					<description>Hide Movies</description>
					<height>55</height>
					<width>920</width>
					<font>font13</font>
					<textcolor>white</textcolor>
					<focusedcolor>black</focusedcolor>
					<texturefocus border="5">ListFO.png</texturefocus>
					<texturenofocus border="5">ListNF.png</texturenofocus>
					<label>$LOCALIZE[20342]</label>
					<onclick>Skin.ToggleSetting(HideHomeButtonMovies)</onclick>
					<selected>!Skin.HasSetting(HideHomeButtonMovies)</selected>
					<enable>Library.HasContent(Movies)</enable>
				</control>
				<control type="radiobutton" id="105">
					<description>Hide TVShows</description>
					<height>55</height>
					<width>920</width>
					<font>font13</font>
					<textcolor>white</textcolor>
					<focusedcolor>black</focusedcolor>
					<texturefocus border="5">ListFO.png</texturefocus>
					<texturenofocus border="5">ListNF.png</texturenofocus>
					<label>$LOCALIZE[20343]</label>
					<onclick>Skin.ToggleSetting(HideHomeButtonTVShows)</onclick>
					<selected>!Skin.HasSetting(HideHomeButtonTVShows)</selected>
					<enable>Library.HasContent(TVShows)</enable>
				</control>
				<control type="radiobutton" id="106">
					<description>Hide Music</description>
					<height>55</height>
					<width>920</width>
					<font>font13</font>
					<textcolor>white</textcolor>
					<focusedcolor>black</focusedcolor>
					<texturefocus border="5">ListFO.png</texturefocus>
					<texturenofocus border="5">ListNF.png</texturenofocus>
					<label>$LOCALIZE[2]</label>
					<onclick>Skin.ToggleSetting(HideHomeButtonMusic)</onclick>
					<selected>!Skin.HasSetting(HideHomeButtonMusic)</selected>
				</control>
				<control type="radiobutton" id="107">
					<description>Hide Pictures</description>
					<height>55</height>
					<width>920</width>
					<font>font13</font>
					<textcolor>white</textcolor>
					<focusedcolor>black</focusedcolor>
					<texturefocus border="5">ListFO.png</texturefocus>
					<texturenofocus border="5">ListNF.png</texturenofocus>
					<label>$LOCALIZE[1]</label>
					<onclick>Skin.ToggleSetting(HideHomeButtonPictures)</onclick>
					<selected>!Skin.HasSetting(HideHomeButtonPictures)</selected>
				</control>
				<control type="radiobutton" id="108">
					<description>Hide Programs</description>
					<height>55</height>
					<width>920</width>
					<font>font13</font>
					<textcolor>white</textcolor>
					<focusedcolor>black</focusedcolor>
					<texturefocus border="5">ListFO.png</texturefocus>
					<texturenofocus border="5">ListNF.png</texturenofocus>
					<label>$LOCALIZE[0]</label>
					<onclick>Skin.ToggleSetting(HideHomeButtonPrograms)</onclick>
					<selected>!Skin.HasSetting(HideHomeButtonPrograms)</selected>
				</control>
				<control type="label" id="110">
					<height>50</height>
					<width>920</width>
					<font>font13_title</font>
					<label>31502</label>
					<textcolor>white</textcolor>
					<align>center</align>
					<aligny>center</aligny>
				</control>
				<control type="radiobutton" id="111">
					<description>Show Weather info and button</description>
					<height>55</height>
					<width>920</width>
					<font>font13</font>
					<textcolor>white</textcolor>
					<focusedcolor>black</focusedcolor>
					<texturefocus border="5">ListFO.png</texturefocus>
					<texturenofocus border="5">ListNF.png</texturenofocus>
					<label>$LOCALIZE[31550]</label>
					<onclick>Skin.ToggleSetting(HideHomeButtonWeather)</onclick>
					<selected>!Skin.HasSetting(HideHomeButtonWeather)</selected>
				</control>
				<control type="radiobutton" id="112">
					<description>Use custom background</description>
					<height>55</height>
					<width>920</width>
					<font>font13</font>
					<textcolor>white</textcolor>
					<focusedcolor>black</focusedcolor>
					<texturefocus border="5">ListFO.png</texturefocus>
					<texturenofocus border="5">ListNF.png</texturenofocus>
					<label>$LOCALIZE[31553]</label>
					<onclick>Skin.ToggleSetting(UseCustomBackground)</onclick>
					<selected>Skin.HasSetting(UseCustomBackground)</selected>
				</control>
				<control type="button" id="113">
					<height>55</height>
					<width>920</width>
					<label>- $LOCALIZE[31554]</label>
					<label2>$INFO[Skin.String(CustomBackground)]</label2>
					<font>font13</font>
					<textcolor>white</textcolor>
					<focusedcolor>black</focusedcolor>
					<texturefocus border="5">ListFO.png</texturefocus>
					<texturenofocus border="5">ListNF.png</texturenofocus>
					<onclick>Skin.SetImage(CustomBackground)</onclick>
					<enable>Skin.HasSetting(UseCustomBackground)</enable>
				</control>
				<control type="radiobutton" id="114">
					<description>Hide video background</description>
					<height>55</height>
					<width>920</width>
					<font>font13</font>
					<textcolor>white</textcolor>
					<focusedcolor>black</focusedcolor>
					<texturefocus border="5">ListFO.png</texturefocus>
					<texturenofocus border="5">ListNF.png</texturenofocus>
					<label>$LOCALIZE[31557]</label>
					<onclick>Skin.ToggleSetting(HideVideoBackground)</onclick>
					<selected>Skin.HasSetting(HideVideoBackground)</selected>
				</control>
				<control type="radiobutton" id="115">
					<description>Hide viz background</description>
					<height>55</height>
					<width>920</width>
					<font>font13</font>
					<textcolor>white</textcolor>
					<focusedcolor>black</focusedcolor>
					<texturefocus border="5">ListFO.png</texturefocus>
					<texturenofocus border="5">ListNF.png</texturenofocus>
					<label>$LOCALIZE[31558]</label>
					<onclick>Skin.ToggleSetting(HideVizBackground)</onclick>
					<selected>Skin.HasSetting(HideVizBackground)</selected>
				</control>

			</control>
			<control type="grouplist" id="200">
				<description>control area</description>
				<posx>370</posx>
				<posy>140</posy>
				<width>920</width>
				<height>692</height>
				<itemgap>-1</itemgap>
				<pagecontrol>60</pagecontrol>
				<onup>200</onup>
				<ondown>9002</ondown>
				<onleft>9</onleft>
				<onright>60</onright>
				<visible>Skin.String(SkinSettings,2)</visible>
				<control type="label" id="201">
					<height>50</height>
					<width>920</width>
					<font>font13_title</font>
					<label>31501</label>
					<textcolor>white</textcolor>
					<align>center</align>
					<aligny>center</aligny>
				</control>
				<control type="button" id="202">
					<description>Home Addon Button</description>
					<height>55</height>
					<width>920</width>
					<font>font13</font>
					<textcolor>white</textcolor>
					<focusedcolor>black</focusedcolor>
					<texturefocus border="5">ListFO.png</texturefocus>
					<texturenofocus border="5">ListNF.png</texturenofocus>
					<label>$LOCALIZE[31551] 1</label>
					<label2>$INFO[system.addontitle(Skin.String(HomeAddonButton1))]</label2>
					<onclick>Skin.SetAddon(HomeAddonButton1,xbmc.addon.video,xbmc.addon.audio,xbmc.addon.image,xbmc.python.script)</onclick>
				</control>
				<control type="button" id="203">
					<description>Home Addon Button</description>
					<height>55</height>
					<width>920</width>
					<font>font13</font>
					<textcolor>white</textcolor>
					<focusedcolor>black</focusedcolor>
					<texturefocus border="5">ListFO.png</texturefocus>
					<texturenofocus border="5">ListNF.png</texturenofocus>
					<label>$LOCALIZE[31551] 2</label>
					<label2>$INFO[system.addontitle(Skin.String(HomeAddonButton2))]</label2>
					<onclick>Skin.SetAddon(HomeAddonButton2,xbmc.addon.video,xbmc.addon.audio,xbmc.addon.image,xbmc.python.script)</onclick>
				</control>
				<control type="button" id="204">
					<description>Home Addon Button</description>
					<height>55</height>
					<width>920</width>
					<font>font13</font>
					<textcolor>white</textcolor>
					<focusedcolor>black</focusedcolor>
					<texturefocus border="5">ListFO.png</texturefocus>
					<texturenofocus border="5">ListNF.png</texturenofocus>
					<label>$LOCALIZE[31551] 3</label>
					<label2>$INFO[system.addontitle(Skin.String(HomeAddonButton3))]</label2>
					<onclick>Skin.SetAddon(HomeAddonButton3,xbmc.addon.video,xbmc.addon.audio,xbmc.addon.image,xbmc.python.script)</onclick>
				</control>
				<control type="button" id="205">
					<description>Home Addon Button</description>
					<height>55</height>
					<width>920</width>
					<font>font13</font>
					<textcolor>white</textcolor>
					<focusedcolor>black</focusedcolor>
					<texturefocus border="5">ListFO.png</texturefocus>
					<texturenofocus border="5">ListNF.png</texturenofocus>
					<label>$LOCALIZE[31551] 4</label>
					<label2>$INFO[system.addontitle(Skin.String(HomeAddonButton4))]</label2>
					<onclick>Skin.SetAddon(HomeAddonButton4,xbmc.addon.video,xbmc.addon.audio,xbmc.addon.image,xbmc.python.script)</onclick>
				</control>
				<control type="button" id="206">
					<description>Home Addon Button</description>
					<height>55</height>
					<width>920</width>
					<font>font13</font>
					<textcolor>white</textcolor>
					<focusedcolor>black</focusedcolor>
					<texturefocus border="5">ListFO.png</texturefocus>
					<texturenofocus border="5">ListNF.png</texturenofocus>
					<label>$LOCALIZE[31551] 5</label>
					<label2>$INFO[system.addontitle(Skin.String(HomeAddonButton5))]</label2>
					<onclick>Skin.SetAddon(HomeAddonButton5,xbmc.addon.video,xbmc.addon.audio,xbmc.addon.image,xbmc.python.script)</onclick>
				</control>
				<control type="button" id="207">
					<description>Home Addon Button</description>
					<height>55</height>
					<width>920</width>
					<font>font13</font>
					<textcolor>white</textcolor>
					<focusedcolor>black</focusedcolor>
					<texturefocus border="5">ListFO.png</texturefocus>
					<texturenofocus border="5">ListNF.png</texturenofocus>
					<label>$LOCALIZE[31551] 6</label>
					<label2>$INFO[system.addontitle(Skin.String(HomeAddonButton6))]</label2>
					<onclick>Skin.SetAddon(HomeAddonButton6,xbmc.addon.video,xbmc.addon.audio,xbmc.addon.image,xbmc.python.script)</onclick>
				</control>
				<control type="button" id="208">
					<description>Home Addon Button</description>
					<height>55</height>
					<width>920</width>
					<font>font13</font>
					<textcolor>white</textcolor>
					<focusedcolor>black</focusedcolor>
					<texturefocus border="5">ListFO.png</texturefocus>
					<texturenofocus border="5">ListNF.png</texturenofocus>
					<label>$LOCALIZE[31551] 7</label>
					<label2>$INFO[system.addontitle(Skin.String(HomeAddonButton7))]</label2>
					<onclick>Skin.SetAddon(HomeAddonButton7,xbmc.addon.video,xbmc.addon.audio,xbmc.addon.image,xbmc.python.script)</onclick>
				</control>
				<control type="button" id="209">
					<description>Home Addon Button</description>
					<height>55</height>
					<width>920</width>
					<font>font13</font>
					<textcolor>white</textcolor>
					<focusedcolor>black</focusedcolor>
					<texturefocus border="5">ListFO.png</texturefocus>
					<texturenofocus border="5">ListNF.png</texturenofocus>
					<label>$LOCALIZE[31551] 8</label>
					<label2>$INFO[system.addontitle(Skin.String(HomeAddonButton8))]</label2>
					<onclick>Skin.SetAddon(HomeAddonButton8,xbmc.addon.video,xbmc.addon.audio,xbmc.addon.image,xbmc.python.script)</onclick>
				</control>
				<control type="button" id="210">
					<description>Home Addon Button</description>
					<height>55</height>
					<width>920</width>
					<font>font13</font>
					<textcolor>white</textcolor>
					<focusedcolor>black</focusedcolor>
					<texturefocus border="5">ListFO.png</texturefocus>
					<texturenofocus border="5">ListNF.png</texturenofocus>
					<label>$LOCALIZE[31551] 9</label>
					<label2>$INFO[system.addontitle(Skin.String(HomeAddonButton9))]</label2>
					<onclick>Skin.SetAddon(HomeAddonButton9,xbmc.addon.video,xbmc.addon.audio,xbmc.addon.image,xbmc.python.script)</onclick>
				</control>
				<control type="button" id="211">
					<description>Home Addon Button</description>
					<height>55</height>
					<width>920</width>
					<font>font13</font>
					<textcolor>white</textcolor>
					<focusedcolor>black</focusedcolor>
					<texturefocus border="5">ListFO.png</texturefocus>
					<texturenofocus border="5">ListNF.png</texturenofocus>
					<label>$LOCALIZE[31551] 10</label>
					<label2>$INFO[system.addontitle(Skin.String(HomeAddonButton10))]</label2>
					<onclick>Skin.SetAddon(HomeAddonButton10,xbmc.addon.video,xbmc.addon.audio,xbmc.addon.image,xbmc.python.script)</onclick>
				</control>
				<control type="button" id="212">
					<description>Home Addon Button</description>
					<height>55</height>
					<width>920</width>
					<font>font13</font>
					<textcolor>white</textcolor>
					<focusedcolor>black</focusedcolor>
					<texturefocus border="5">ListFO.png</texturefocus>
					<texturenofocus border="5">ListNF.png</texturenofocus>
					<label>$LOCALIZE[31551] 11</label>
					<label2>$INFO[system.addontitle(Skin.String(HomeAddonButton11))]</label2>
					<onclick>Skin.SetAddon(HomeAddonButton11,xbmc.addon.video,xbmc.addon.audio,xbmc.addon.image,xbmc.python.script)</onclick>
				</control>
				<control type="button" id="213">
					<description>Home Addon Button</description>
					<height>55</height>
					<width>920</width>
					<font>font13</font>
					<textcolor>white</textcolor>
					<focusedcolor>black</focusedcolor>
					<texturefocus border="5">ListFO.png</texturefocus>
					<texturenofocus border="5">ListNF.png</texturenofocus>
					<label>$LOCALIZE[31551] 12</label>
					<label2>$INFO[system.addontitle(Skin.String(HomeAddonButton12))]</label2>
					<onclick>Skin.SetAddon(HomeAddonButton12,xbmc.addon.video,xbmc.addon.audio,xbmc.addon.image,xbmc.python.script)</onclick>
				</control>
			</control>
		</control>
	</controls>
</window>
