<?xml version="1.0" encoding="UTF-8"?>
<includes>
	<include name="CommonRootView">
		<control type="panel" id="50">
			<posx>120</posx>
			<posy>120</posy>
			<width>1530</width>
			<height>720</height>
			<onleft>2</onleft>
			<onright>60</onright>
			<onup>50</onup>
			<ondown>50</ondown>
			<viewtype label="535">list</viewtype>
			<pagecontrol>60</pagecontrol>
			<scrolltime>200</scrolltime>
			<itemlayout height="60" width="1530">
				<control type="image">
					<posx>0</posx>
					<posy>0</posy>
					<width>1530</width>
					<height>60</height>
					<texture border="5">ListNF.png</texture>
				</control>
				<control type="image">
					<posx>10</posx>
					<posy>5</posy>
					<width>50</width>
					<height>50</height>
					<texture background="true">$VAR[PosterThumb]</texture>
					<aspectratio>keep</aspectratio>
				</control>
				<control type="label">
					<posx>75</posx>
					<posy>0</posy>
					<width>1230</width>
					<height>60</height>
					<font>font16</font>
					<textcolor>grey2</textcolor>
					<selectedcolor>selected</selectedcolor>
					<align>left</align>
					<aligny>center</aligny>
					<label>$INFO[ListItem.Label]</label>
				</control>
				<control type="label">
					<posx>1110</posx>
					<posy>2</posy>
					<width>400</width>
					<height>30</height>
					<font>font13</font>
					<textcolor>grey2</textcolor>
					<selectedcolor>selected</selectedcolor>
					<align>right</align>
					<aligny>center</aligny>
					<label>$INFO[ListItem.Label2]</label>
				</control>
				<control type="image">
					<description>Rating value</description>
					<posx>1415</posx>
					<posy>30</posy>
					<width>100</width>
					<height>25</height>
					<aspectratio align="left">keep</aspectratio>
					<texture fallback="light/left_rating/rating0.png">$INFO[ListItem.StarRating,light/left_rating/]</texture>
				</control>
			</itemlayout>
			<focusedlayout height="60" width="1530">
				<control type="image">
					<posx>0</posx>
					<posy>0</posy>
					<width>1530</width>
					<height>60</height>
					<texture border="5">ListFO.png</texture>
					<include>VisibleFadeEffect</include>
				</control>
				<control type="image">
					<posx>10</posx>
					<posy>5</posy>
					<width>50</width>
					<height>50</height>
					<texture background="true">$VAR[PosterThumb]</texture>
					<aspectratio>keep</aspectratio>
				</control>
				<control type="label">
					<posx>75</posx>
					<posy>0</posy>
					<width>1230</width>
					<height>60</height>
					<font>font16</font>
					<textcolor>black</textcolor>
					<selectedcolor>selected</selectedcolor>
					<align>left</align>
					<aligny>center</aligny>
					<label>$INFO[ListItem.Label]</label>
				</control>
				<control type="label">
					<posx>1110</posx>
					<posy>2</posy>
					<width>400</width>
					<height>30</height>
					<font>font13</font>
					<textcolor>black</textcolor>
					<selectedcolor>selected</selectedcolor>
					<align>right</align>
					<aligny>center</aligny>
					<label>$INFO[ListItem.Label2]</label>
				</control>
				<control type="image">
					<description>Rating value</description>
					<posx>1415</posx>
					<posy>30</posy>
					<width>100</width>
					<height>25</height>
					<aspectratio align="left">keep</aspectratio>
					<texture fallback="dark/left_rating/rating0.png">$INFO[ListItem.StarRating,dark/left_rating/]</texture>
				</control>
			</focusedlayout>
		</control>
	</include>
	<include name="CommonRootViewVideo">
		<control type="panel" id="50">
			<posx>120</posx>
			<posy>120</posy>
			<width>1530</width>
			<height>720</height>
			<onleft>2</onleft>
			<onright>60</onright>
			<onup>50</onup>
			<ondown>50</ondown>
			<viewtype label="535">list</viewtype>
			<pagecontrol>60</pagecontrol>
			<scrolltime>200</scrolltime>
			<itemlayout height="60" width="1530">
				<control type="image">
					<posx>0</posx>
					<posy>0</posy>
					<width>1530</width>
					<height>60</height>
					<texture border="5">ListNF.png</texture>
				</control>
				<control type="image">
					<posx>10</posx>
					<posy>5</posy>
					<width>50</width>
					<height>50</height>
					<texture background="true">$VAR[PosterThumb]</texture>
					<aspectratio>keep</aspectratio>
				</control>
				<control type="label">
					<posx>75</posx>
					<posy>0</posy>
					<width>800</width>
					<height>60</height>
					<font>font16</font>
					<textcolor>grey2</textcolor>
					<selectedcolor>selected</selectedcolor>
					<align>left</align>
					<aligny>center</aligny>
					<label>$INFO[ListItem.Label]</label>
				</control>
				<control type="label">
					<posx>1080</posx>
					<posy>2</posy>
					<width>400</width>
					<height>30</height>
					<font>font13</font>
					<textcolor>grey2</textcolor>
					<selectedcolor>selected</selectedcolor>
					<align>right</align>
					<aligny>center</aligny>
					<label>$INFO[ListItem.Label2]</label>
					<visible>![Container.Content(Movies) | Container.Content(Episodes) | Container.Content(MusicVideos)]</visible>
				</control>
				<control type="image">
					<description>Rating value</description>
					<posx>1380</posx>
					<posy>30</posy>
					<width>100</width>
					<height>25</height>
					<aspectratio align="left">keep</aspectratio>
					<texture fallback="light/left_rating/rating0.png">$INFO[ListItem.StarRating,light/left_rating/]</texture>
					<visible>![Container.Content(Movies) | Container.Content(Episodes) | Container.Content(MusicVideos)]</visible>
				</control>
				<control type="label">
					<posx>1020</posx>
					<posy>2</posy>
					<width>400</width>
					<height>30</height>
					<font>font13</font>
					<textcolor>grey2</textcolor>
					<selectedcolor>selected</selectedcolor>
					<align>right</align>
					<aligny>center</aligny>
					<label>$INFO[ListItem.Label2]</label>
					<visible>[Container.Content(Movies) | Container.Content(Episodes) | Container.Content(MusicVideos)]</visible>
				</control>
				<control type="image">
					<description>Rating value</description>
					<posx>1320</posx>
					<posy>30</posy>
					<width>100</width>
					<height>25</height>
					<aspectratio align="left">keep</aspectratio>
					<texture fallback="light/left_rating/rating0.png">$INFO[ListItem.StarRating,light/left_rating/]</texture>
					<visible>[Container.Content(Movies) | Container.Content(Episodes) | Container.Content(MusicVideos)]</visible>
				</control>
				<control type="image">
					<posx>1430</posx>
					<posy>10</posy>
					<width>60</width>
					<height>40</height>
					<texture>$INFO[ListItem.VideoResolution,light/,.png]</texture>
					<visible>[Container.Content(Movies) | Container.Content(Episodes) | Container.Content(MusicVideos)]</visible>
				</control>
				<control type="image">
					<posx>1430</posx>
					<posy>10</posy>
					<width>60</width>
					<height>40</height>
					<texture>light/Set.png</texture>
					<visible>ListItem.IsCollection</visible>
				</control>
				<control type="image">
					<posx>1492</posx>
					<posy>17</posy>
					<width>25</width>
					<height>25</height>
					<aspectratio>keep</aspectratio>
					<texture>OverlayWatching.png</texture>
					<visible>ListItem.IsResumable</visible>
				</control>
				<control type="image">
					<posx>1490</posx>
					<posy>15</posy>
					<width>30</width>
					<height>30</height>
					<texture>$INFO[ListItem.Overlay,light/]</texture>
					<visible>!ListItem.IsResumable</visible>
				</control>
			</itemlayout>
			<focusedlayout height="60" width="1530">
				<control type="image">
					<posx>0</posx>
					<posy>0</posy>
					<width>1530</width>
					<height>60</height>
					<texture border="5">ListFO.png</texture>
					<include>VisibleFadeEffect</include>
				</control>
				<control type="image">
					<posx>10</posx>
					<posy>5</posy>
					<width>50</width>
					<height>50</height>
					<texture background="true">$VAR[PosterThumb]</texture>
					<aspectratio>keep</aspectratio>
				</control>
				<control type="label">
					<posx>75</posx>
					<posy>0</posy>
					<width>800</width>
					<height>60</height>
					<font>font16</font>
					<textcolor>black</textcolor>
					<selectedcolor>selected</selectedcolor>
					<align>left</align>
					<aligny>center</aligny>
					<label>$INFO[ListItem.Label]</label>
				</control>
				<control type="label">
					<posx>1080</posx>
					<posy>2</posy>
					<width>400</width>
					<height>30</height>
					<font>font13</font>
					<textcolor>black</textcolor>
					<selectedcolor>selected</selectedcolor>
					<align>right</align>
					<aligny>center</aligny>
					<label>$INFO[ListItem.Label2]</label>
					<visible>![Container.Content(Movies) | Container.Content(Episodes) | Container.Content(MusicVideos)]</visible>
				</control>
				<control type="image">
					<description>Rating value</description>
					<posx>1380</posx>
					<posy>30</posy>
					<width>100</width>
					<height>25</height>
					<aspectratio align="left">keep</aspectratio>
					<texture fallback="dark/left_rating/rating0.png">$INFO[ListItem.StarRating,dark/left_rating/]</texture>
					<visible>![Container.Content(Movies) | Container.Content(Episodes) | Container.Content(MusicVideos)]</visible>
				</control>
				<control type="label">
					<posx>1020</posx>
					<posy>2</posy>
					<width>400</width>
					<height>30</height>
					<font>font13</font>
					<textcolor>black</textcolor>
					<selectedcolor>selected</selectedcolor>
					<align>right</align>
					<aligny>center</aligny>
					<label>$INFO[ListItem.Label2]</label>
					<visible>[Container.Content(Movies) | Container.Content(Episodes) | Container.Content(MusicVideos)]</visible>
				</control>
				<control type="image">
					<description>Rating value</description>
					<posx>1320</posx>
					<posy>30</posy>
					<width>100</width>
					<height>25</height>
					<aspectratio align="left">keep</aspectratio>
					<texture fallback="dark/left_rating/rating0.png">$INFO[ListItem.StarRating,dark/left_rating/]</texture>
					<visible>[Container.Content(Movies) | Container.Content(Episodes) | Container.Content(MusicVideos)]</visible>
				</control>
				<control type="image">
					<posx>1430</posx>
					<posy>10</posy>
					<width>60</width>
					<height>40</height>
					<texture>$INFO[ListItem.VideoResolution,dark/,.png]</texture>
					<visible>[Container.Content(Movies) | Container.Content(Episodes) | Container.Content(MusicVideos)]</visible>
				</control>
				<control type="image">
					<posx>1430</posx>
					<posy>10</posy>
					<width>60</width>
					<height>40</height>
					<texture>dark/Set.png</texture>
					<visible>ListItem.IsCollection</visible>
				</control>
				<control type="image">
					<posx>1492</posx>
					<posy>17</posy>
					<width>25</width>
					<height>25</height>
					<aspectratio>keep</aspectratio>
					<texture>OverlayWatching.png</texture>
					<visible>ListItem.IsResumable</visible>
				</control>
				<control type="image">
					<posx>1490</posx>
					<posy>15</posy>
					<width>30</width>
					<height>30</height>
					<texture>$INFO[ListItem.Overlay,dark/]</texture>
					<visible>!ListItem.IsResumable</visible>
				</control>
			</focusedlayout>
		</control>
	</include>
	<include name="ThumbnailView">
		<control type="panel" id="500">
			<posx>120</posx>
			<posy>120</posy>
			<width>1540</width>
			<height>720</height>
			<onleft>2</onleft>
			<onright>60</onright>
			<onup>500</onup>
			<ondown>500</ondown>
			<viewtype label="21371">wide</viewtype>
			<pagecontrol>60</pagecontrol>
			<scrolltime>200</scrolltime>
			<preloaditems>2</preloaditems>
			<itemlayout condition="!Container.Content(Movies) + !Container.Content(Seasons) + !Container.Content(Episodes) + !Container.Content(TVShows)" height="240" width="220">
				<control type="image">
					<posx>5</posx>
					<posy>5</posy>
					<width>210</width>
					<height>230</height>
					<texture border="5">SubBack.png</texture>
				</control>
				<control type="image">
					<posx>10</posx>
					<posy>10</posy>
					<width>200</width>
					<height>185</height>
					<texture background="true">$INFO[Listitem.Icon]</texture>
					<aspectratio>keep</aspectratio>
				</control>
				<control type="label">
					<posx>10</posx>
					<posy>200</posy>
					<width>200</width>
					<height>25</height>
					<font>font12</font>
					<textcolor>grey2</textcolor>
					<selectedcolor>selected</selectedcolor>
					<align>center</align>
					<aligny>center</aligny>
					<info>ListItem.Label</info>
				</control>
				<control type="image">
					<posx>170</posx>
					<posy>11</posy>
					<width>40</width>
					<height>30</height>
					<texture>$INFO[ListItem.VideoResolution,light/,.png]</texture>
					<visible>Container.Content(MusicVideos)</visible>
				</control>
				<control type="image">
					<posx>170</posx>
					<posy>260</posy>
					<width>30</width>
					<height>30</height>
					<texture>$INFO[ListItem.Overlay]</texture>
				</control>
				<control type="image">
					<posx>5</posx>
					<posy>5</posy>
					<width>226</width>
					<height>230</height>
					<texture>GlassOverlay.png</texture>
				</control>
			</itemlayout>
			<focusedlayout condition="!Container.Content(Movies) + !Container.Content(Seasons) + !Container.Content(Episodes) + !Container.Content(TVShows)" height="240" width="220">
				<control type="image">
					<posx>5</posx>
					<posy>5</posy>
					<width>210</width>
					<height>230</height>
					<texture border="5">SubBack2.png</texture>
				</control>
				<control type="image">
					<posx>10</posx>
					<posy>10</posy>
					<width>200</width>
					<height>185</height>
					<texture background="true">$INFO[Listitem.Icon]</texture>
					<aspectratio>keep</aspectratio>
				</control>
				<control type="label">
					<posx>10</posx>
					<posy>200</posy>
					<width>200</width>
					<height>25</height>
					<font>font12</font>
					<textcolor>black</textcolor>
					<selectedcolor>selected</selectedcolor>
					<align>center</align>
					<aligny>center</aligny>
					<info>ListItem.Label</info>
				</control>
				<control type="image">
					<posx>170</posx>
					<posy>11</posy>
					<width>40</width>
					<height>30</height>
					<texture>$INFO[ListItem.VideoResolution,light/,.png]</texture>
					<visible>Container.Content(MusicVideos)</visible>
				</control>
				<control type="image">
					<posx>170</posx>
					<posy>260</posy>
					<width>30</width>
					<height>30</height>
					<texture>$INFO[ListItem.Overlay]</texture>
				</control>
				<control type="image">
					<posx>5</posx>
					<posy>5</posy>
					<width>226</width>
					<height>230</height>
					<texture>GlassOverlay.png</texture>
				</control>
			</focusedlayout>
			<itemlayout condition="Container.Content(Movies) | Container.Content(Seasons) | Container.Content(TVShows)" height="360" width="220">
				<control type="image">
					<posx>5</posx>
					<posy>5</posy>
					<width>210</width>
					<height>350</height>
					<texture border="5">SubBack.png</texture>
				</control>
				<control type="image">
					<posx>15</posx>
					<posy>15</posy>
					<width>190</width>
					<height>285</height>
					<texture background="true">$VAR[PosterThumb]</texture>
					<aspectratio>keep</aspectratio>
				</control>
				<control type="textbox">
					<posx>10</posx>
					<posy>302</posy>
					<width>200</width>
					<height>43</height>
					<font>font12</font>
					<textcolor>grey2</textcolor>
					<selectedcolor>selected</selectedcolor>
					<align>center</align>
					<info>ListItem.Label</info>
				</control>
				<control type="image">
					<posx>170</posx>
					<posy>11</posy>
					<width>40</width>
					<height>30</height>
					<texture>$INFO[ListItem.VideoResolution,light/,.png]</texture>
				</control>
				<control type="image">
					<posx>170</posx>
					<posy>11</posy>
					<width>40</width>
					<height>30</height>
					<texture>light/Set.png</texture>
					<visible>ListItem.IsCollection</visible>
				</control>
				<control type="image">
					<posx>170</posx>
					<posy>260</posy>
					<width>30</width>
					<height>30</height>
					<texture>$INFO[ListItem.Overlay]</texture>
				</control>
				<control type="image">
					<posx>5</posx>
					<posy>5</posy>
					<width>245</width>
					<height>350</height>
					<texture>GlassOverlay.png</texture>
				</control>
			</itemlayout>
			<focusedlayout condition="Container.Content(Movies) | Container.Content(Seasons) | Container.Content(TVShows)" height="360" width="220">
				<control type="image">
					<posx>5</posx>
					<posy>5</posy>
					<width>210</width>
					<height>350</height>
					<texture border="5">SubBack2.png</texture>
				</control>
				<control type="image">
					<posx>15</posx>
					<posy>15</posy>
					<width>190</width>
					<height>285</height>
					<texture background="true">$VAR[PosterThumb]</texture>
					<aspectratio>keep</aspectratio>
				</control>
				<control type="textbox">
					<posx>10</posx>
					<posy>302</posy>
					<width>200</width>
					<height>43</height>
					<font>font12</font>
					<textcolor>black</textcolor>
					<selectedcolor>selected</selectedcolor>
					<align>center</align>
					<info>ListItem.Label</info>
				</control>
				<control type="image">
					<posx>170</posx>
					<posy>11</posy>
					<width>40</width>
					<height>30</height>
					<texture>$INFO[ListItem.VideoResolution,light/,.png]</texture>
				</control>
				<control type="image">
					<posx>170</posx>
					<posy>11</posy>
					<width>40</width>
					<height>30</height>
					<texture>light/Set.png</texture>
					<visible>ListItem.IsCollection</visible>
				</control>
				<control type="image">
					<posx>170</posx>
					<posy>260</posy>
					<width>30</width>
					<height>30</height>
					<texture>$INFO[ListItem.Overlay]</texture>
				</control>
				<control type="image">
					<posx>5</posx>
					<posy>5</posy>
					<width>245</width>
					<height>350</height>
					<texture>GlassOverlay.png</texture>
				</control>
			</focusedlayout>
			<itemlayout condition="Container.Content(Episodes)" height="240" width="308">
				<control type="image">
					<posx>5</posx>
					<posy>5</posy>
					<width>298</width>
					<height>230</height>
					<texture border="5">SubBack.png</texture>
				</control>
				<control type="image">
					<posx>10</posx>
					<posy>10</posy>
					<width>288</width>
					<height>175</height>
					<aspectratio>scale</aspectratio>
					<texture background="true">$INFO[Listitem.Icon]</texture>
				</control>
				<control type="textbox">
					<posx>10</posx>
					<posy>187</posy>
					<width>288</width>
					<height>43</height>
					<font>font12</font>
					<textcolor>grey2</textcolor>
					<selectedcolor>selected</selectedcolor>
					<align>center</align>
					<info>ListItem.Label</info>
				</control>
				<control type="image">
					<posx>258</posx>
					<posy>10</posy>
					<width>40</width>
					<height>30</height>
					<texture>$INFO[ListItem.VideoResolution,light/,.png]</texture>
				</control>
				<control type="image">
					<posx>263</posx>
					<posy>155</posy>
					<width>30</width>
					<height>30</height>
					<texture>$INFO[ListItem.Overlay]</texture>
				</control>
				<control type="image">
					<posx>5</posx>
					<posy>5</posy>
					<width>226</width>
					<height>230</height>
					<texture>GlassOverlay.png</texture>
				</control>
			</itemlayout>
			<focusedlayout condition="Container.Content(Episodes)" height="240" width="308">
				<control type="image">
					<posx>5</posx>
					<posy>5</posy>
					<width>298</width>
					<height>230</height>
					<texture border="5">SubBack2.png</texture>
				</control>
				<control type="image">
					<posx>10</posx>
					<posy>10</posy>
					<width>288</width>
					<height>175</height>
					<aspectratio>scale</aspectratio>
					<texture background="true">$INFO[Listitem.Icon]</texture>
				</control>
				<control type="textbox">
					<posx>10</posx>
					<posy>187</posy>
					<width>288</width>
					<height>43</height>
					<font>font12</font>
					<textcolor>black</textcolor>
					<selectedcolor>selected</selectedcolor>
					<align>center</align>
					<info>ListItem.Label</info>
				</control>
				<control type="image">
					<posx>258</posx>
					<posy>10</posy>
					<width>40</width>
					<height>30</height>
					<texture>$INFO[ListItem.VideoResolution,light/,.png]</texture>
				</control>
				<control type="image">
					<posx>263</posx>
					<posy>155</posy>
					<width>30</width>
					<height>30</height>
					<texture>$INFO[ListItem.Overlay]</texture>
				</control>
				<control type="image">
					<posx>5</posx>
					<posy>5</posy>
					<width>226</width>
					<height>230</height>
					<texture>GlassOverlay.png</texture>
				</control>
			</focusedlayout>
		</control>
	</include>
	<include name="WideIconView">
		<control type="panel" id="502">
			<visible>!Container.Content(Movies) + !Container.Content(Episodes) + !Container.Content(Seasons) + !Container.Content(MusicVideos)</visible>
			<posx>120</posx>
			<posy>120</posy>
			<width>1530</width>
			<height>720</height>
			<onleft>502</onleft>
			<onright>502</onright>
			<onup>502</onup>
			<ondown>502</ondown>
			<pagecontrol>60</pagecontrol>
			<scrolltime>300</scrolltime>
			<preloaditems>2</preloaditems>
			<viewtype label="539">wide</viewtype>
			<itemlayout height="180" width="765">
				<control type="image">
					<posx>5</posx>
					<posy>0</posy>
					<width>760</width>
					<height>175</height>
					<texture border="5">SubBack.png</texture>
				</control>
				<control type="image">
					<posx>15</posx>
					<posy>5</posy>
					<width>740</width>
					<height>135</height>
					<aspectratio>keep</aspectratio>
					<texture background="true">$VAR[BannerThumb]</texture>
				</control>
				<control type="image">
					<posx>5</posx>
					<posy>0</posy>
					<width>250</width>
					<height>175</height>
					<texture>GlassOverlay.png</texture>
				</control>
				<control type="label">
					<posx>15</posx>
					<posy>145</posy>
					<width>700</width>
					<height>20</height>
					<font>font12</font>
					<textcolor>grey2</textcolor>
					<align>left</align>
					<aligny>center</aligny>
					<label>$INFO[ListItem.Label]</label>
				</control>
				<control type="label">
					<posx>500</posx>
					<posy>145</posy>
					<width>500</width>
					<height>20</height>
					<font>font12</font>
					<textcolor>grey2</textcolor>
					<align>right</align>
					<aligny>center</aligny>
					<label>$INFO[ListItem.Label2]</label>
				</control>
				<control type="image">
					<posx>20</posx>
					<posy>8</posy>
					<width>30</width>
					<height>30</height>
					<texture>$INFO[ListItem.Overlay]</texture>
					<visible>!ListItem.IsResumable</visible>
				</control>
			</itemlayout>
			<focusedlayout height="180" width="550">
				<control type="image">
					<posx>5</posx>
					<posy>0</posy>
					<width>760</width>
					<height>175</height>
					<texture border="5">SubBack2.png</texture>
				</control>
				<control type="image">
					<posx>15</posx>
					<posy>5</posy>
					<width>740</width>
					<height>135</height>
					<aspectratio>keep</aspectratio>
					<texture background="true">$VAR[BannerThumb]</texture>
				</control>
				<control type="image">
					<posx>5</posx>
					<posy>0</posy>
					<width>250</width>
					<height>175</height>
					<texture>GlassOverlay.png</texture>
				</control>
				<control type="label">
					<posx>15</posx>
					<posy>145</posy>
					<width>700</width>
					<height>20</height>
					<font>font12</font>
					<textcolor>black</textcolor>
					<align>left</align>
					<aligny>center</aligny>
					<label>$INFO[ListItem.Label]</label>
				</control>
				<control type="label">
					<posx>500</posx>
					<posy>145</posy>
					<width>500</width>
					<height>20</height>
					<font>font12</font>
					<textcolor>black</textcolor>
					<align>right</align>
					<aligny>center</aligny>
					<label>$INFO[ListItem.Label2]</label>
				</control>
				<control type="image">
					<posx>20</posx>
					<posy>8</posy>
					<width>30</width>
					<height>30</height>
					<texture>$INFO[ListItem.Overlay]</texture>
					<visible>!ListItem.IsResumable</visible>
				</control>
			</focusedlayout>
		</control>
	</include>
	<include name="CommonRootViewEvents">
		<control type="panel" id="50">
			<posx>120</posx>
			<posy>120</posy>
			<width>1530</width>
			<height>720</height>
			<onleft>2</onleft>
			<onright>60</onright>
			<onup>50</onup>
			<ondown>50</ondown>
			<viewtype label="535">list</viewtype>
			<pagecontrol>60</pagecontrol>
			<scrolltime>200</scrolltime>
			<itemlayout height="90" width="1530">
				<control type="image">
					<posx>0</posx>
					<posy>0</posy>
					<width>1530</width>
					<height>90</height>
					<texture border="5">ListNF.png</texture>
				</control>
				<control type="image">
					<posx>10</posx>
					<posy>5</posy>
					<width>80</width>
					<height>80</height>
					<texture background="true">$INFO[ListItem.Icon]</texture>
					<aspectratio>keep</aspectratio>
				</control>
				<control type="label">
					<posx>105</posx>
					<posy>0</posy>
					<width>1200</width>
					<height>40</height>
					<font>font16</font>
					<textcolor>grey2</textcolor>
					<selectedcolor>selected</selectedcolor>
					<align>left</align>
					<aligny>center</aligny>
					<label>$INFO[ListItem.Label]</label>
				</control>
				<control type="label">
					<posx>1110</posx>
					<posy>0</posy>
					<width>400</width>
					<height>40</height>
					<font>font16</font>
					<textcolor>grey2</textcolor>
					<selectedcolor>selected</selectedcolor>
					<align>right</align>
					<aligny>center</aligny>
					<label>$INFO[ListItem.Label2]</label>
				</control>
				<control type="textbox">
					<posx>105</posx>
					<posy>30</posy>
					<width>1350</width>
					<height>48</height>
					<font>font14</font>
					<textcolor>grey</textcolor>
					<align>left</align>
					<label>$INFO[ListItem.Property(Event.Description)]</label>
				</control>
			</itemlayout>
			<focusedlayout height="90" width="1530">
				<control type="image">
					<posx>0</posx>
					<posy>0</posy>
					<width>1530</width>
					<height>90</height>
					<texture border="5">ListFO.png</texture>
					<include>VisibleFadeEffect</include>
				</control>
				<control type="image">
					<posx>10</posx>
					<posy>5</posy>
					<width>80</width>
					<height>80</height>
					<texture background="true">$INFO[ListItem.Icon]</texture>
					<aspectratio>keep</aspectratio>
				</control>
				<control type="label">
					<posx>105</posx>
					<posy>0</posy>
					<width>1200</width>
					<height>40</height>
					<font>font16</font>
					<textcolor>black</textcolor>
					<selectedcolor>selected</selectedcolor>
					<align>left</align>
					<aligny>center</aligny>
					<label>$INFO[ListItem.Label]</label>
				</control>
				<control type="label">
					<posx>1110</posx>
					<posy>0</posy>
					<width>400</width>
					<height>40</height>
					<font>font16</font>
					<textcolor>black</textcolor>
					<selectedcolor>selected</selectedcolor>
					<align>right</align>
					<aligny>center</aligny>
					<label>$INFO[ListItem.Label2]</label>
				</control>
				<control type="textbox">
					<posx>105</posx>
					<posy>30</posy>
					<width>1350</width>
					<height>60</height>
					<font>font14</font>
					<textcolor>black</textcolor>
					<align>left</align>
					<label>$INFO[ListItem.Property(Event.Description)]</label>
				</control>
			</focusedlayout>
		</control>
	</include>
</includes>

