<?xml version="1.0" encoding="UTF-8"?>
<addon id="game.libretro.nestopia"
		name="NES (Nestopia)"
		version="1.46.0"
		provider-name="Libretro">
	<requires>
		<import addon="game.libretro" version="1.0.0"/>
		<import addon="game.controller.nes" version="1.0.0"/>
		<import addon="game.controller.nes.zapper" version="1.0.0"/>
	</requires>
	<extension point="kodi.gameclient"
			library_android="libgame.libretro.nestopia.so"
			library_linux="game.libretro.nestopia.so"
			library_osx="game.libretro.nestopia.dylib"
			library_windx="game.libretro.nestopia.dll">
		<platforms>NES</platforms>
		<extensions>nes|fds</extensions>
		<supports_vfs>true</supports_vfs>
		<supports_no_game>false</supports_no_game>
	</extension>
	<extension point="xbmc.addon.metadata">
		<summary lang="en">Nestopia v1.46</summary>
		<description>Nestopia is a portable open source NES/Famicom emulator. It is designed to be as accurate as possible and supports a large number of peripherals. The hardware is emulated at cycle-by-cycle granularity, ensuring full support for software that does mid-scanline and other timing trickery.

Supported files: .nes, .fds

License: GPLv2

Icon credit: Anarkhya (anarkhya.deviantart.com)</description>
		<platform>all</platform>
		<nofanart>true</nofanart>
	</extension>
</addon>
