<?xml version="1.0" encoding="UTF-8"?>
<addon id="game.libretro.genplus"
		name="Sega Genesis (Genesis Plus GX)"
		version="1.7.4"
		provider-name="Libretro">
	<requires>
		<import addon="game.libretro" version="1.0.0"/>
		<import addon="game.controller.genesis" version="1.0.0"/>
	</requires>
	<extension point="kodi.gameclient"
			library_android="libgame.libretro.genplus.so"
			library_linux="game.libretro.genplus.so"
			library_osx="game.libretro.genplus.dylib"
			library_windx="game.libretro.genplus.dll"
			library_wingl="game.libretro.genplus.dll">
		<platforms>Genesis|Game Gear|SEGA Master System</platforms>
		<extensions>mdx|md|smd|gen|bin|cue|iso|sms|gg|sg</extensions>
		<supports_vfs>false</supports_vfs>
		<supports_no_game>false</supports_no_game>
	</extension>
		<extension point="xbmc.addon.metadata">
		<summary lang="en">Genesis Plus GX v1.7.4</summary>
		<description>An enhanced port of Genesis Plus to the libretro API. Support for SG-1000, Mark-III, Master System, Game Gear, Mega Drive &amp; Mega CD hardware.

Supported files: .mdx, .md, .smd, .gen, .bin, .cue, .iso, .sms, .gg, .sg

Special thanks to: twinaphex for backporting enhancements from the GX version (Gamecube/Wii port).

License: Modified BSD / LGPL v2.1</description>
		<platform>all</platform>
		<nofanart>true</nofanart>
	</extension>
</addon>
