<?xml version="9999" encoding="UTF-8" standalone="yes"?>
<addon id="repository.mdrepo" name="Mucky Ducks Repo" version="99999999999999999999999" provider-name="Mucky Duck">
	<extension point="xbmc.addon.repository" name="Mucky Ducks Repo">
        <info compressed="false">http://aaarepo.xyz/repo/addons.xml</info>
		<checksum>http://aaarepo.xyz/repo/addons.xml.md5</checksum>
		<datadir zip="true">http://aaarepo.xyz/repo/zips</datadir>
	</extension>
	<extension point="xbmc.addon.metadata">
		<summary>Mucky Ducks Repo</summary>
		<description>Just BUBBA J production </description>
		<disclaimer>MUCKY DUCK LOVES IT UP THE ARSE</disclaimer>
		<platform>all</platform>
	</extension>
</addon>