<?xml version="1.0"?>
<channels>
  <channel>
    <name>Euro Sports 1 (HD) -aaz</name>
    <url>http://www.streamlive.to/view/73278</url>
    <image>http://snapshots.streamlive.to/snapshots/q2cmvf4la4lpir7_snapshot.jpg</image>
    <category>Live Sport</category>
    <language>English</language>
    <views>10587.0</views>
  </channel>
  <channel>
    <name>BT Sport 1 </name>
    <url>http://www.streamlive.to/view/72735</url>
    <image>http://snapshots.streamlive.to/snapshots/wtc25713j3u6ute_snapshot.jpg</image>
    <category>Live Sport</category>
    <language>English</language>
    <views>445584.5</views>
  </channel>
  <channel>
    <name>ESPN (HD) -AAZ</name>
    <url>http://www.streamlive.to/view/73270</url>
    <image>http://snapshots.streamlive.to/snapshots/5kkuu774nogpjv1_snapshot.jpg</image>
    <category>Live Sport</category>
    <language>English</language>
    <views>4785.0</views>
  </channel>
  <channel>
    <name>Fox Sport 1 (HD) </name>
    <url>http://www.streamlive.to/view/73260</url>
    <image>http://snapshots.streamlive.to/snapshots/meretvdy5sg3m5m_snapshot.jpg</image>
    <category>Live Sport</category>
    <language>English</language>
    <views>92440.5</views>
  </channel>
  <channel>
    <name>WWE Network (HD) -aaz</name>
    <url>http://www.streamlive.to/view/73273</url>
    <image>http://snapshots.streamlive.to/snapshots/99vnciitgecmk7k_snapshot.jpg</image>
    <category>Live Sport</category>
    <language>English</language>
    <views>43128.0</views>
  </channel>
  <channel>
    <name>ESPN:  SportsCenter -32U </name>
    <url>http://www.streamlive.to/view/70558</url>
    <image>http://snapshots.streamlive.to/snapshots/891rz1xpwzy8nfw_snapshot.jpg</image>
    <category>Live Sport</category>
    <language>English</language>
    <views>460573.0</views>
  </channel>
  <channel>
    <name>Sky Sport 3 </name>
    <url>http://www.streamlive.to/view/72744</url>
    <image>http://snapshots.streamlive.to/snapshots/4fqgcqtjob7alpn_snapshot.jpg</image>
    <category>Live Sport</category>
    <language>English</language>
    <views>228381.0</views>
  </channel>
  <channel>
    <name>Sky Sport 3 Sky Sports Uk Network Live</name>
    <url>http://www.streamlive.to/view/72728</url>
    <image>http://snapshots.streamlive.to/snapshots/1hlwdkqv72fglvm_snapshot.jpg</image>
    <category>Live Sport</category>
    <language>English</language>
    <views>96909.0</views>
  </channel>
  <channel>
    <name>Bein Sport France 3 (HD) </name>
    <url>http://www.streamlive.to/view/70729</url>
    <image>http://snapshots.streamlive.to/snapshots/6frb74s5j99g6su_snapshot.jpg</image>
    <category>Live Sport</category>
    <language>French</language>
    <views>316258.0</views>
  </channel>
  <channel>
    <name>Golf tv (HD) -aaz</name>
    <url>http://www.streamlive.to/view/73269</url>
    <image>http://snapshots.streamlive.to/snapshots/rui5qisk9pfsefl_snapshot.jpg</image>
    <category>Live Sport</category>
    <language>English</language>
    <views>8255.5</views>
  </channel>
  <channel>
    <name>ESPN UK </name>
    <url>http://www.streamlive.to/view/72739</url>
    <image>http://snapshots.streamlive.to/snapshots/bxp98rxrj3v4m9l_snapshot.jpg</image>
    <category>Live Sport</category>
    <language>English</language>
    <views>77842.5</views>
  </channel>
  <channel>
    <name>Tennis Women's Final: Williams vs Kerbe -aaz</name>
    <url>http://www.streamlive.to/view/73298</url>
    <image>http://snapshots.streamlive.to/snapshots/4h7svxct1lytczk_snapshot.jpg</image>
    <category>Live Sport</category>
    <language>English</language>
    <views>2135.5</views>
  </channel>
  <channel>
    <name>Sky Sport 5 (HD) </name>
    <url>http://www.streamlive.to/view/68716</url>
    <image>http://snapshots.streamlive.to/snapshots/2qjxgeic3x5rkdu_snapshot.jpg</image>
    <category>Live Sport</category>
    <language>English</language>
    <views>1118052.5</views>
  </channel>
  <channel>
    <name>Sky Sports 1 (HD) -aaz</name>
    <url>http://www.streamlive.to/view/73268</url>
    <image>http://snapshots.streamlive.to/snapshots/0rny7ft50028arh_snapshot.jpg</image>
    <category>Live Sport</category>
    <language>English</language>
    <views>27812.5</views>
  </channel>
  <channel>
    <name>Bein Sport France 3 </name>
    <url>http://www.streamlive.to/view/72733</url>
    <image>http://snapshots.streamlive.to/snapshots/n5prtzw5a1lvu87_snapshot.jpg</image>
    <category>Live Sport</category>
    <language>French</language>
    <views>271304.5</views>
  </channel>
  <channel>
    <name>Golf channel </name>
    <url>http://www.streamlive.to/view/69026</url>
    <image>http://snapshots.streamlive.to/snapshots/lw1kufim1kmit1h_snapshot.jpg</image>
    <category>Live Sport</category>
    <language>English</language>
    <views>922951.5</views>
  </channel>
  <channel>
    <name>Sky Sport 1 (HD) </name>
    <url>http://www.streamlive.to/view/72553</url>
    <image>http://snapshots.streamlive.to/snapshots/b6drm27002soegt_snapshot.jpg</image>
    <category>Live Sport</category>
    <language>English</language>
    <views>15319.5</views>
  </channel>
  <channel>
    <name>Sky Sport 3 (HD) </name>
    <url>http://www.streamlive.to/view/68714</url>
    <image>http://snapshots.streamlive.to/snapshots/pdqdnbyfwtzknat_snapshot.jpg</image>
    <category>Live Sport</category>
    <language>English</language>
    <views>1080604.5</views>
  </channel>
  <channel>
    <name>EuroSport British Euro Sport  1</name>
    <url>http://www.streamlive.to/view/72463</url>
    <image>http://snapshots.streamlive.to/snapshots/0ho5ed4iw9efeuy_snapshot.jpg</image>
    <category>Live Sport</category>
    <language>English</language>
    <views>76278.0</views>
  </channel>
  <channel>
    <name>Sky Sport 4 (HD) </name>
    <url>http://www.streamlive.to/view/68715</url>
    <image>http://snapshots.streamlive.to/snapshots/21ajqprn56aebp3_snapshot.jpg</image>
    <category>Live Sport</category>
    <language>English</language>
    <views>1002964.0</views>
  </channel>
  <channel>
    <name>Sky Sport 2 Sky Sport Uk Live</name>
    <url>http://www.streamlive.to/view/72459</url>
    <image>http://snapshots.streamlive.to/snapshots/pyy7bth6eeukd4u_snapshot.jpg</image>
    <category>Live Sport</category>
    <language>English</language>
    <views>281284.0</views>
  </channel>
  <channel>
    <name>Australian Open Tennis (ESPN) -aaz</name>
    <url>http://www.streamlive.to/view/73271</url>
    <image>http://snapshots.streamlive.to/snapshots/xjynx47ottpxgyb_snapshot.jpg</image>
    <category>Live Sport</category>
    <language>English</language>
    <views>9602.5</views>
  </channel>
  <channel>
    <name>Canal+ Sport France </name>
    <url>http://www.streamlive.to/view/72738</url>
    <image>http://snapshots.streamlive.to/snapshots/amk3q9tx3hnv3in_snapshot.jpg</image>
    <category>Live Sport</category>
    <language>French</language>
    <views>298949.5</views>
  </channel>
  <channel>
    <name>Bein Sport France 1 (HD) </name>
    <url>http://www.streamlive.to/view/69690</url>
    <image>http://snapshots.streamlive.to/snapshots/xwe5kvju00vwvjv_snapshot.jpg</image>
    <category>Live Sport</category>
    <language>French</language>
    <views>647599.0</views>
  </channel>
  <channel>
    <name>Setenta Sport (HD) </name>
    <url>http://www.streamlive.to/view/70189</url>
    <image>http://snapshots.streamlive.to/snapshots/6kyreuuugcp4jno_snapshot.jpg</image>
    <category>Live Sport</category>
    <language>English</language>
    <views>903432.0</views>
  </channel>
  <channel>
    <name>Bein Sport France 1 </name>
    <url>http://www.streamlive.to/view/72731</url>
    <image>http://snapshots.streamlive.to/snapshots/vbit21ed03hy2ua_snapshot.jpg</image>
    <category>Live Sport</category>
    <language>French</language>
    <views>323427.5</views>
  </channel>
  <channel>
    <name>ESPN USA Espn US Network Live</name>
    <url>http://www.streamlive.to/view/71561</url>
    <image>http://snapshots.streamlive.to/snapshots/ly11kxowritf0ts_snapshot.jpg</image>
    <category>Live Sport</category>
    <language>English</language>
    <views>1475100.5</views>
  </channel>
  <channel>
    <name>Euro Sport 1 (HD) </name>
    <url>http://www.streamlive.to/view/68723</url>
    <image>http://snapshots.streamlive.to/snapshots/futkxfuqj6tp9j9_snapshot.jpg</image>
    <category>Live Sport</category>
    <language>English</language>
    <views>1058881.5</views>
  </channel>
  <channel>
    <name>Vip8 HD - Colchester United vs Tottenham Hotspur </name>
    <url>http://www.streamlive.to/view/72000</url>
    <image>http://snapshots.streamlive.to/snapshots/oi3w6wa15r8oy2z_snapshot.jpg</image>
    <category>Live Sport</category>
    <language>Spanish</language>
    <views>213792.5</views>
  </channel>
  <channel>
    <name>Vip3 HD - NBA- Rockets-Thunders / Lakes-Clippers </name>
    <url>http://www.streamlive.to/view/71391</url>
    <image>http://snapshots.streamlive.to/snapshots/y3eik0l8ll47vpz_snapshot.jpg</image>
    <category>Live Sport</category>
    <language>English</language>
    <views>2092676.5</views>
  </channel>
  <channel>
    <name>Bellator 148 Daley vs Uhrich aaz</name>
    <url>http://www.streamlive.to/view/73331</url>
    <image>http://snapshots.streamlive.to/snapshots/ydbnlyg562fzup2_snapshot.jpg</image>
    <category>Live Sport</category>
    <language>English</language>
    <views>85.0</views>
  </channel>
  <channel>
    <name>WWE Network WWE Network Live</name>
    <url>http://www.streamlive.to/view/72465</url>
    <image>http://snapshots.streamlive.to/snapshots/i9h78y5jdxifams_snapshot.jpg</image>
    <category>Live Sport</category>
    <language>English</language>
    <views>575762.5</views>
  </channel>
  <channel>
    <name>BT Sport 2 BT Sports Network Live</name>
    <url>http://www.streamlive.to/view/72458</url>
    <image>http://snapshots.streamlive.to/snapshots/qsem0rd0i6lwy2n_snapshot.jpg</image>
    <category>Live Sport</category>
    <language>English</language>
    <views>528074.0</views>
  </channel>
  <channel>
    <name>BT Sport1 (HD) -aaz</name>
    <url>http://www.streamlive.to/view/73294</url>
    <image>http://snapshots.streamlive.to/snapshots/fdt7r0moql9z1aw_snapshot.jpg</image>
    <category>Live Sport</category>
    <language>English</language>
    <views>1953.5</views>
  </channel>
  <channel>
    <name>Versus (HD) </name>
    <url>http://www.streamlive.to/view/73329</url>
    <image>http://snapshots.streamlive.to/snapshots/mf1wygw5wpn8lhi_snapshot.jpg</image>
    <category>Live Sport</category>
    <language>English</language>
    <views>202.5</views>
  </channel>
  <channel>
    <name>Sky Bundesliga 1 (HD) </name>
    <url>http://www.streamlive.to/view/70728</url>
    <image>http://snapshots.streamlive.to/snapshots/txrq9hprksf28b9_snapshot.jpg</image>
    <category>Live Sport</category>
    <language>German</language>
    <views>282933.5</views>
  </channel>
  <channel>
    <name>PTV Sports P TV Sport Cricket Live</name>
    <url>http://www.streamlive.to/view/71434</url>
    <image>http://snapshots.streamlive.to/snapshots/8i13d7qvhoqhzpg_snapshot.jpg</image>
    <category>Live Sport</category>
    <language>Portuguese</language>
    <views>140198.5</views>
  </channel>
  <channel>
    <name>24x7 WWE Network Live Stream [HQ] ENJOY!</name>
    <url>http://www.streamlive.to/view/70407</url>
    <image>http://snapshots.streamlive.to/snapshots/0zuk5i14piupgnd_snapshot.jpg</image>
    <category>Live Sport</category>
    <language>English</language>
    <views>487766.0</views>
  </channel>
  <channel>
    <name>Sport 1 USA (HD) </name>
    <url>http://www.streamlive.to/view/72138</url>
    <image>http://snapshots.streamlive.to/snapshots/2jry03vosgtzji9_snapshot.jpg</image>
    <category>Live Sport</category>
    <language>English</language>
    <views>383930.5</views>
  </channel>
  <channel>
    <name>Sky Sport F1 </name>
    <url>http://www.streamlive.to/view/72747</url>
    <image>http://snapshots.streamlive.to/snapshots/pvarcpkyf360ck5_snapshot.jpg</image>
    <category>Live Sport</category>
    <language>English</language>
    <views>199652.0</views>
  </channel>
  <channel>
    <name>ESPN (HD) </name>
    <url>http://www.streamlive.to/view/48051</url>
    <image>http://snapshots.streamlive.to/snapshots/xoaaohmeuajfeyf_snapshot.jpg</image>
    <category>Live Sport</category>
    <language>English</language>
    <views>2067392.5</views>
  </channel>
  <channel>
    <name>Sky Sport News Sky Sports Uk Network Live</name>
    <url>http://www.streamlive.to/view/70299</url>
    <image>http://snapshots.streamlive.to/snapshots/4djv45vegmb6jqo_snapshot.jpg</image>
    <category>Live Sport</category>
    <language>English</language>
    <views>254467.5</views>
  </channel>
  <channel>
    <name>Sky Sport F1 (HD) </name>
    <url>http://www.streamlive.to/view/68718</url>
    <image>http://snapshots.streamlive.to/snapshots/udhfbfg0vfzjcds_snapshot.jpg</image>
    <category>Live Sport</category>
    <language>English</language>
    <views>839035.5</views>
  </channel>
  <channel>
    <name>Box Nation (HD) -aaz</name>
    <url>http://www.streamlive.to/view/73279</url>
    <image>http://snapshots.streamlive.to/snapshots/u3sjh0v954fwkqw_snapshot.jpg</image>
    <category>Live Sport</category>
    <language>English</language>
    <views>1351.5</views>
  </channel>
  <channel>
    <name>EuroSport 2 British Euro Sport  2</name>
    <url>http://www.streamlive.to/view/72464</url>
    <image>http://snapshots.streamlive.to/snapshots/tk460i231b7gkh4_snapshot.jpg</image>
    <category>Live Sport</category>
    <language>English</language>
    <views>63414.0</views>
  </channel>
  <channel>
    <name>B TV 1 Btv1 Live Stream Btv 1</name>
    <url>http://www.streamlive.to/view/68628</url>
    <image>http://snapshots.streamlive.to/snapshots/3h3j84h39sxrlr2_snapshot.jpg</image>
    <category>Live Sport</category>
    <language>Portuguese</language>
    <views>236452.5</views>
  </channel>
  <channel>
    <name>Sky Sports 2 (HD) -aaz</name>
    <url>http://www.streamlive.to/view/73274</url>
    <image>http://snapshots.streamlive.to/snapshots/2miet353da14h1u_snapshot.jpg</image>
    <category>Live Sport</category>
    <language>English</language>
    <views>2882.5</views>
  </channel>
  <channel>
    <name>BT Sport 2 (HD) </name>
    <url>http://www.streamlive.to/view/68721</url>
    <image>http://snapshots.streamlive.to/snapshots/z3ua1ed00znttfp_snapshot.jpg</image>
    <category>Live Sport</category>
    <language>English</language>
    <views>551135.5</views>
  </channel>
  <channel>
    <name>SPORT TV 3 SPORT.TV 3 Live Sport Events</name>
    <url>http://www.streamlive.to/view/69787</url>
    <image>http://snapshots.streamlive.to/snapshots/4pthnyo7lqlzt80_snapshot.jpg</image>
    <category>Live Sport</category>
    <language>Portuguese</language>
    <views>150042.5</views>
  </channel>
  <channel>
    <name>Canal+ France (HD) </name>
    <url>http://www.streamlive.to/view/71831</url>
    <image>http://snapshots.streamlive.to/snapshots/2h69qbxce4fsff3_snapshot.jpg</image>
    <category>Live Sport</category>
    <language>French</language>
    <views>198389.5</views>
  </channel>
  <channel>
    <name>ESPN UK (HD) </name>
    <url>http://www.streamlive.to/view/70190</url>
    <image>http://snapshots.streamlive.to/snapshots/v95pwzd4011ev3g_snapshot.jpg</image>
    <category>Live Sport</category>
    <language>English</language>
    <views>463268.0</views>
  </channel>
  <channel>
    <name>Sky Sport 1 </name>
    <url>http://www.streamlive.to/view/72742</url>
    <image>http://snapshots.streamlive.to/snapshots/x0pt269mv6n773v_snapshot.jpg</image>
    <category>Live Sport</category>
    <language>English</language>
    <views>776442.0</views>
  </channel>
  <channel>
    <name>Sky Sport 4 </name>
    <url>http://www.streamlive.to/view/72745</url>
    <image>http://snapshots.streamlive.to/snapshots/tino24bflekq5vc_snapshot.jpg</image>
    <category>Live Sport</category>
    <language>English</language>
    <views>121873.5</views>
  </channel>
  <channel>
    <name>BT Sport 1 (HD) </name>
    <url>http://www.streamlive.to/view/68720</url>
    <image>http://snapshots.streamlive.to/snapshots/thj91224cuxnfr1_snapshot.jpg</image>
    <category>Live Sport</category>
    <language>English</language>
    <views>2578525.5</views>
  </channel>
  <channel>
    <name>SPORT TV 4 SPORT.TV 4 Live Sport Events</name>
    <url>http://www.streamlive.to/view/68589</url>
    <image>http://snapshots.streamlive.to/snapshots/7yvmvbk8iasstxs_snapshot.jpg</image>
    <category>Live Sport</category>
    <language>Portuguese</language>
    <views>144951.0</views>
  </channel>
  <channel>
    <name>BT Sport 2 </name>
    <url>http://www.streamlive.to/view/72736</url>
    <image>http://snapshots.streamlive.to/snapshots/r3t8xd8ss6pdequ_snapshot.jpg</image>
    <category>Live Sport</category>
    <language>English</language>
    <views>483320.0</views>
  </channel>
  <channel>
    <name>NFL Network </name>
    <url>http://www.streamlive.to/view/72886</url>
    <image>http://snapshots.streamlive.to/snapshots/1c4z54w4tcvq6ue_snapshot.jpg</image>
    <category>Live Sport</category>
    <language>English</language>
    <views>398000.0</views>
  </channel>
  <channel>
    <name>Sky Sport 1 (HD) </name>
    <url>http://www.streamlive.to/view/68713</url>
    <image>http://snapshots.streamlive.to/snapshots/9ddlpiijjci12o9_snapshot.jpg</image>
    <category>Live Sport</category>
    <language>English</language>
    <views>6093407.0</views>
  </channel>
  <channel>
    <name>Eurosport 1 - Tennis: Australian Open http://mystreans.com or http://sportp2p.in</name>
    <url>http://www.streamlive.to/view/70506</url>
    <image>http://snapshots.streamlive.to/snapshots/9qd6xcbgf677gm5_snapshot.jpg</image>
    <category>Live Sport</category>
    <language>French</language>
    <views>594704.5</views>
  </channel>
  <channel>
    <name>Bellator 148: Daley vs. Uhrich courtesy of www.BallinSreamsLive.com</name>
    <url>http://www.streamlive.to/view/72926</url>
    <image>http://snapshots.streamlive.to/snapshots/d2v9jqw619vfxqh_snapshot.jpg</image>
    <category>Live Sport</category>
    <language>English</language>
    <views>114876.5</views>
  </channel>
  <channel>
    <name>ESPN 2 </name>
    <url>http://www.streamlive.to/view/69028</url>
    <image>http://snapshots.streamlive.to/snapshots/5hd19kwxef5b59o_snapshot.jpg</image>
    <category>Live Sport</category>
    <language>English</language>
    <views>2480034.0</views>
  </channel>
  <channel>
    <name>Premier Sports NRL NHL NASCAR GAA BOX FOOTBALL Live</name>
    <url>http://www.streamlive.to/view/70557</url>
    <image>http://snapshots.streamlive.to/snapshots/ljr31v8sbs4l8b7_snapshot.jpg</image>
    <category>Live Sport</category>
    <language>English</language>
    <views>157705.5</views>
  </channel>
  <channel>
    <name>Golf Channel Golf Channel Network Live</name>
    <url>http://www.streamlive.to/view/68932</url>
    <image>http://snapshots.streamlive.to/snapshots/a0dcji0vveiukh4_snapshot.jpg</image>
    <category>Live Sport</category>
    <language>English</language>
    <views>49100.0</views>
  </channel>
  <channel>
    <name>Eurosport 1 (germany) - http://mystreans.com or http://sportp2p.in</name>
    <url>http://www.streamlive.to/view/70507</url>
    <image>http://snapshots.streamlive.to/snapshots/pksrfqlyqwlgwq8_snapshot.jpg</image>
    <category>Live Sport</category>
    <language>German</language>
    <views>516722.0</views>
  </channel>
  <channel>
    <name>Canal+ Sport France (HD) </name>
    <url>http://www.streamlive.to/view/70467</url>
    <image>http://snapshots.streamlive.to/snapshots/w9eddd62l9b1uxc_snapshot.jpg</image>
    <category>Live Sport</category>
    <language>French</language>
    <views>536334.5</views>
  </channel>
  <channel>
    <name>NBA TV NBA TV Network Live</name>
    <url>http://www.streamlive.to/view/71562</url>
    <image>http://snapshots.streamlive.to/snapshots/g6egcgeorgwtfnb_snapshot.jpg</image>
    <category>Live Sport</category>
    <language>English</language>
    <views>3520887.0</views>
  </channel>
  <channel>
    <name>Sky Sport 5 </name>
    <url>http://www.streamlive.to/view/72746</url>
    <image>http://snapshots.streamlive.to/snapshots/14s3ecng0ohg0lr_snapshot.jpg</image>
    <category>Live Sport</category>
    <language>English</language>
    <views>110556.0</views>
  </channel>
  <channel>
    <name>Box Nation (HD) </name>
    <url>http://www.streamlive.to/view/68719</url>
    <image>http://snapshots.streamlive.to/snapshots/5cnmiwezbpmbe3k_snapshot.jpg</image>
    <category>Live Sport</category>
    <language>English</language>
    <views>904358.5</views>
  </channel>
  <channel>
    <name>SPORT TV 5 SPORT.TV 5 Live Sport Events</name>
    <url>http://www.streamlive.to/view/69416</url>
    <image>http://snapshots.streamlive.to/snapshots/mbcposqn4f5ixbt_snapshot.jpg</image>
    <category>Live Sport</category>
    <language>Portuguese</language>
    <views>188586.5</views>
  </channel>
  <channel>
    <name>NBA: Los Angeles Lakers v Los Angeles Clippers aaz</name>
    <url>http://www.streamlive.to/view/73272</url>
    <image>http://snapshots.streamlive.to/snapshots/3aeauyrykeq2cb7_snapshot.jpg</image>
    <category>Live Sport</category>
    <language>English</language>
    <views>6664.5</views>
  </channel>
  <channel>
    <name>BT Sport ESPN BT Sports Network Live</name>
    <url>http://www.streamlive.to/view/72462</url>
    <image>http://snapshots.streamlive.to/snapshots/9g38yxwwqqwyn88_snapshot.jpg</image>
    <category>Live Sport</category>
    <language>English</language>
    <views>198770.0</views>
  </channel>
  <channel>
    <name>NFL Network(HD) </name>
    <url>http://www.streamlive.to/view/68875</url>
    <image>http://snapshots.streamlive.to/snapshots/zvwjh9ctt0vdlbe_snapshot.jpg</image>
    <category>Live Sport</category>
    <language>English</language>
    <views>1989464.5</views>
  </channel>
  <channel>
    <name>BT Sport EUROPE BT Sports Network Live</name>
    <url>http://www.streamlive.to/view/72461</url>
    <image>http://snapshots.streamlive.to/snapshots/xdiq6od3jnkg0q8_snapshot.jpg</image>
    <category>Live Sport</category>
    <language>English</language>
    <views>268677.0</views>
  </channel>
  <channel>
    <name>NBA: Minnesota Timberwolves v Utah Jazz -aaz</name>
    <url>http://www.streamlive.to/view/73295</url>
    <image>http://snapshots.streamlive.to/snapshots/lwerebu1dt5tc7h_snapshot.jpg</image>
    <category>Live Sport</category>
    <language>English</language>
    <views>9097.0</views>
  </channel>
  <channel>
    <name>SPORT TV 2 SPORT.TV 2 Live Sport Events</name>
    <url>http://www.streamlive.to/view/69823</url>
    <image>http://snapshots.streamlive.to/snapshots/1mnqje6lw57grow_snapshot.jpg</image>
    <category>Live Sport</category>
    <language>Portuguese</language>
    <views>366980.0</views>
  </channel>
  <channel>
    <name>BT Sport Europe (HD) </name>
    <url>http://www.streamlive.to/view/72137</url>
    <image>http://snapshots.streamlive.to/snapshots/7viul0clm88iasc_snapshot.jpg</image>
    <category>Live Sport</category>
    <language>English</language>
    <views>247311.5</views>
  </channel>
  <channel>
    <name>BT Sport 1 BT Sports Network Live</name>
    <url>http://www.streamlive.to/view/72457</url>
    <image>http://snapshots.streamlive.to/snapshots/znjvdsrj1gfv5k4_snapshot.jpg</image>
    <category>Live Sport</category>
    <language>English</language>
    <views>326595.5</views>
  </channel>
  <channel>
    <name>Sky Sport 5 Sky Sport Uk Network Live</name>
    <url>http://www.streamlive.to/view/69649</url>
    <image>http://snapshots.streamlive.to/snapshots/u8wfz71kltdyso3_snapshot.jpg</image>
    <category>Live Sport</category>
    <language>English</language>
    <views>260165.0</views>
  </channel>
  <channel>
    <name>Box Nation </name>
    <url>http://www.streamlive.to/view/72734</url>
    <image>http://snapshots.streamlive.to/snapshots/ok8rauezc0vsvaz_snapshot.jpg</image>
    <category>Live Sport</category>
    <language>English</language>
    <views>555994.5</views>
  </channel>
  <channel>
    <name>ESPN 2 (HD) </name>
    <url>http://www.streamlive.to/view/57977</url>
    <image>http://snapshots.streamlive.to/snapshots/rgyus7ao2ullmbt_snapshot.jpg</image>
    <category>Live Sport</category>
    <language>English</language>
    <views>63009.5</views>
  </channel>
  <channel>
    <name>NFL Network NFL TV Network Live</name>
    <url>http://www.streamlive.to/view/70295</url>
    <image>http://snapshots.streamlive.to/snapshots/n1dv2of13iqam3u_snapshot.jpg</image>
    <category>Live Sport</category>
    <language>English</language>
    <views>4014010.5</views>
  </channel>
  <channel>
    <name>Sky Sport 4 Sky Sport Uk Live</name>
    <url>http://www.streamlive.to/view/71190</url>
    <image>http://snapshots.streamlive.to/snapshots/l8omrwbiw2qe2uk_snapshot.jpg</image>
    <category>Live Sport</category>
    <language>English</language>
    <views>82535.0</views>
  </channel>
  <channel>
    <name>Sky Sport 2 </name>
    <url>http://www.streamlive.to/view/72743</url>
    <image>http://snapshots.streamlive.to/snapshots/uml86xglf5xul7f_snapshot.jpg</image>
    <category>Live Sport</category>
    <language>English</language>
    <views>369724.5</views>
  </channel>
  <channel>
    <name>Sky Sport 2 (HD) </name>
    <url>http://www.streamlive.to/view/68424</url>
    <image>http://snapshots.streamlive.to/snapshots/on39ol6in4f2ewp_snapshot.jpg</image>
    <category>Live Sport</category>
    <language>English</language>
    <views>2106565.0</views>
  </channel>
  <channel>
    <name>ESPN 2 Espn2 Network Live</name>
    <url>http://www.streamlive.to/view/73070</url>
    <image>http://snapshots.streamlive.to/snapshots/lclmw3k9o934118_snapshot.jpg</image>
    <category>Live Sport</category>
    <language>English</language>
    <views>147704.0</views>
  </channel>
  <channel>
    <name>Sky Sport F1 Formula 1 Sky Sports Uk Network Live</name>
    <url>http://www.streamlive.to/view/71583</url>
    <image>http://snapshots.streamlive.to/snapshots/otulzwd7up4nuve_snapshot.jpg</image>
    <category>Live Sport</category>
    <language>English</language>
    <views>233942.5</views>
  </channel>
  <channel>
    <name>Sky Sport 1 Sky Sports Uk Network Live</name>
    <url>http://www.streamlive.to/view/71560</url>
    <image>http://snapshots.streamlive.to/snapshots/uv2nqmvibdpd3uo_snapshot.jpg</image>
    <category>Live Sport</category>
    <language>English</language>
    <views>469260.0</views>
  </channel>
  <channel>
    <name>Bein Sport France 2 </name>
    <url>http://www.streamlive.to/view/72732</url>
    <image>http://snapshots.streamlive.to/snapshots/b9ggjhqpcwx2mte_snapshot.jpg</image>
    <category>Live Sport</category>
    <language>French</language>
    <views>304128.5</views>
  </channel>
  <channel>
    <name>Bein Sport France 2 (HD) </name>
    <url>http://www.streamlive.to/view/70466</url>
    <image>http://snapshots.streamlive.to/snapshots/06927pgwezut1fd_snapshot.jpg</image>
    <category>Live Sport</category>
    <language>French</language>
    <views>510594.0</views>
  </channel>
  <channel>
    <name>NBC Sport Networks (HD) </name>
    <url>http://www.streamlive.to/view/64232</url>
    <image>http://snapshots.streamlive.to/snapshots/0fm1lstybe4a0j4_snapshot.jpg</image>
    <category>Live Sport</category>
    <language>English</language>
    <views>1328958.5</views>
  </channel>
  <channel>
    <name>SPORT TV 1 SPORT.TV 1 Live Sport Events</name>
    <url>http://www.streamlive.to/view/69785</url>
    <image>http://snapshots.streamlive.to/snapshots/iscdxgtas788k2a_snapshot.jpg</image>
    <category>Live Sport</category>
    <language>Portuguese</language>
    <views>428076.0</views>
  </channel>
  <channel>
    <name>TF1 (HD) </name>
    <url>http://www.streamlive.to/view/70468</url>
    <image>http://snapshots.streamlive.to/snapshots/espx8gzpfi4l0sk_snapshot.jpg</image>
    <category>Entertainment</category>
    <language>French</language>
    <views>262280.5</views>
  </channel>
  <channel>
    <name>Spartacus: Gods of The Arena </name>
    <url>http://www.streamlive.to/view/72694</url>
    <image>http://snapshots.streamlive.to/snapshots/5nf232pb7z1xybn_snapshot.jpg</image>
    <category>Entertainment</category>
    <language>English</language>
    <views>102260.0</views>
  </channel>
  <channel>
    <name>Syfy France (HD) </name>
    <url>http://www.streamlive.to/view/70730</url>
    <image>http://snapshots.streamlive.to/snapshots/yz6cc3lew1kid3j_snapshot.jpg</image>
    <category>Entertainment</category>
    <language>French</language>
    <views>182011.5</views>
  </channel>
  <channel>
    <name>Channel 4 UK (HD) </name>
    <url>http://www.streamlive.to/view/70211</url>
    <image>http://snapshots.streamlive.to/snapshots/falndopgy2kripb_snapshot.jpg</image>
    <category>Entertainment</category>
    <language>English</language>
    <views>204260.5</views>
  </channel>
  <channel>
    <name>Spartacus: Blood And Sands Complete first season Blood and Sands</name>
    <url>http://www.streamlive.to/view/72690</url>
    <image>http://snapshots.streamlive.to/snapshots/ixk74xh0ksg0o11_snapshot.jpg</image>
    <category>Entertainment</category>
    <language>English</language>
    <views>121999.0</views>
  </channel>
  <channel>
    <name>Sky Action (HD) </name>
    <url>http://www.streamlive.to/view/71665</url>
    <image>http://snapshots.streamlive.to/snapshots/qrnu46ekfskc3dx_snapshot.jpg</image>
    <category>Entertainment</category>
    <language>English</language>
    <views>540504.0</views>
  </channel>
  <channel>
    <name>USA Network (HD) </name>
    <url>http://www.streamlive.to/view/38768</url>
    <image>http://snapshots.streamlive.to/snapshots/h5eovaj1jeegluq_snapshot.jpg</image>
    <category>Entertainment</category>
    <language>English</language>
    <views>2688048.0</views>
  </channel>
  <channel>
    <name>CW USA Live HD </name>
    <url>http://www.streamlive.to/view/73288</url>
    <image>http://snapshots.streamlive.to/snapshots/2eln1cgyhbzhu5q_snapshot.jpg</image>
    <category>Entertainment</category>
    <language>English</language>
    <views>4242.0</views>
  </channel>
  <channel>
    <name>Zee TV </name>
    <url>http://www.streamlive.to/view/71971</url>
    <image>http://snapshots.streamlive.to/snapshots/svsgthhwl6djj5h_snapshot.jpg</image>
    <category>Entertainment</category>
    <language>Indian</language>
    <views>118790.0</views>
  </channel>
  <channel>
    <name>ABC (HD) </name>
    <url>http://www.streamlive.to/view/46476</url>
    <image>http://snapshots.streamlive.to/snapshots/nz7l9vc5nv1og7b_snapshot.jpg</image>
    <category>Entertainment</category>
    <language>English</language>
    <views>423440.5</views>
  </channel>
  <channel>
    <name>Sky Showcase (HD) </name>
    <url>http://www.streamlive.to/view/71881</url>
    <image>http://snapshots.streamlive.to/snapshots/83ivqnkpajokt1r_snapshot.jpg</image>
    <category>Entertainment</category>
    <language>English</language>
    <views>226122.5</views>
  </channel>
  <channel>
    <name>Sky Atlantic (HD) </name>
    <url>http://www.streamlive.to/view/72136</url>
    <image>http://snapshots.streamlive.to/snapshots/dyt9hwb1y9arl10_snapshot.jpg</image>
    <category>Entertainment</category>
    <language>English</language>
    <views>360792.0</views>
  </channel>
  <channel>
    <name>Hallmark (HD) </name>
    <url>http://www.streamlive.to/view/53856</url>
    <image>http://snapshots.streamlive.to/snapshots/v4ynnryunsoxzbq_snapshot.jpg</image>
    <category>Entertainment</category>
    <language>English</language>
    <views>372912.5</views>
  </channel>
  <channel>
    <name>NBC (HD) </name>
    <url>http://www.streamlive.to/view/57956</url>
    <image>http://snapshots.streamlive.to/snapshots/kjgkefh6la1di6g_snapshot.jpg</image>
    <category>Entertainment</category>
    <language>English</language>
    <views>397857.0</views>
  </channel>
  <channel>
    <name>Two and a Half Men (HD) Season 1 </name>
    <url>http://www.streamlive.to/view/73276</url>
    <image>http://snapshots.streamlive.to/snapshots/o9kqushayp2688n_snapshot.jpg</image>
    <category>Entertainment</category>
    <language>English</language>
    <views>14066.5</views>
  </channel>
  <channel>
    <name>CW </name>
    <url>http://www.streamlive.to/view/52510</url>
    <image>http://snapshots.streamlive.to/snapshots/fvksu1sp51ijtyd_snapshot.jpg</image>
    <category>Entertainment</category>
    <language>English</language>
    <views>701382.5</views>
  </channel>
  <channel>
    <name>AMC  (HD) </name>
    <url>http://www.streamlive.to/view/46209</url>
    <image>http://snapshots.streamlive.to/snapshots/z4cxm7zlfyqs65m_snapshot.jpg</image>
    <category>Entertainment</category>
    <language>English</language>
    <views>110999.0</views>
  </channel>
  <channel>
    <name>Syfy </name>
    <url>http://www.streamlive.to/view/68966</url>
    <image>http://snapshots.streamlive.to/snapshots/oepz9q5oivflbcw_snapshot.jpg</image>
    <category>Entertainment</category>
    <language>English</language>
    <views>2393104.5</views>
  </channel>
  <channel>
    <name>CARACOL TELEVISION COLOMBIA </name>
    <url>http://www.streamlive.to/view/52715</url>
    <image>http://snapshots.streamlive.to/snapshots/5y6srbcmnqnsr3h_snapshot.jpg</image>
    <category>Entertainment</category>
    <language>Spanish</language>
    <views>1408544.0</views>
  </channel>
  <channel>
    <name>Japanese Cat 3 Movies (English sub) </name>
    <url>http://www.streamlive.to/view/73068</url>
    <image>http://snapshots.streamlive.to/snapshots/aeqyk2kkcxwfxnq_snapshot.jpg</image>
    <category>Entertainment</category>
    <language>Japanese</language>
    <views>269781.5</views>
  </channel>
  <channel>
    <name>Showtime </name>
    <url>http://www.streamlive.to/view/69036</url>
    <image>http://snapshots.streamlive.to/snapshots/s53jbkmyldngbks_snapshot.jpg</image>
    <category>Entertainment</category>
    <language>English</language>
    <views>4898865.0</views>
  </channel>
  <channel>
    <name>HBO </name>
    <url>http://www.streamlive.to/view/69021</url>
    <image>http://snapshots.streamlive.to/snapshots/qzbbu26gcvjxksz_snapshot.jpg</image>
    <category>Entertainment</category>
    <language>English</language>
    <views>6978016.5</views>
  </channel>
  <channel>
    <name>Sky Drama (HD) </name>
    <url>http://www.streamlive.to/view/71667</url>
    <image>http://snapshots.streamlive.to/snapshots/dcetajgyieuricy_snapshot.jpg</image>
    <category>Entertainment</category>
    <language>English</language>
    <views>175413.5</views>
  </channel>
  <channel>
    <name>Discovery Science (HD) </name>
    <url>http://www.streamlive.to/view/73306</url>
    <image>http://snapshots.streamlive.to/snapshots/n50jiwfw6a9a9jd_snapshot.jpg</image>
    <category>Entertainment</category>
    <language>English</language>
    <views>4452.5</views>
  </channel>
  <channel>
    <name>American Dad -32U </name>
    <url>http://www.streamlive.to/view/69426</url>
    <image>http://snapshots.streamlive.to/snapshots/sq3u8imvr5jvegb_snapshot.jpg</image>
    <category>Entertainment</category>
    <language>English</language>
    <views>273920.0</views>
  </channel>
  <channel>
    <name>Hongkong Cat 3 Movies (English sub) </name>
    <url>http://www.streamlive.to/view/73067</url>
    <image>http://snapshots.streamlive.to/snapshots/1gq3w4e27hn8ajv_snapshot.jpg</image>
    <category>Entertainment</category>
    <language>Chinese</language>
    <views>252761.5</views>
  </channel>
  <channel>
    <name>The Big Bang Theory -32U </name>
    <url>http://www.streamlive.to/view/69536</url>
    <image>http://snapshots.streamlive.to/snapshots/oi30kueyhpnue7t_snapshot.jpg</image>
    <category>Entertainment</category>
    <language>English</language>
    <views>378626.5</views>
  </channel>
  <channel>
    <name>TVLand watch TV Land live streaming online</name>
    <url>http://www.streamlive.to/view/49252</url>
    <image>http://snapshots.streamlive.to/snapshots/7yxirr4046nk5ca_snapshot.jpg</image>
    <category>Entertainment</category>
    <language>English</language>
    <views>184273.0</views>
  </channel>
  <channel>
    <name>HBO (HD) </name>
    <url>http://www.streamlive.to/view/36674</url>
    <image>http://snapshots.streamlive.to/snapshots/z28ie9oqoku4qoy_snapshot.jpg</image>
    <category>Entertainment</category>
    <language>English</language>
    <views>485026.0</views>
  </channel>
  <channel>
    <name>Car Accident </name>
    <url>http://www.streamlive.to/view/68169</url>
    <image>http://snapshots.streamlive.to/snapshots/uwe8uhtbcf42xg2_snapshot.jpg</image>
    <category>Entertainment</category>
    <language>English</language>
    <views>152299.5</views>
  </channel>
  <channel>
    <name>The Office (Show) </name>
    <url>http://www.streamlive.to/view/40750</url>
    <image>http://snapshots.streamlive.to/snapshots/mizolqp0th5uobk_snapshot.jpg</image>
    <category>Entertainment</category>
    <language>English</language>
    <views>184528.5</views>
  </channel>
  <channel>
    <name>TNT (HD) </name>
    <url>http://www.streamlive.to/view/57973</url>
    <image>http://snapshots.streamlive.to/snapshots/7uz4als3nigi0j3_snapshot.jpg</image>
    <category>Entertainment</category>
    <language>English</language>
    <views>510181.5</views>
  </channel>
  <channel>
    <name>ABC </name>
    <url>http://www.streamlive.to/view/68969</url>
    <image>http://snapshots.streamlive.to/snapshots/371jluirljcsjen_snapshot.jpg</image>
    <category>Entertainment</category>
    <language>English</language>
    <views>6333000.0</views>
  </channel>
  <channel>
    <name>That's 70 show </name>
    <url>http://www.streamlive.to/view/38217</url>
    <image>http://snapshots.streamlive.to/snapshots/t7ha4ghb4ilwaoo_snapshot.jpg</image>
    <category>Entertainment</category>
    <language>English</language>
    <views>311115.0</views>
  </channel>
  <channel>
    <name>The Shannara Chronicles  (HD) 2016 </name>
    <url>http://www.streamlive.to/view/73320</url>
    <image>http://snapshots.streamlive.to/snapshots/3upp4gt2b7ooeze_snapshot.jpg</image>
    <category>Entertainment</category>
    <language>English</language>
    <views>2159.0</views>
  </channel>
  <channel>
    <name>Sky Movie Premier (HD) </name>
    <url>http://www.streamlive.to/view/71577</url>
    <image>http://snapshots.streamlive.to/snapshots/l5e6413vae02nmw_snapshot.jpg</image>
    <category>Entertainment</category>
    <language>English</language>
    <views>246885.0</views>
  </channel>
  <channel>
    <name>CBS (HD) </name>
    <url>http://www.streamlive.to/view/57976</url>
    <image>http://snapshots.streamlive.to/snapshots/vp4q2gonwzh2dku_snapshot.jpg</image>
    <category>Entertainment</category>
    <language>English</language>
    <views>390970.0</views>
  </channel>
  <channel>
    <name>TLC </name>
    <url>http://www.streamlive.to/view/69109</url>
    <image>http://snapshots.streamlive.to/snapshots/iugceoy4o6ljhck_snapshot.jpg</image>
    <category>Entertainment</category>
    <language>English</language>
    <views>229176.5</views>
  </channel>
  <channel>
    <name>AXN (HD) </name>
    <url>http://www.streamlive.to/view/73310</url>
    <image>http://snapshots.streamlive.to/snapshots/j0rkqfuv9su21ft_snapshot.jpg</image>
    <category>Entertainment</category>
    <language>English</language>
    <views>2537.0</views>
  </channel>
  <channel>
    <name>Sky Comedy (HD) </name>
    <url>http://www.streamlive.to/view/71664</url>
    <image>http://snapshots.streamlive.to/snapshots/ngm5uxiqo6hjhk8_snapshot.jpg</image>
    <category>Entertainment</category>
    <language>English</language>
    <views>310128.0</views>
  </channel>
  <channel>
    <name>Bravo </name>
    <url>http://www.streamlive.to/view/52480</url>
    <image>http://snapshots.streamlive.to/snapshots/uw433ikqnrj501l_snapshot.jpg</image>
    <category>Entertainment</category>
    <language>English</language>
    <views>320839.0</views>
  </channel>
  <channel>
    <name>A&E </name>
    <url>http://www.streamlive.to/view/68952</url>
    <image>http://snapshots.streamlive.to/snapshots/tuc280rbycwnsvs_snapshot.jpg</image>
    <category>Entertainment</category>
    <language>English</language>
    <views>2690980.5</views>
  </channel>
  <channel>
    <name>Fox Networks(HD) </name>
    <url>http://www.streamlive.to/view/56002</url>
    <image>http://snapshots.streamlive.to/snapshots/yuu6p5oaa1x4a1p_snapshot.jpg</image>
    <category>Entertainment</category>
    <language>English</language>
    <views>265989.5</views>
  </channel>
  <channel>
    <name>StarZ (HD) </name>
    <url>http://www.streamlive.to/view/73259</url>
    <image>http://snapshots.streamlive.to/snapshots/4jxbs85h6rakcny_snapshot.jpg</image>
    <category>Entertainment</category>
    <language>English</language>
    <views>84029.0</views>
  </channel>
  <channel>
    <name>Sky Scifi-Horror (HD) </name>
    <url>http://www.streamlive.to/view/71731</url>
    <image>http://snapshots.streamlive.to/snapshots/wk4658qcki1imla_snapshot.jpg</image>
    <category>Entertainment</category>
    <language>English</language>
    <views>400259.0</views>
  </channel>
  <channel>
    <name>Lifetime (HD) </name>
    <url>http://www.streamlive.to/view/57846</url>
    <image>http://snapshots.streamlive.to/snapshots/7b2gr554gyyth8e_snapshot.jpg</image>
    <category>Entertainment</category>
    <language>English</language>
    <views>505504.0</views>
  </channel>
  <channel>
    <name>Fox Network </name>
    <url>http://www.streamlive.to/view/70048</url>
    <image>http://snapshots.streamlive.to/snapshots/q49uyvij145wcky_snapshot.jpg</image>
    <category>Entertainment</category>
    <language>English</language>
    <views>3511267.5</views>
  </channel>
  <channel>
    <name>Syfy (HD) </name>
    <url>http://www.streamlive.to/view/46454</url>
    <image>http://snapshots.streamlive.to/snapshots/x7uii7mll2b7lh4_snapshot.jpg</image>
    <category>Entertainment</category>
    <language>English</language>
    <views>176688.0</views>
  </channel>
  <channel>
    <name>Family Guy -32U </name>
    <url>http://www.streamlive.to/view/69425</url>
    <image>http://snapshots.streamlive.to/snapshots/fevxhivi00i42gh_snapshot.jpg</image>
    <category>Entertainment</category>
    <language>English</language>
    <views>784123.0</views>
  </channel>
  <channel>
    <name>Spartacus: Vengeance Complete season 2</name>
    <url>http://www.streamlive.to/view/72696</url>
    <image>http://snapshots.streamlive.to/snapshots/xk3kec7maanlnfa_snapshot.jpg</image>
    <category>Entertainment</category>
    <language>English</language>
    <views>102251.5</views>
  </channel>
  <channel>
    <name>House MD full all seasons</name>
    <url>http://www.streamlive.to/view/40783</url>
    <image>http://snapshots.streamlive.to/snapshots/vampcgkmpaun6at_snapshot.jpg</image>
    <category>Entertainment</category>
    <language>English</language>
    <views>143992.5</views>
  </channel>
  <channel>
    <name>Canal+ Cinema France (HD) </name>
    <url>http://www.streamlive.to/view/70731</url>
    <image>http://snapshots.streamlive.to/snapshots/wk6o7bpcsveb0ne_snapshot.jpg</image>
    <category>Entertainment</category>
    <language>French</language>
    <views>227597.5</views>
  </channel>
  <channel>
    <name>The X-Files  (HD) 2016 </name>
    <url>http://www.streamlive.to/view/73282</url>
    <image>http://snapshots.streamlive.to/snapshots/6uqk9novciiw7c1_snapshot.jpg</image>
    <category>Entertainment</category>
    <language>English</language>
    <views>5517.0</views>
  </channel>
  <channel>
    <name>Spike TV (HD) </name>
    <url>http://www.streamlive.to/view/52479</url>
    <image>http://snapshots.streamlive.to/snapshots/sax2mq2alpirnww_snapshot.jpg</image>
    <category>Entertainment</category>
    <language>English</language>
    <views>1620737.0</views>
  </channel>
  <channel>
    <name>B TV 2 Btv2 Live Stream Btv 2</name>
    <url>http://www.streamlive.to/view/68625</url>
    <image>http://snapshots.streamlive.to/snapshots/brvyfp5nwe8oxtr_snapshot.jpg</image>
    <category>Entertainment</category>
    <language>Portuguese</language>
    <views>35241.5</views>
  </channel>
  <channel>
    <name>Friends show </name>
    <url>http://www.streamlive.to/view/36673</url>
    <image>http://snapshots.streamlive.to/snapshots/wg2fmaake2sfjbr_snapshot.jpg</image>
    <category>Entertainment</category>
    <language>English</language>
    <views>612753.5</views>
  </channel>
  <channel>
    <name>Oxygen </name>
    <url>http://www.streamlive.to/view/38197</url>
    <image>http://snapshots.streamlive.to/snapshots/zmt2swezlswh9nz_snapshot.jpg</image>
    <category>Entertainment</category>
    <language>English</language>
    <views>264066.5</views>
  </channel>
  <channel>
    <name>Comedy Central </name>
    <url>http://www.streamlive.to/view/71610</url>
    <image>http://snapshots.streamlive.to/snapshots/wyw9tfxexu68p0t_snapshot.jpg</image>
    <category>Entertainment</category>
    <language>English</language>
    <views>123200.5</views>
  </channel>
  <channel>
    <name>Showtime (HD) </name>
    <url>http://www.streamlive.to/view/44126</url>
    <image>http://snapshots.streamlive.to/snapshots/bwbop58ixz281wv_snapshot.jpg</image>
    <category>Entertainment</category>
    <language>English</language>
    <views>61568.5</views>
  </channel>
  <channel>
    <name>Two And A Half Men -32U </name>
    <url>http://www.streamlive.to/view/72622</url>
    <image>http://snapshots.streamlive.to/snapshots/a3hrv3l3bj3lwyp_snapshot.jpg</image>
    <category>Entertainment</category>
    <language>English</language>
    <views>143379.5</views>
  </channel>
  <channel>
    <name>Cinemax (HD) </name>
    <url>http://www.streamlive.to/view/73303</url>
    <image>http://snapshots.streamlive.to/snapshots/pnfqswzbs26jhly_snapshot.jpg</image>
    <category>Entertainment</category>
    <language>English</language>
    <views>8288.0</views>
  </channel>
  <channel>
    <name>Kim Binh Mai tron bo 5 tap Kim Binh Mai</name>
    <url>http://www.streamlive.to/view/38219</url>
    <image>http://snapshots.streamlive.to/snapshots/6jxqdje7ancmghe_snapshot.jpg</image>
    <category>Entertainment</category>
    <language>Chinese</language>
    <views>182438.0</views>
  </channel>
  <channel>
    <name>King of Queens </name>
    <url>http://www.streamlive.to/view/38213</url>
    <image>http://snapshots.streamlive.to/snapshots/yytqkp7711cd1ze_snapshot.jpg</image>
    <category>Entertainment</category>
    <language>English</language>
    <views>637716.0</views>
  </channel>
  <channel>
    <name>BET </name>
    <url>http://www.streamlive.to/view/50652</url>
    <image>http://snapshots.streamlive.to/snapshots/kexkxje3nqi6dtl_snapshot.jpg</image>
    <category>Entertainment</category>
    <language>English</language>
    <views>1039201.0</views>
  </channel>
  <channel>
    <name>Uptown Comedy Corner Premier Urban Comedy from Atlanta, Ga.</name>
    <url>http://www.streamlive.to/view/71072</url>
    <image>http://snapshots.streamlive.to/snapshots/qmqwrgez1sq6cme_snapshot.jpg</image>
    <category>Entertainment</category>
    <language>English</language>
    <views>83362.0</views>
  </channel>
  <channel>
    <name>RCN TELEVISION COLOMBIA </name>
    <url>http://www.streamlive.to/view/52714</url>
    <image>http://snapshots.streamlive.to/snapshots/s4zznyjf3zoz0dc_snapshot.jpg</image>
    <category>Entertainment</category>
    <language>Spanish</language>
    <views>1002812.0</views>
  </channel>
  <channel>
    <name>TruTV (HD) </name>
    <url>http://www.streamlive.to/view/52755</url>
    <image>http://snapshots.streamlive.to/snapshots/uhnr4161ybioa5w_snapshot.jpg</image>
    <category>Entertainment</category>
    <language>English</language>
    <views>884045.0</views>
  </channel>
  <channel>
    <name>Sky Family (HD) </name>
    <url>http://www.streamlive.to/view/71666</url>
    <image>http://snapshots.streamlive.to/snapshots/9lbeipbbj3tb2ik_snapshot.jpg</image>
    <category>Entertainment</category>
    <language>English</language>
    <views>192282.5</views>
  </channel>
  <channel>
    <name>South Park </name>
    <url>http://www.streamlive.to/view/40155</url>
    <image>http://snapshots.streamlive.to/snapshots/p519222iwkn2t2x_snapshot.jpg</image>
    <category>Entertainment</category>
    <language>English</language>
    <views>76503.0</views>
  </channel>
  <channel>
    <name>Cartoon Network </name>
    <url>http://www.streamlive.to/view/71632</url>
    <image>http://snapshots.streamlive.to/snapshots/9l41fcr1sgmclej_snapshot.jpg</image>
    <category>Animation</category>
    <language>English</language>
    <views>2011231.5</views>
  </channel>
  <channel>
    <name>Dragon Ball full episodes</name>
    <url>http://www.streamlive.to/view/37044</url>
    <image>http://snapshots.streamlive.to/snapshots/15jvbu6lxtgwrcq_snapshot.jpg</image>
    <category>Animation</category>
    <language>English</language>
    <views>230701.5</views>
  </channel>
  <channel>
    <name>Naruto </name>
    <url>http://www.streamlive.to/view/37161</url>
    <image>http://snapshots.streamlive.to/snapshots/9ft15bx7kc229en_snapshot.jpg</image>
    <category>Animation</category>
    <language>Japanese</language>
    <views>183405.5</views>
  </channel>
  <channel>
    <name>Detective Conan the movies </name>
    <url>http://www.streamlive.to/view/38223</url>
    <image>http://snapshots.streamlive.to/snapshots/shserslj4yhr7ig_snapshot.jpg</image>
    <category>Animation</category>
    <language>Japanese</language>
    <views>147983.0</views>
  </channel>
  <channel>
    <name>Dragon Balll Z </name>
    <url>http://www.streamlive.to/view/40156</url>
    <image>http://snapshots.streamlive.to/snapshots/y9f0p4tvi2hwoxy_snapshot.jpg</image>
    <category>Animation</category>
    <language>English</language>
    <views>442800.5</views>
  </channel>
  <channel>
    <name>Bleach anime full </name>
    <url>http://www.streamlive.to/view/36820</url>
    <image>http://snapshots.streamlive.to/snapshots/cqq87pn1lkxra4k_snapshot.jpg</image>
    <category>Animation</category>
    <language>Japanese</language>
    <views>159940.5</views>
  </channel>
  <channel>
    <name>National Geographic (HD) </name>
    <url>http://www.streamlive.to/view/68872</url>
    <image>http://snapshots.streamlive.to/snapshots/qzsfigd1y3bgbhs_snapshot.jpg</image>
    <category>General</category>
    <language>English</language>
    <views>65171.5</views>
  </channel>
  <channel>
    <name>Science (HD) </name>
    <url>http://www.streamlive.to/view/68871</url>
    <image>http://snapshots.streamlive.to/snapshots/00t250wv1d4ltib_snapshot.jpg</image>
    <category>General</category>
    <language>English</language>
    <views>49158.5</views>
  </channel>
  <channel>
    <name>PCTV 7 </name>
    <url>http://www.streamlive.to/view/72607</url>
    <image>http://snapshots.streamlive.to/snapshots/cqz8m82z6926up8_snapshot.jpg</image>
    <category>General</category>
    <language>English</language>
    <views>8012.0</views>
  </channel>
  <channel>
    <name>ABC Family - Mttvmario Refer To The T.V. Guide At The Bottom of the Page</name>
    <url>http://www.streamlive.to/view/30303</url>
    <image>http://snapshots.streamlive.to/snapshots/vx63a0c7mxk2jt8_snapshot.jpg</image>
    <category>General</category>
    <language>English</language>
    <views>1802108.5</views>
  </channel>
  <channel>
    <name>VH1 </name>
    <url>http://www.streamlive.to/view/52988</url>
    <image>http://snapshots.streamlive.to/snapshots/oeiigxxv1gbeqq9_snapshot.jpg</image>
    <category>General</category>
    <language>English</language>
    <views>1369469.0</views>
  </channel>
  <channel>
    <name>Discovery France (HD) </name>
    <url>http://www.streamlive.to/view/70212</url>
    <image>http://snapshots.streamlive.to/snapshots/zxmgjr0fyl6dxja_snapshot.jpg</image>
    <category>General</category>
    <language>French</language>
    <views>177182.0</views>
  </channel>
  <channel>
    <name>NBC US Live HD </name>
    <url>http://www.streamlive.to/view/73293</url>
    <image>http://snapshots.streamlive.to/snapshots/8gntbwbch50mjjq_snapshot.jpg</image>
    <category>General</category>
    <language>English</language>
    <views>5625.0</views>
  </channel>
  <channel>
    <name>HGTV (HD) </name>
    <url>http://www.streamlive.to/view/52053</url>
    <image>http://snapshots.streamlive.to/snapshots/gj65q2rg18tpmut_snapshot.jpg</image>
    <category>General</category>
    <language>English</language>
    <views>288564.5</views>
  </channel>
  <channel>
    <name>HBO (HD) LIVE</name>
    <url>http://www.streamlive.to/view/72625</url>
    <image>http://snapshots.streamlive.to/snapshots/c6y744dblz5mm0n_snapshot.jpg</image>
    <category>General</category>
    <language>Spanish</language>
    <views>262100.0</views>
  </channel>
  <channel>
    <name>ABC USA Live HD </name>
    <url>http://www.streamlive.to/view/73290</url>
    <image>http://snapshots.streamlive.to/snapshots/x75tw2w6u1x1e7y_snapshot.jpg</image>
    <category>General</category>
    <language>English</language>
    <views>69364.0</views>
  </channel>
  <channel>
    <name>Food Network (HD) </name>
    <url>http://www.streamlive.to/view/52506</url>
    <image>http://snapshots.streamlive.to/snapshots/ibnnu7537h3ax6e_snapshot.jpg</image>
    <category>General</category>
    <language>English</language>
    <views>185208.5</views>
  </channel>
  <channel>
    <name>ID - Investigation Discovery (HD) </name>
    <url>http://www.streamlive.to/view/69111</url>
    <image>http://snapshots.streamlive.to/snapshots/yjma618cibkqxeo_snapshot.jpg</image>
    <category>General</category>
    <language>English</language>
    <views>357483.0</views>
  </channel>
  <channel>
    <name>Discovery (HD) </name>
    <url>http://www.streamlive.to/view/69112</url>
    <image>http://snapshots.streamlive.to/snapshots/ishyd3sopok3p27_snapshot.jpg</image>
    <category>General</category>
    <language>English</language>
    <views>108122.0</views>
  </channel>
  <channel>
    <name>History (HD) </name>
    <url>http://www.streamlive.to/view/39949</url>
    <image>http://snapshots.streamlive.to/snapshots/dhp0rpd116qyyj6_snapshot.jpg</image>
    <category>General</category>
    <language>English</language>
    <views>1496345.5</views>
  </channel>
  <channel>
    <name>History Channel Europe [HD] </name>
    <url>http://www.streamlive.to/view/70633</url>
    <image>http://snapshots.streamlive.to/snapshots/logojbjhar79pc8_snapshot.jpg</image>
    <category>General</category>
    <language>English</language>
    <views>1737523.0</views>
  </channel>
  <channel>
    <name>FOX 43 US Live HD </name>
    <url>http://www.streamlive.to/view/73302</url>
    <image>http://snapshots.streamlive.to/snapshots/wjpi4hkfv2fswrz_snapshot.jpg</image>
    <category>General</category>
    <language>English</language>
    <views>3510.0</views>
  </channel>
  <channel>
    <name>OWN - Oprah Winfrey Network (HD) </name>
    <url>http://www.streamlive.to/view/53857</url>
    <image>http://snapshots.streamlive.to/snapshots/uehgy5htiasffj3_snapshot.jpg</image>
    <category>General</category>
    <language>English</language>
    <views>1469755.0</views>
  </channel>
  <channel>
    <name>H2 -History Channel 2- Europe [HD] </name>
    <url>http://www.streamlive.to/view/70632</url>
    <image>http://snapshots.streamlive.to/snapshots/bmbahkumnsqcydw_snapshot.jpg</image>
    <category>General</category>
    <language>English</language>
    <views>733096.5</views>
  </channel>
  <channel>
    <name>National Geographic Wild France (HD) </name>
    <url>http://www.streamlive.to/view/70213</url>
    <image>http://snapshots.streamlive.to/snapshots/65oufjbzfin48ho_snapshot.jpg</image>
    <category>General</category>
    <language>French</language>
    <views>281679.0</views>
  </channel>
  <channel>
    <name>CBS US TV Live HD </name>
    <url>http://www.streamlive.to/view/73300</url>
    <image>http://snapshots.streamlive.to/snapshots/0n2jr7p9wn6qzcx_snapshot.jpg</image>
    <category>General</category>
    <language>English</language>
    <views>3538.5</views>
  </channel>
  <channel>
    <name>Travel channel (HD) </name>
    <url>http://www.streamlive.to/view/65833</url>
    <image>http://snapshots.streamlive.to/snapshots/4aiufk0o430qt0d_snapshot.jpg</image>
    <category>General</category>
    <language>English</language>
    <views>114515.0</views>
  </channel>
  <channel>
    <name>Truth or Conspiracy Kingz Court TV</name>
    <url>http://www.streamlive.to/view/71259</url>
    <image>http://snapshots.streamlive.to/snapshots/t8pxhnkifqyflgz_snapshot.jpg</image>
    <category>General</category>
    <language>English</language>
    <views>46939.5</views>
  </channel>
  <channel>
    <name>CNN </name>
    <url>http://www.streamlive.to/view/70785</url>
    <image>http://snapshots.streamlive.to/snapshots/ykerm3p2gcj43qf_snapshot.jpg</image>
    <category>News</category>
    <language>English</language>
    <views>644958.0</views>
  </channel>
<!--   <channel> -->
    <name>ABC NEWS (HD) </name>
    <url>http://www.streamlive.to/view/73328</url>
    <image>http://snapshots.streamlive.to/snapshots/dlrvilacwuwwf2t_snapshot.jpg</image>
    <category>News</category>
    <language>English</language>
    <views>1003.0</views>
  </channel>
  <channel>
    <name>CNN (HD) </name>
    <url>http://www.streamlive.to/view/46461</url>
    <image>http://snapshots.streamlive.to/snapshots/rjxo8hz17q9waiq_snapshot.jpg</image>
    <category>News</category>
    <language>English</language>
    <views>318071.5</views>
  </channel>
  <channel>
    <name>Fox News (HD) </name>
    <url>http://www.streamlive.to/view/46465</url>
    <image>http://snapshots.streamlive.to/snapshots/ohn58e97er36vjr_snapshot.jpg</image>
    <category>News</category>
    <language>English</language>
    <views>381816.0</views>
  </channel>
  <channel>
    <name>Fox News </name>
    <url>http://www.streamlive.to/view/68968</url>
    <image>http://snapshots.streamlive.to/snapshots/w0mr10getvsikam_snapshot.jpg</image>
    <category>News</category>
    <language>English</language>
    <views>4501783.0</views>
  </channel>
  <channel>
    <name>CNN Live CNN</name>
    <url>http://www.streamlive.to/view/68967</url>
    <image>http://snapshots.streamlive.to/snapshots/1z3ps9vxnknuskb_snapshot.jpg</image>
    <category>News</category>
    <language>English</language>
    <views>5841132.5</views>
  </channel>
  <channel>
    <name>MSNBC </name>
    <url>http://www.streamlive.to/view/52505</url>
    <image>http://snapshots.streamlive.to/snapshots/1341ujtliqndod8_snapshot.jpg</image>
    <category>News</category>
    <language>English</language>
    <views>360469.5</views>
  </channel>
  <channel>
    <name>CNN International (HD) </name>
    <url>http://www.streamlive.to/view/73316</url>
    <image>http://snapshots.streamlive.to/snapshots/llpytqr4njicjmm_snapshot.jpg</image>
    <category>News</category>
    <language>English</language>
    <views>7581.5</views>
  </channel>
  <channel>
    <name>Korean Music </name>
    <url>http://www.streamlive.to/view/38215</url>
    <image>http://snapshots.streamlive.to/snapshots/q32r221dgpcok07_snapshot.jpg</image>
    <category>Music</category>
    <language>Korean</language>
    <views>137971.5</views>
  </channel>
  <channel>
    <name>MTV Music Television (HD) </name>
    <url>http://www.streamlive.to/view/63376</url>
    <image>http://snapshots.streamlive.to/snapshots/p0audpgrkvu6l1g_snapshot.jpg</image>
    <category>Music</category>
    <language>English</language>
    <views>113213.0</views>
  </channel>
  <channel>
    <name>Vietnamese Music hot girl </name>
    <url>http://www.streamlive.to/view/36974</url>
    <image>http://snapshots.streamlive.to/snapshots/9r8266ecbqwd10s_snapshot.jpg</image>
    <category>Music</category>
    <language>Vietnamese</language>
    <views>168694.5</views>
  </channel>
  <channel>
    <name>Japanese Super Stars music </name>
    <url>http://www.streamlive.to/view/38218</url>
    <image>http://snapshots.streamlive.to/snapshots/bzh4mr1zt40hmw4_snapshot.jpg</image>
    <category>Music</category>
    <language>Japanese</language>
    <views>122256.0</views>
  </channel>
  <channel>
    <name>Nickelodeon </name>
    <url>http://www.streamlive.to/view/71112</url>
    <image>http://snapshots.streamlive.to/snapshots/64jaber5pjqj2cr_snapshot.jpg</image>
    <category>Family</category>
    <language>English</language>
    <views>1603121.0</views>
  </channel>
  <channel>
    <name>Disney (HD) </name>
    <url>http://www.streamlive.to/view/38804</url>
    <image>http://snapshots.streamlive.to/snapshots/2tag4dzgwof5ma2_snapshot.jpg</image>
    <category>Family</category>
    <language>English</language>
    <views>4377834.0</views>
  </channel>
  <channel>
    <name>Mad Max Fury Road (2015) </name>
    <url>http://www.streamlive.to/view/71648</url>
    <image>http://snapshots.streamlive.to/snapshots/u1bbefoly78b2qr_snapshot.jpg</image>
    <category>Movies</category>
    <language>English</language>
    <views>158942.5</views>
  </channel>
  <channel>
    <name>Safelight (2015) </name>
    <url>http://www.streamlive.to/view/71654</url>
    <image>http://snapshots.streamlive.to/snapshots/bd7xeub3lhg82ut_snapshot.jpg</image>
    <category>Movies</category>
    <language>English</language>
    <views>43774.5</views>
  </channel>
  <channel>
    <name>It follows (2014) </name>
    <url>http://www.streamlive.to/view/72585</url>
    <image>http://snapshots.streamlive.to/snapshots/5gkpc1aceuj6tiw_snapshot.jpg</image>
    <category>Movies</category>
    <language>English</language>
    <views>4932.0</views>
  </channel>
  <channel>
    <name>Gallow Road (2015) </name>
    <url>http://www.streamlive.to/view/71672</url>
    <image>http://snapshots.streamlive.to/snapshots/uwlf17ew492ebrc_snapshot.jpg</image>
    <category>Movies</category>
    <language>English</language>
    <views>40034.0</views>
  </channel>
  <channel>
    <name>Black Beauty (2015) </name>
    <url>http://www.streamlive.to/view/71649</url>
    <image>http://snapshots.streamlive.to/snapshots/h9eb1byhulw7ohh_snapshot.jpg</image>
    <category>Movies</category>
    <language>English</language>
    <views>80449.0</views>
  </channel>
  <channel>
    <name>Entourage (2015) </name>
    <url>http://www.streamlive.to/view/72599</url>
    <image>http://snapshots.streamlive.to/snapshots/k1ask545j0h6xof_snapshot.jpg</image>
    <category>Movies</category>
    <language>English</language>
    <views>6756.5</views>
  </channel>
  <channel>
    <name>The Longest Ride (2015) </name>
    <url>http://www.streamlive.to/view/72598</url>
    <image>http://snapshots.streamlive.to/snapshots/vu3iocfc52p94ua_snapshot.jpg</image>
    <category>Movies</category>
    <language>English</language>
    <views>6161.5</views>
  </channel>
  <channel>
    <name>The Hobbit An Unexpected Journey (2012) </name>
    <url>http://www.streamlive.to/view/72556</url>
    <image>http://snapshots.streamlive.to/snapshots/ds0zo23ropoe6tb_snapshot.jpg</image>
    <category>Movies</category>
    <language>English</language>
    <views>6523.5</views>
  </channel>
  <channel>
    <name>Furious 7 (2015) </name>
    <url>http://www.streamlive.to/view/72504</url>
    <image>http://snapshots.streamlive.to/snapshots/kz8m5uyw3z56thx_snapshot.jpg</image>
    <category>Movies</category>
    <language>English</language>
    <views>31977.5</views>
  </channel>
  <channel>
    <name>What We Do In The Shadows 2014 </name>
    <url>http://www.streamlive.to/view/72588</url>
    <image>http://snapshots.streamlive.to/snapshots/8jrmz1jsnyq77ns_snapshot.jpg</image>
    <category>Movies</category>
    <language>English</language>
    <views>4298.5</views>
  </channel>
  <channel>
    <name>Red Army (2014) </name>
    <url>http://www.streamlive.to/view/72596</url>
    <image>http://snapshots.streamlive.to/snapshots/wb9sll951pdzg1i_snapshot.jpg</image>
    <category>Movies</category>
    <language>English</language>
    <views>6313.0</views>
  </channel>
  <channel>
    <name>The Hobbit The Desolation of Smaug (2013) </name>
    <url>http://www.streamlive.to/view/72557</url>
    <image>http://snapshots.streamlive.to/snapshots/a9iwm0961njp8p5_snapshot.jpg</image>
    <category>Movies</category>
    <language>English</language>
    <views>6249.0</views>
  </channel>
  <channel>
    <name>Terminator Genisys (2015) </name>
    <url>http://www.streamlive.to/view/72549</url>
    <image>http://snapshots.streamlive.to/snapshots/ma86cg9qjyenubb_snapshot.jpg</image>
    <category>Movies</category>
    <language>English</language>
    <views>14202.0</views>
  </channel>
  <channel>
    <name>Paul Blart Mall Cop 2 (2015) </name>
    <url>http://www.streamlive.to/view/71647</url>
    <image>http://snapshots.streamlive.to/snapshots/j9jdgdjtvnmghlo_snapshot.jpg</image>
    <category>Movies</category>
    <language>English</language>
    <views>76989.0</views>
  </channel>
  <channel>
    <name>The Jokesters (2015) </name>
    <url>http://www.streamlive.to/view/71646</url>
    <image>http://snapshots.streamlive.to/snapshots/zcg77gx75hsz5y7_snapshot.jpg</image>
    <category>Movies</category>
    <language>English</language>
    <views>35769.0</views>
  </channel>
  <channel>
    <name>Paddington (2014) </name>
    <url>http://www.streamlive.to/view/72587</url>
    <image>http://snapshots.streamlive.to/snapshots/3fplceunaduthiw_snapshot.jpg</image>
    <category>Movies</category>
    <language>English</language>
    <views>4452.0</views>
  </channel>
  <channel>
    <name>The Good The Bad The Ugly (1966) </name>
    <url>http://www.streamlive.to/view/72589</url>
    <image>http://snapshots.streamlive.to/snapshots/feewtsonj73qeu4_snapshot.jpg</image>
    <category>Movies</category>
    <language>English</language>
    <views>7527.0</views>
  </channel>
  <channel>
    <name>The Girl Is In Trouble (2015) </name>
    <url>http://www.streamlive.to/view/71671</url>
    <image>http://snapshots.streamlive.to/snapshots/eq52bo3zkaweniw_snapshot.jpg</image>
    <category>Movies</category>
    <language>English</language>
    <views>60629.5</views>
  </channel>
  <channel>
    <name>Inception (2010) </name>
    <url>http://www.streamlive.to/view/72581</url>
    <image>http://snapshots.streamlive.to/snapshots/pe1dt3fanftdh0o_snapshot.jpg</image>
    <category>Movies</category>
    <language>English</language>
    <views>5176.0</views>
  </channel>
  <channel>
    <name>Paper Town (2015) </name>
    <url>http://www.streamlive.to/view/72566</url>
    <image>http://snapshots.streamlive.to/snapshots/hrb0ptuds85252s_snapshot.jpg</image>
    <category>Movies</category>
    <language>English</language>
    <views>6063.0</views>
  </channel>
  <channel>
    <name>Forest Gump (1994) </name>
    <url>http://www.streamlive.to/view/72578</url>
    <image>http://snapshots.streamlive.to/snapshots/jq4vu9yopbp2au0_snapshot.jpg</image>
    <category>Movies</category>
    <language>English</language>
    <views>6065.5</views>
  </channel>
  <channel>
    <name>Joe Dirt 2 (2015) </name>
    <url>http://www.streamlive.to/view/71645</url>
    <image>http://snapshots.streamlive.to/snapshots/m3607iui5io25yy_snapshot.jpg</image>
    <category>Movies</category>
    <language>English</language>
    <views>78956.0</views>
  </channel>
  <channel>
    <name>The Hobbit The Battle Of The Five Armies (2014) </name>
    <url>http://www.streamlive.to/view/72565</url>
    <image>http://snapshots.streamlive.to/snapshots/wgfc4tdv02e007x_snapshot.jpg</image>
    <category>Movies</category>
    <language>English</language>
    <views>6634.0</views>
  </channel>
  <channel>
    <name>Jurassic World (2015) </name>
    <url>http://www.streamlive.to/view/72551</url>
    <image>http://snapshots.streamlive.to/snapshots/vr9frdz2i1wnazn_snapshot.jpg</image>
    <category>Movies</category>
    <language>English</language>
    <views>22095.0</views>
  </channel>
  <channel>
    <name>Lila And Eve (2015) </name>
    <url>http://www.streamlive.to/view/71653</url>
    <image>http://snapshots.streamlive.to/snapshots/b99ud2n5hi7sbru_snapshot.jpg</image>
    <category>Movies</category>
    <language>English</language>
    <views>55062.0</views>
  </channel>
  <channel>
    <name>Batman: The Dark Knight (2008) </name>
    <url>http://www.streamlive.to/view/72576</url>
    <image>http://snapshots.streamlive.to/snapshots/8mvmpkr81mwuckv_snapshot.jpg</image>
    <category>Movies</category>
    <language>English</language>
    <views>8011.5</views>
  </channel>
  <channel>
    <name>Black Mask (2015) English Sub </name>
    <url>http://www.streamlive.to/view/72595</url>
    <image>http://snapshots.streamlive.to/snapshots/0t4k4jnxeffgk1l_snapshot.jpg</image>
    <category>Movies</category>
    <language>Chinese</language>
    <views>109029.0</views>
  </channel>
  <channel>
    <name>Mission Impossible Rogue Nation (2015) </name>
    <url>http://www.streamlive.to/view/72586</url>
    <image>http://snapshots.streamlive.to/snapshots/p05ng1l0ijjf5bc_snapshot.jpg</image>
    <category>Movies</category>
    <language>English</language>
    <views>11591.0</views>
  </channel>
  <channel>
    <name>Fight Club (1999) </name>
    <url>http://www.streamlive.to/view/72577</url>
    <image>http://snapshots.streamlive.to/snapshots/14ou2yl2pnw8o61_snapshot.jpg</image>
    <category>Movies</category>
    <language>English</language>
    <views>4571.0</views>
  </channel>
  <channel>
    <name>Inside Out (2015) </name>
    <url>http://www.streamlive.to/view/72579</url>
    <image>http://snapshots.streamlive.to/snapshots/0teklb2l6blguas_snapshot.jpg</image>
    <category>Movies</category>
    <language>English</language>
    <views>7652.5</views>
  </channel>
  <channel>
    <name>The Shawshank Redemption (1994) </name>
    <url>http://www.streamlive.to/view/72580</url>
    <image>http://snapshots.streamlive.to/snapshots/ww7u43ccfi7ks42_snapshot.jpg</image>
    <category>Movies</category>
    <language>English</language>
    <views>5295.5</views>
  </channel>
  <channel>
    <name>Pixels (2015) </name>
    <url>http://www.streamlive.to/view/72597</url>
    <image>http://snapshots.streamlive.to/snapshots/iyw9yz6l26up8di_snapshot.jpg</image>
    <category>Movies</category>
    <language>English</language>
    <views>7749.0</views>
  </channel>
  <channel>
    <name>Bone Tomahawk (2015) </name>
    <url>http://www.streamlive.to/view/72719</url>
    <image>http://snapshots.streamlive.to/snapshots/96inm4jy0lr7xie_snapshot.jpg</image>
    <category>Movies</category>
    <language>English</language>
    <views>29514.0</views>
  </channel>
  <channel>
    <name>The Maze Runner (2014) </name>
    <url>http://www.streamlive.to/view/72663</url>
    <image>http://snapshots.streamlive.to/snapshots/4ka1pqp4fc9kuxn_snapshot.jpg</image>
    <category>Movies</category>
    <language>English</language>
    <views>346.0</views>
  </channel>
  <channel>
    <name>Jackie Chan Chan's movies from 1991-2008</name>
    <url>http://www.streamlive.to/view/37002</url>
    <image>http://snapshots.streamlive.to/snapshots/aq6ijlszct7wfl4_snapshot.jpg</image>
    <category>Movies</category>
    <language>English</language>
    <views>350958.5</views>
  </channel>
  <channel>
    <name>Cooties (2014) </name>
    <url>http://www.streamlive.to/view/72657</url>
    <image>http://snapshots.streamlive.to/snapshots/wn9h8wvth1raovk_snapshot.jpg</image>
    <category>Movies</category>
    <language>English</language>
    <views>370.5</views>
  </channel>
  <channel>
    <name>American Ultra (2015) </name>
    <url>http://www.streamlive.to/view/72830</url>
    <image>http://snapshots.streamlive.to/snapshots/gb6586bpdhryni2_snapshot.jpg</image>
    <category>Movies</category>
    <language>English</language>
    <views>851.0</views>
  </channel>
  <channel>
    <name>The Man in the High Castle </name>
    <url>http://www.streamlive.to/view/73304</url>
    <image>http://snapshots.streamlive.to/snapshots/pafplbpoxekmrfz_snapshot.jpg</image>
    <category>Movies</category>
    <language>English</language>
    <views>3420.5</views>
  </channel>
  <channel>
    <name>Shelter (2015) </name>
    <url>http://www.streamlive.to/view/72662</url>
    <image>http://snapshots.streamlive.to/snapshots/3y9mfkvb9idypna_snapshot.jpg</image>
    <category>Movies</category>
    <language>English</language>
    <views>506.5</views>
  </channel>
  <channel>
    <name>The HD Movie Channel 1 </name>
    <url>http://www.streamlive.to/view/68358</url>
    <image>http://snapshots.streamlive.to/snapshots/asn0crzhq351g0w_snapshot.jpg</image>
    <category>Movies</category>
    <language>English</language>
    <views>1243368.5</views>
  </channel>
  <channel>
    <name>Everest (2015) </name>
    <url>http://www.streamlive.to/view/72721</url>
    <image>http://snapshots.streamlive.to/snapshots/1ji7g2d5m7vewbk_snapshot.jpg</image>
    <category>Movies</category>
    <language>English</language>
    <views>38057.5</views>
  </channel>
  <channel>
    <name>How I Met Your Mother - Season 1 </name>
    <url>http://www.streamlive.to/view/73324</url>
    <image>http://snapshots.streamlive.to/snapshots/cskhx01lj2qce59_snapshot.jpg</image>
    <category>Movies</category>
    <language>English</language>
    <views>634.0</views>
  </channel>
  <channel>
    <name>SuperHero movie channel </name>
    <url>http://www.streamlive.to/view/38366</url>
    <image>http://snapshots.streamlive.to/snapshots/8g7x80ozu6hz2ds_snapshot.jpg</image>
    <category>Movies</category>
    <language>English</language>
    <views>8817604.0</views>
  </channel>
  <channel>
    <name>Fox Movie Channel </name>
    <url>http://www.streamlive.to/view/38449</url>
    <image>http://snapshots.streamlive.to/snapshots/hc992q7x7cz86t9_snapshot.jpg</image>
    <category>Movies</category>
    <language>English</language>
    <views>1462544.0</views>
  </channel>
  <channel>
    <name>Guardians Of The Galaxy (2014) </name>
    <url>http://www.streamlive.to/view/72658</url>
    <image>http://snapshots.streamlive.to/snapshots/z5wkmszpfiseqwc_snapshot.jpg</image>
    <category>Movies</category>
    <language>English</language>
    <views>507.0</views>
  </channel>
  <channel>
    <name>Avengers Age Of Ultron </name>
    <url>http://www.streamlive.to/view/72718</url>
    <image>http://snapshots.streamlive.to/snapshots/ds19mmln49mmcr0_snapshot.jpg</image>
    <category>Movies</category>
    <language>English</language>
    <views>107598.5</views>
  </channel>
  <channel>
    <name>Child 44 (2015) </name>
    <url>http://www.streamlive.to/view/72862</url>
    <image>http://snapshots.streamlive.to/snapshots/ia6hwl2536inxri_snapshot.jpg</image>
    <category>Movies</category>
    <language>English</language>
    <views>460.0</views>
  </channel>
  <channel>
    <name>Spy (2015) </name>
    <url>http://www.streamlive.to/view/72722</url>
    <image>http://snapshots.streamlive.to/snapshots/hzxcyk0zklw53ha_snapshot.jpg</image>
    <category>Movies</category>
    <language>English</language>
    <views>28965.0</views>
  </channel>
  <channel>
    <name>Interstellar (2014) </name>
    <url>http://www.streamlive.to/view/72659</url>
    <image>http://snapshots.streamlive.to/snapshots/bwilykq6e2ijdbx_snapshot.jpg</image>
    <category>Movies</category>
    <language>English</language>
    <views>444.5</views>
  </channel>
  <channel>
    <name>Kingsman The Secret Service (2014) </name>
    <url>http://www.streamlive.to/view/72660</url>
    <image>http://snapshots.streamlive.to/snapshots/oqnmdvee3o5c4ix_snapshot.jpg</image>
    <category>Movies</category>
    <language>English</language>
    <views>561.0</views>
  </channel>
  <channel>
    <name>HBO HD LIVE</name>
    <url>http://www.streamlive.to/view/72496</url>
    <image>http://snapshots.streamlive.to/snapshots/sv285zqmhz7431p_snapshot.jpg</image>
    <category>Movies</category>
    <language>English</language>
    <views>215500.0</views>
  </channel>
  <channel>
    <name>Get Hard (2015) </name>
    <url>http://www.streamlive.to/view/72720</url>
    <image>http://snapshots.streamlive.to/snapshots/2kuhc090f1lz1qc_snapshot.jpg</image>
    <category>Movies</category>
    <language>English</language>
    <views>47747.5</views>
  </channel>
  <channel>
    <name>Hotel Transylvania 2 (2015) </name>
    <url>http://www.streamlive.to/view/73065</url>
    <image>http://snapshots.streamlive.to/snapshots/1l8bmbn61d9jw3k_snapshot.jpg</image>
    <category>Movies</category>
    <language>English</language>
    <views>436.5</views>
  </channel>
  <channel>
    <name>Hitman Agent 47 (2015) </name>
    <url>http://www.streamlive.to/view/72832</url>
    <image>http://snapshots.streamlive.to/snapshots/xoshn1rt6polw8h_snapshot.jpg</image>
    <category>Movies</category>
    <language>English</language>
    <views>869.0</views>
  </channel>
  <channel>
    <name>Ant Man (2015) </name>
    <url>http://www.streamlive.to/view/72831</url>
    <image>http://snapshots.streamlive.to/snapshots/ass4h3a4di6uz9z_snapshot.jpg</image>
    <category>Movies</category>
    <language>English</language>
    <views>1156.5</views>
  </channel>
  <channel>
    <name>HBO Comedy movie </name>
    <url>http://www.streamlive.to/view/38214</url>
    <image>http://snapshots.streamlive.to/snapshots/a1wn1j3ra1w0cv0_snapshot.jpg</image>
    <category>Movies</category>
    <language>English</language>
    <views>1655393.0</views>
  </channel>
  <channel>
    <name>Heist (2015) </name>
    <url>http://www.streamlive.to/view/73066</url>
    <image>http://snapshots.streamlive.to/snapshots/q8kd4d2fgosdd68_snapshot.jpg</image>
    <category>Movies</category>
    <language>English</language>
    <views>518.0</views>
  </channel>
  <channel>
    <name>The HD Movie Channel 2 </name>
    <url>http://www.streamlive.to/view/68359</url>
    <image>http://snapshots.streamlive.to/snapshots/3mu6xhoy4xa8l7w_snapshot.jpg</image>
    <category>Movies</category>
    <language>English</language>
    <views>1107006.0</views>
  </channel>
  <channel>
    <name>iMoViE Lethal.Weapon 1.2.3.4</name>
    <url>http://www.streamlive.to/view/72901</url>
    <image>http://snapshots.streamlive.to/snapshots/807xodc9na1mw02_snapshot.jpg</image>
    <category>Movies</category>
    <language>English</language>
    <views>263.5</views>
  </channel>
</channels>
