<?xml version="1.0" encoding="UTF-8" standalone="yes"?>
<addon id="plugin.video.VADER"
       name="Vader-Streams"
       version="1.0.0"
       provider-name="Vader,SkyWalker">
  <requires>
    <import addon="xbmc.python" version="2.1.0"/>
	<import addon="script.module.requests" />
	<import addon="script.module.mechanize" />
  	<import addon="script.module.urlresolver" />
</requires>
  <extension point="xbmc.python.pluginsource"
            library="default.py">
        <provides>video</provides>
  </extension>
  <extension point="xbmc.addon.metadata">
    <summary lang="en"></summary>
    <language>en</language>
    <description lang="en">[COLOR red]The Force of Streams![/COLOR]</description>
     <platform>all</platform>
  </extension>
</addon>
