﻿<?xml version="1.0" encoding="UTF-8" standalone="yes"?>
<addon id="Andy.plugin.video.mac" name=" [COLOR yellow]Andy[/COLOR] IPTV (Mac)" version="0.1" provider-name="Andy">
  <requires>
    <import addon="xbmc.python" version="2.1.0"/>
  </requires>
  <extension point="xbmc.python.pluginsource" library="addon.py">
    <provides>video</provides>
  </extension>
  <extension point="xbmc.addon.metadata">
    <summary>IPTV addon for Live TV Channels (Needs MAC in settings).  This version has a visible MAC in EPG addons.ini</summary>
    <description>
This version doesnt have a MAC in EPG addons.ini or the internal program.  You must provide your own in the settings.xml.  Clear cache if problems arise.
    </description>
    <platform>all</platform>
  </extension>
</addon>