﻿<?xml version="1.0" encoding="UTF-8" standalone="yes"?>
<addon id="Andy.plugin.video.mac" name=" [COLOR yellow]Andy[/COLOR] IPTV" version="0.1" provider-name="Andy">
  <requires>
    <import addon="xbmc.python" version="2.1.0"/>
  </requires>
  <extension point="xbmc.python.pluginsource" library="addon.py">
    <provides>video</provides>
  </extension>
  <extension point="xbmc.addon.metadata">
    <summary>IPTV addon for Live TV Channels (Needs legit  MAC in settings).  This version has a visible MAC in EPG addons.ini</summary>
    <description>
Andy.plugin.video.mac   Clear cache if problems arise.    IPTV addon for Live TV Channels (Needs legit  MAC in settings).  This version has a visible MAC in EPG addons.ini
    </description>
    <platform>all</platform>
  </extension>
</addon>