﻿<?xml version="1.0" encoding="UTF-8" standalone="yes"?>
<addon id="Andy.plugin.video" name=" [COLOR yellow]Andy[/COLOR] IPTV" version="0.1" provider-name="Andy">
    <requires>
		<import addon="xbmc.python" version="2.14.0"/>
	</requires>
	<extension point="xbmc.python.pluginsource" library="addon.py">
		<provides>video</provides>
	</extension>
	<extension point="xbmc.service" library="server.py" start="startup" />
	<extension point="xbmc.addon.metadata">
		<platform>all</platform>
    <summary>IPTV addon for Live TV Channels (Needs MAC in settings).</summary>
    <description>
  This version doesnt have a MAC in EPG addons.ini or the internal program.  You must provide your own in the settings.xml.  Clear cache if problems arise.
    </description>
		<license>GNU General Public License, v2</license>
		<language></language>
	</extension>
</addon>
