<?xml version="1.0" encoding="UTF-8" standalone="yes"?>
<addon id="game.controller.default"
        name="Default Controller"
        version="1.0.0"
        provider-name="garbear">
    <requires>
    </requires>
    <extension point="kodi.game.controller" library="layout.xml"/>
    <extension point="xbmc.addon.metadata">
        <summary>Default Controller</summary>
        <description>The default media center controller is based on the Xbox 360 controller.</description>
        <disclaimer></disclaimer>
        <platform>all</platform>
        <nofanart>true</nofanart>
    </extension>
</addon>
