<?xml version="1.0" encoding="UTF-8" standalone="yes"?>
<addon id="Andy.script.epg.tools" name="[COLOR yellow]Andy[/COLOR] EPG Tools" version="1.0" provider-name="Andy,spoyser, DixieDean">
  <requires>
    <import addon="xbmc.python" version="2.1.0"/>
    <import addon="script.module.requests" version="2.3.0"/>
    
  </requires>
  <extension point="xbmc.python.pluginsource" library="default.py">
        <provides>video audio executable</provides>
  </extension>
  <extension point="xbmc.addon.metadata">
    <summary lang="en">Tools for use with EPG</summary>
    <description lang="en">Tools for use with EPG</description>
    <platform>all</platform>
    <language>en</language>
    <license>GNU GENERAL PUBLIC LICENSE. Version 2, June 1991</license>
    <forum></forum>
    <website></website>
    <source></source>
    <email></email>
  </extension>
</addon>