<includes>
    <!-- actually, includes.xml in python not work, see info here https://github.com/xbmc/xbmc/pull/452 -->
	<variable name="script.color.picker.MyPrettyColor">
		<value condition="IsEmpty(Skin.String(MyPrettyColor))">FFEB9E17</value>
		<value condition="!IsEmpty(Skin.String(MyPrettyColor))">$INFO[Skin.String(MyPrettyColor)]</value>
	</variable>
	<include name="script.color.picker.header">
		<control type="label">
			<description>header label</description>
			<posx>450</posx>
			<posy>30</posy>
			<width>740</width>
			<height>30</height>
			<font>font16caps</font>
			<align>left</align>
			<aligny>center</aligny>
			<label>[COLOR=$VAR[script.color.picker.MyPrettyColor]]$INFO[system.addontitle(script.color.picker)][/COLOR]</label>
			<!--<textcolor>$VAR[script.color.picker.MyPrettyColor]</textcolor>-->
			<shadowcolor>black</shadowcolor>
		</control>
	</include>
</includes>
