<window id="3000">
	<defaultcontrol always="true">9000</defaultcontrol>
	<controls>
		<control type="group">
			<description>Properties</description>
			<visible>false</visible>
			<control type="list" id="50">
				<description>Container for keep property</description>
				<posx>0</posx>
				<posy>0</posy>
				<width>1</width>
				<height>1</height>
				<viewtype label="Properties">list</viewtype>
				<pagecontrol>-</pagecontrol>
				<itemlayout height="1" width="1" />
				<focusedlayout height="1" width="1" />
			</control>
			<control type="label" id="150">
				<description>Current Picker Color</description>
				<!-- don't use $INFO[Container(50)...] in <colordiffuse> on browse.xml open xbmc crash -->
				<!-- but with $INFO[Control.GetLabel(150)] is OK !!!!-->
				<label>$INFO[Container(50).Property(CurrentPickerColor)]</label>
			</control>
			<control type="label" id="151">
				<description>Current Focus Color</description>
				<!-- don't use $INFO[Container(50)...] in <colordiffuse> on browse.xml open xbmc crash -->
				<!-- but with $INFO[Control.GetLabel(151)] is OK !!!!-->
				<label fallback="white">$INFO[Container(50).Property(CurrentFocusColor)]</label>
			</control>
			<control type="label" id="152">
				<description>Previous Picker Color</description>
				<!-- don't use $INFO[Container(50)...] in <colordiffuse> on browse.xml open xbmc crash -->
				<!-- but with $INFO[Control.GetLabel(150)] is OK !!!!-->
				<label>$INFO[Container(50).Property(PreviousPickerColor)]</label>
			</control>
			<control type="label" id="300">
				<description>clone of control image color picker</description>
				<!-- use clone, because from python control.getPosition() -->
				<!-- not return real position, if control is in group the position of group is forgotten -->
				<posx>500</posx>
				<posy>142</posy>
				<width>1200</width>
				<height>672</height>
				<label>-</label>
			</control>
		</control>

		<control type="group">
			<description>See content on container 9000</description>
			<visible>false</visible>
			<control type="button" id="24"><description>Palettes button</description></control>
			<control type="button" id="25"><description>Custom palettes button</description></control>
			<control type="button" id="22"><description>OK button</description></control>
			<control type="button" id="23"><description>Cancel button or PreviousMenu</description></control>
		</control>

		<control type="group">
			<visible>!Window.IsVisible(FileBrowser)</visible>
			<posx>160</posx>
			<posy>80</posy>
			<animation type="WindowOpen" reversible="false">
				<effect type="zoom" start="80" end="100" center="640,360" easing="out" tween="back" time="300" />
				<effect type="fade" start="0" end="100" time="300" />
			</animation>
			<animation type="WindowClose" reversible="false">
				<effect type="zoom" start="100" end="80" center="640,360" easing="in" tween="back" time="300" />
				<effect type="fade" start="100" end="0" time="300" />
			</animation>
         <!-- Main windows bakcground -->
			<control type="image">
				<posx>5</posx>
				<posy>5</posy>
				<width>1600</width>
				<height>920</height>
				<texture border="15">picker-ContentPanel.png</texture>
			</control>
         <!-- Cross button to close window -->
			<control type="button">
				<description>Close Window button</description>
				<posx>1520</posx>
				<posy>11</posy>
				<width>64</width>
				<height>32</height>
				<label>-</label>
				<font>-</font>
				<onclick>PreviousMenu</onclick>
				<texturefocus>picker-DialogCloseButton-focus.png</texturefocus>
				<texturenofocus>picker-DialogCloseButton.png</texturenofocus>
				<onleft>1</onleft>
				<onright>1</onright>
				<onup>1</onup>
				<ondown>1</ondown>
				<visible>system.getbool(input.enablemouse)</visible>
			</control>
         <!-- XBMC logo for color preview -->
			<control type="image">
				<description>LOGO</description>
				<posx>30</posx>
				<posy>15</posy>
				<width>330</width>
				<height>150</height>
				<aspectratio>scale</aspectratio>
				<texture>picker-xbmc-logo.png</texture>
				<colordiffuse>$INFO[Control.GetLabel(151)]</colordiffuse>
			</control>
         <!-- Right menu -->
			<control type="group" id="1000">
				<description>group 1000 is used for navigation only</description>
				<control type="list" id="9000">
					<description>button menu</description>
					<posx>10</posx>
					<posy>110</posy>
					<width>330</width>
					<height>400</height>
					<onleft>9003</onleft>
					<onright>140</onright>
					<onup>9002</onup>
					<ondown>9001</ondown>
					<pagecontrol>-</pagecontrol>
					<scrolltime>300</scrolltime>
					<itemlayout height="80" width="330">
						<control type="image">
							<posx>0</posx>
							<posy>0</posy>
							<width>330</width>
							<height>81</height>
							<texture border="5">picker-MenuItemNF.png</texture>
						</control>
						<control type="label">
							<posx>280</posx>
							<posy>15</posy>
							<width>380</width>
							<height>25</height>
							<font>font24_title</font>
							<textcolor>grey3</textcolor>
							<align>right</align>
							<aligny>center</aligny>
							<label>$INFO[ListItem.Label]</label>
							<animation effect="slide" end="0,13" condition="IsEmpty(ListItem.Label2)">Conditional</animation>
						</control>
						<control type="label">
							<posx>280</posx>
							<posy>42</posy>
							<width>870</width>
							<height>25</height>
							<font>font13caps</font>
							<textcolor>grey2</textcolor>
							<align>right</align>
							<aligny>center</aligny>
							<label>$INFO[ListItem.Label2]</label>
						</control>
					</itemlayout>
					<focusedlayout height="80" width="330">
						<control type="image">
							<posx>0</posx>
							<posy>0</posy>
							<width>330</width>
							<height>81</height>
							<texture border="5">picker-MenuItemFO.png</texture>
							<animation effect="fade" start="100" end="30" time="100" condition="!Control.HasFocus(9000)">Conditional</animation>
						</control>
						<control type="label">
							<posx>280</posx>
							<posy>15</posy>
							<width>380</width>
							<height>25</height>
							<font>font24_title</font>
							<textcolor>white</textcolor>
							<align>right</align>
							<aligny>center</aligny>
							<label>$INFO[ListItem.Label]</label>
							<animation effect="slide" end="0,13" condition="IsEmpty(ListItem.Label2)">Conditional</animation>
						</control>
						<control type="label">
							<posx>280</posx>
							<posy>42</posy>
							<width>870</width>
							<height>25</height>
							<font>font13caps</font>
							<textcolor>grey2</textcolor>
							<align>right</align>
							<aligny>center</aligny>
							<label>$INFO[ListItem.Label2]</label>
						</control>
					</focusedlayout>
					<content>
						<item id="1">
							<label>Palettes</label>
							<label2>Change Palette</label2>
							<onclick>SendClick(24)</onclick>
						</item>
						<item id="2">
							<label>Custom Palettes</label>
							<label2>Browse Image</label2>
							<onclick>SendClick(25)</onclick>
						</item>
						<item id="3">
							<label>Cancel</label>
							<label2>-</label2>
							<onclick>PreviousMenu</onclick>
						</item>
						<item id="4">
							<label>OK</label>
							<label2>-</label2>
							<onclick>SendClick(22)</onclick>
							<visible>!IsEmpty(Control.GetLabel(150))</visible>
						</item>
						<item id="5">
							<label>5</label>
							<label2>-</label2>
							<onclick>PreviousMenu</onclick>
							<onclick>Addon.OpenSettings(script.color.picker)</onclick>
						</item>
					</content>
				</control>
            <!-- Saved color label -->
				<control type="label">
					<description>label separator</description>
					<posx>40</posx>
					<posy>520</posy>
					<width>260</width>
					<height>35</height>
					<font>font12caps</font>
					<label>Saved Colors</label>
					<textcolor>blue</textcolor>
					<align>center</align>
					<aligny>center</aligny>
				</control>
            <!-- Saved color boxes -->
				<control type="panel" id="9001">
					<description>container saved colors</description>
					<posx>20</posx>
					<posy>555</posy>
					<width>330</width>
					<height>120</height>
					<onleft>9003</onleft>
					<onright>140</onright>
					<onup>9000</onup>
					<ondown>9002</ondown>
					<pagecontrol>-</pagecontrol>
					<scrolltime>300</scrolltime>
					<itemlayout height="30" width="30">
						<control type="image">
							<posx>0</posx>
							<posy>0</posy>
							<width>30</width>
							<height>30</height>
							<texture>$INFO[ListItem.Icon]</texture>
							<aspectratio>keep</aspectratio>
							<bordertexture border="5">picker-button-nofocus.png</bordertexture>
							<bordersize>5</bordersize>
						</control>
					</itemlayout>
					<focusedlayout height="30" width="30">
						<control type="image">
							<posx>0</posx>
							<posy>0</posy>
							<width>30</width>
							<height>30</height>
							<texture>$INFO[ListItem.Icon]</texture>
							<aspectratio>keep</aspectratio>
							<bordertexture border="5">picker-folder-focus.png</bordertexture>
							<bordersize>5</bordersize>
						</control>
					</focusedlayout>
				</control>
            <!-- Icon menu -->
				<control type="grouplist" id="9002">
					<description>group</description>
					<posx>20</posx>
					<posy>660</posy>
					<width>86</width>
					<height>43</height>
					<onleft>9003</onleft>
					<onright>140</onright>
					<onup>9001</onup>
					<ondown>9000</ondown>
					<itemgap>0</itemgap>
					<orientation>horizontal</orientation>
					<control type="button" id="20">
						<description>save color button</description>
						<width>43</width>
						<height>43</height>
						<label>-</label>
						<font>-</font>
						<texturefocus>picker-save-color-fo.png</texturefocus>
						<texturenofocus>picker-save-color.png</texturenofocus>
					</control>
					<control type="button" id="21">
						<description>screen color button</description>
						<width>43</width>
						<height>43</height>
						<label>-</label>
						<font>-</font>
						<texturefocus>picker-screen-color-fo.png</texturefocus>
						<texturenofocus>picker-screen-color.png</texturenofocus>
					</control>
				</control>
			</control>
         <!-- Display mouse position -->
			<control type="label">
				<description>current position of mouse if onfocus(301)</description>
				<posx>260</posx>
				<posy>860</posy>
				<width>250</width>
				<height>20</height>
				<font>font12</font>
				<textcolor>grey3</textcolor>
				<align>right</align>
				<aligny>center</aligny>
				<label>$INFO[Container(50).property(MouseCoords)]</label>
			</control>
         <!-- Header for pictures
			<control type="image">
				<posx>340</posx>
				<posy>10</posy>
				<width>1390</width>
				<height>50</height>
				<texture border="5">picker-black-back2.png</texture>
			</control>
			<control type="image">
				<posx>340</posx>
				<posy>10</posy>
				<width>1390</width>
				<height>70</height>
				<aspectratio>stretch</aspectratio>
				<texture>picker-GlassTitleBar.png</texture>
			</control>
         -->
			<!-- <include>script.color.picker.header</include> -->
			<control type="label" id="10000">
				<description>Current Focus Color</description>
				<label fallback="FFEB9E17">$INFO[Skin.String(MyPrettyColor)]</label>
				<visible>false</visible>
			</control>
         <!-- Title window -->
			<control type="label">
				<description>header label</description>
				<posx>700</posx>
				<posy>20</posy>
				<width>740</width>
				<height>30</height>
				<font>font16caps</font>
				<align>left</align>
				<aligny>center</aligny>
				<label>$INFO[system.addontitle(script.color.picker)]</label>
				<!--<textcolor>$VAR[script.color.picker.MyPrettyColor]</textcolor>-->
				<textcolor>$INFO[Control.GetLabel(10000)]</textcolor>
				<shadowcolor>black</shadowcolor>
			</control>
         <!-- Border for palette -->
         <!--
			<control type="image">
				<posx>340</posx>
				<posy>60</posy>
				<width>1194</width>
				<height>450</height>
				<texture border="5">picker-button-nofocus.png</texture>
			</control>
         -->
         <!-- Horizontal rule (multiple pictures) -->
         <!--
			<control type="image">
				<description>horizontal rule image</description>
				<posx>342</posx>
				<posy>50</posy>
				<width>398</width>
				<height>20</height>
				<aspectratio>stretch</aspectratio>
				<texture>picker-osd_slider_bg_2.png</texture>
			</control>
			<control type="image">
				<description>horizontal rule image</description>
				<posx>740</posx>
				<posy>50</posy>
				<width>398</width>
				<height>20</height>
				<aspectratio>stretch</aspectratio>
				<texture>picker-osd_slider_bg_2.png</texture>
			</control>
			<control type="image">
				<description>horizontal rule image</description>
				<posx>1138</posx>
				<posy>50</posy>
				<width>398</width>
				<height>20</height>
				<aspectratio>stretch</aspectratio>
				<texture>picker-osd_slider_bg_2.png</texture>
			</control>
         -->
         <!-- Vertical rule (multiple pictures) -->
         <!--
			<control type="image">
				<description>vertical rule image</description>
				<posx>1527</posx>
				<posy>62</posy>
				<width>25</width>
				<height>446</height>
				<aspectratio>stretch</aspectratio>
				<texture>picker-osd_slider_bg_2v.png</texture>
			</control>
			<control type="image">
				<description>vertical rule image</description>
				<posx>1527</posx>
				<posy>508</posy>
				<width>25</width>
				<height>223</height>
				<aspectratio>scale</aspectratio>
				<texture>picker-osd_slider_bg_2v.png</texture>
			</control>
         -->
         <!-- Palette -->
			<control type="image">
				<description>Colors/Pixels image</description>
				<posx>340</posx>
				<posy>62</posy>
				<width>1200</width>
				<height>672</height>
				<!-- Warning: use stretch for match pixel with PIL Imaging -->
				<aspectratio>stretch</aspectratio>
				<fadetime>600</fadetime>
				<texture background="true">$INFO[Container(50).Property(ImageColor)]</texture>
			</control>
         <!-- Glass Glow overlay for palette -->
			<control type="image">
				<posx>340</posx>
				<posy>62</posy>
				<width>600</width>
				<height>340</height>
				<aspectratio>stretch</aspectratio>
				<texture>picker-GlassOverlay.png</texture>
				<colordiffuse>AAFFFFFF</colordiffuse>
			</control>
         <!-- Background for RGBAlpha settings -->
			<control type="image">
				<posx>340</posx>
				<posy>734</posy>
				<width>1200</width>
				<height>150</height>
				<texture border="5">picker-black-back2.png</texture>
			</control>
         <!-- Group for displaying border for current color in HEX format, current colour and previous color -->
			<control type="grouplist" id="140">
				<description>group</description>
				<posx>360</posx>
				<posy>750</posy>
				<width>250</width>
				<height>100</height>
				<onleft>1000</onleft>
				<onright>9003</onright>
				<onup>140</onup>
				<ondown>140</ondown>
				<itemgap>0</itemgap>
				<control type="edit" id="141">
					<description>Current Picker Color in HEX format</description>
					<posx>0</posx>
					<posy>0</posy>
					<width>250</width>
					<height>33</height>
					<textoffsetx>10</textoffsetx>
					<textwidth>230</textwidth>
					<aligny>center</aligny>
					<font>font13</font>
					<texturefocus border="5">picker-button-focus.png</texturefocus>
					<texturenofocus border="5">picker-button-nofocus.png</texturenofocus>
					<pulseonselect>false</pulseonselect>
					<label>#</label>
					<label2>$INFO[Container(50).Property(CurrentPickerColor)]</label2>
				</control>
				<control type="button" id="142">
					<description>open gradient for ajust Current Picker Color</description>
					<posx>0</posx>
					<posy>33</posy>
					<width>250</width>
					<height>33</height>
					<label>$INFO[Control.GetLabel(150)]</label>
					<font>-</font>
					<texturefocus border="5">picker-button-focus.png</texturefocus>
					<texturenofocus border="5">picker-button-nofocus.png</texturenofocus>
					<pulseonselect>false</pulseonselect>
					<enable>!IsEmpty(Control.GetLabel(150))</enable>
				</control>
				<control type="button" id="143">
					<description>Set Current Picker Color from Previous Picker Color</description>
					<posx>0</posx>
					<posy>66</posy>
					<width>250</width>
					<height>33</height>
					<label>$INFO[Control.GetLabel(152)]</label>
					<font>-</font>
					<texturefocus border="5">picker-button-focus.png</texturefocus>
					<texturenofocus border="5">picker-button-nofocus.png</texturenofocus>
					<pulseonselect>false</pulseonselect>
					<enable>!IsEmpty(Control.GetLabel(152))</enable>
				</control>
			</control>
         <!-- Group for displaying filled rectangle with current color and previous color -->
			<control type="group">
				<posx>360</posx>
				<posy>750</posy>
				<control type="image">
					<description>Info Current Picker Color image</description>
					<posx>0</posx>
					<posy>33</posy>
					<width>250</width>
					<height>33</height>
					<bordersize>5</bordersize>
					<texture>picker-white.png</texture>
					<colordiffuse>$INFO[Control.GetLabel(150)]</colordiffuse>
				</control>
				<control type="image">
					<description>Info Previous Picker Color image</description>
					<posx>0</posx>
					<posy>66</posy>
					<width>250</width>
					<height>33</height>
					<bordersize>5</bordersize>
					<texture>picker-white.png</texture>
					<colordiffuse>$INFO[Control.GetLabel(152)]</colordiffuse>
				</control>
			</control>
         <!-- Sliders for setting Red / Green / Blue / Alpha -->
			<control type="grouplist" id="9003">
				<description>4-slider group</description>
				<posx>400</posx>
				<posy>750</posy>
				<width>740</width>
				<height>100</height>
				<onleft>140</onleft>
				<onright>140</onright>
				<onup>140</onup>
				<ondown>140</ondown>
				<itemgap>7</itemgap>
				<control type="group" id="100">
					<description>Red</description>
					<width>740</width>
					<height>18</height>
					<control type="label">
						<posx>315</posx>
						<posy>0</posy>
						<width>100</width>
						<height>18</height>
						<font>font12</font>
						<textcolor>grey2</textcolor>
						<align>right</align>
						<aligny>center</aligny>
						<label>Red:</label>
					</control>
					<control type="label">
						<description>Red - Info of real float percent</description>
						<posx>390</posx>
						<posy>0</posy>
						<width>75</width>
						<height>18</height>
						<font>font12</font>
						<textcolor>grey3</textcolor>
						<align>right</align>
						<aligny>center</aligny>
						<label fallback="0%">$INFO[Container(50).Property(red_percent)]</label>
					</control>
					<control type="slider" id="101">
						<description>Red - Slider</description>
						<posx>400</posx>
						<posy>0</posy>
						<width>340</width>
						<height>18</height>
						<aligny>center</aligny>
						<texturefocus>-</texturefocus>
						<texturenofocus>-</texturenofocus>
						<texturesliderbar>picker-osd_slider_bg_2.png</texturesliderbar>
						<textureslidernib>picker-osd_slider_nib2NF.png</textureslidernib>
						<textureslidernibfocus>picker-osd_slider_nib2.png</textureslidernibfocus>
						<colordiffuse>red</colordiffuse>
						<onup>140</onup>
						<ondown>110</ondown>
						<onleft>11</onleft>
						<onright>11</onright>
					</control>
				</control>
				<control type="group" id="110">
					<description>Green</description>
					<width>740</width>
					<height>18</height>
					<control type="label">
						<posx>315</posx>
						<posy>0</posy>
						<width>100</width>
						<height>18</height>
						<font>font12</font>
						<textcolor>grey2</textcolor>
						<align>right</align>
						<aligny>center</aligny>
						<label>Green:</label>
					</control>
					<control type="label">
						<description>Green - Info of real float percent</description>
						<posx>390</posx>
						<posy>0</posy>
						<width>75</width>
						<height>18</height>
						<font>font12</font>
						<textcolor>grey3</textcolor>
						<align>right</align>
						<aligny>center</aligny>
						<label fallback="0%">$INFO[Container(50).Property(green_percent)]</label>
					</control>
					<control type="slider" id="111">
						<description>Green - Slider</description>
						<posx>400</posx>
						<posy>0</posy>
						<width>340</width>
						<height>18</height>
						<aligny>center</aligny>
						<texturefocus>-</texturefocus>
						<texturenofocus>-</texturenofocus>
						<texturesliderbar>picker-osd_slider_bg_2.png</texturesliderbar>
						<textureslidernib>picker-osd_slider_nib2NF.png</textureslidernib>
						<textureslidernibfocus>picker-osd_slider_nib2.png</textureslidernibfocus>
						<onup>100</onup>
						<ondown>120</ondown>
						<onleft>11</onleft>
						<onright>11</onright>
						<colordiffuse>green</colordiffuse>
					</control>
				</control>
				<control type="group" id="120">
					<description>Blue</description>
					<width>740</width>
					<height>18</height>
					<control type="label">
						<posx>315</posx>
						<posy>0</posy>
						<width>100</width>
						<height>18</height>
						<font>font12</font>
						<textcolor>grey2</textcolor>
						<align>right</align>
						<aligny>center</aligny>
						<label>Blue:</label>
					</control>
					<control type="label">
						<description>Blue - Info of real float percent</description>
						<posx>390</posx>
						<posy>0</posy>
						<width>75</width>
						<height>18</height>
						<font>font12</font>
						<textcolor>grey3</textcolor>
						<align>right</align>
						<aligny>center</aligny>
						<label fallback="0%">$INFO[Container(50).Property(blue_percent)]</label>
					</control>
					<control type="slider" id="121">
						<description>Blue - Slider</description>
						<posx>400</posx>
						<posy>0</posy>
						<width>340</width>
						<height>18</height>
						<aligny>center</aligny>
						<texturefocus>-</texturefocus>
						<texturenofocus>-</texturenofocus>
						<texturesliderbar>picker-osd_slider_bg_2.png</texturesliderbar>
						<textureslidernib>picker-osd_slider_nib2NF.png</textureslidernib>
						<textureslidernibfocus>picker-osd_slider_nib2.png</textureslidernibfocus>
						<onup>110</onup>
						<ondown>130</ondown>
						<onleft>11</onleft>
						<onright>11</onright>
						<colordiffuse>blue</colordiffuse>
					</control>
				</control>
				<control type="group" id="130">
					<description>Alpha/Trans/fade</description>
					<width>740</width>
					<height>18</height>
					<control type="label">
						<posx>315</posx>
						<posy>0</posy>
						<width>100</width>
						<height>18</height>
						<font>font12</font>
						<textcolor>grey2</textcolor>
						<align>right</align>
						<aligny>center</aligny>
						<label>Alpha:</label>
					</control>
					<control type="label">
						<description>Alpha - Info of real float percent</description>
						<posx>390</posx>
						<posy>0</posy>
						<width>75</width>
						<height>18</height>
						<font>font12</font>
						<textcolor>grey3</textcolor>
						<align>right</align>
						<aligny>center</aligny>
						<label fallback="0%">$INFO[Container(50).Property(alpha_percent)]</label>
					</control>
					<control type="slider" id="131">
						<description>Alpha - Slider</description>
						<posx>400</posx>
						<posy>0</posy>
						<width>340</width>
						<height>18</height>
						<aligny>center</aligny>
						<texturefocus>-</texturefocus>
						<texturenofocus>-</texturenofocus>
						<texturesliderbar>picker-osd_slider_bg_2.png</texturesliderbar>
						<textureslidernib>picker-osd_slider_nibNF.png</textureslidernib>
						<textureslidernibfocus>picker-osd_slider_nib.png</textureslidernibfocus>
						<onup>120</onup>
						<ondown>140</ondown>
						<onleft>11</onleft>
						<onright>11</onright>
					</control>
				</control>
			</control>
		</control>
      <!-- Horizontal and vertical V marks -->
		<control type="group">
			<animation type="WindowOpen" reversible="false">
				<effect type="zoom" start="80" end="100" center="640,360" easing="out" tween="back" time="300" />
				<effect type="fade" start="0" end="100" time="300" />
			</animation>
			<animation type="WindowClose" reversible="false">
				<effect type="zoom" start="100" end="80" center="640,360" easing="in" tween="back" time="300" />
				<effect type="fade" start="100" end="0" time="300" />
			</animation>
         <!-- Cursor for tracking horizontal position of mouse cursor -->
			<control type="group" id="304">
				<description>rules posx group auto moving with mouse</description>
				<visible>!Window.IsVisible(FileBrowser)</visible>
				<posx>492</posx>
				<posy>126</posy>
				<width>16</width>
				<control type="image">
					<description>rule pos image</description>
					<posx>0</posx>
					<posy>0</posy>
					<width>16</width>
					<height>16</height>
					<aspectratio>keep</aspectratio>
					<texture>picker-scroll-down-focus.png</texture>
				</control>
				<control type="image">
					<description>line image</description>
					<posx>6</posx>
					<posy>16</posy>
					<width>4</width>
					<height>761</height>
					<aspectratio>stretch</aspectratio>
					<texture>picker-separator_vertical.png</texture>
					<colordiffuse>black</colordiffuse>
				</control>
			</control>
         <!-- Cursor for tracking vertical position of mouse cursor -->
			<control type="group" id="305">
				<description>rules posy group auto moving with mouse</description>
				<visible>!Window.IsVisible(FileBrowser)</visible>
				<posx>1700</posx>
				<posy>133</posy>
				<height>16</height>
				<control type="image">
					<description>rule pos image</description>
					<posx>0</posx>
					<posy>0</posy>
					<width>16</width>
					<height>16</height>
					<aspectratio>keep</aspectratio>
					<texture>picker-scroll-left-focus.png</texture>
				</control>
				<control type="image">
					<description>line image</description>
					<posx>-796</posx>
					<posy>6</posy>
					<width>796</width>
					<height>4</height>
					<aspectratio>stretch</aspectratio>
					<texture>picker-separator.png</texture>
					<colordiffuse>black</colordiffuse>
				</control>
			</control>
         <!-- Pipette -->
			<control type="group" id="303">
				<description>Pipette group auto moving with mouse</description>
				<visible>!Window.IsVisible(FileBrowser)</visible>
				<posx>0</posx>
				<posy>0</posy>
				<control type="image">
					<description>Pipette image</description>
					<posx>0</posx>
					<posy>-75</posy>
					<width>75</width>
					<height>75</height>
					<aspectratio aligny="bottom">keep</aspectratio>
					<texture>picker-syringe.png</texture>
				</control>
				<control type="image">
					<description>back image</description>
					<posx>0</posx>
					<posy>-75</posy>
					<width>75</width>
					<height>75</height>
					<aspectratio aligny="bottom">keep</aspectratio>
					<texture>picker-syringe-back.png</texture>
					<colordiffuse>$INFO[Control.GetLabel(150)]</colordiffuse>
					<visible>!IsEmpty(Control.GetLabel(150))</visible>
				</control>
				<control type="image">
					<description>overlay image</description>
					<posx>0</posx>
					<posy>-75</posy>
					<width>75</width>
					<height>75</height>
					<aspectratio aligny="bottom">keep</aspectratio>
					<texture>picker-syringe-overlay.png</texture>
					<visible>IsEmpty(Control.GetLabel(150))</visible>
				</control>
			</control>

			<control type="button" id="301">
				<description>image click button (mouse auto get pos x,y)</description>
				<!-- don't use this button in group, because from python control.getPosition() -->
				<!-- not return real position, if control is in group the position of group is forgotten -->
				<posx>500</posx>
				<posy>142</posy>
				<width>1200</width>
				<height>672</height>
				<label>-</label>
				<font>-</font>
				<texturefocus>-</texturefocus>
				<texturenofocus>-</texturenofocus>
				<onleft>1000</onleft>
				<onright>1000</onright>
				<onup>1000</onup>
				<ondown>1000</ondown>
			</control>

			<control type="label" id="302">
				<description>mouse coord x,y on screen (for dev not for end user)</description>
				<!-- don't use this button in group, because from python control.getPosition() -->
				<!-- not return real position, if control is in group the position of group is forgotten -->
				<posx>500</posx>
				<posy>142</posy>
				<width>200</width>
				<height>100</height>
				<font>font30_title</font>
				<textcolor>white</textcolor>
				<shadowcolor>black</shadowcolor>
				<textoffsety>-12</textoffsety>
				<label>-</label>
				<visible>StringCompare(Window.Property(debug),debug)</visible>
			</control>
		</control>
	</controls>
</window>
