<?xml version="1.0" encoding="UTF-8" standalone="yes"?>
<addon id="plugin.video.lockedtv" name="Stream Supreme" version="3.0.1" provider-name="Stream Supreme">
 <requires>
   <import addon="xbmc.python" version="2.1.0"/>
   <import addon="script.module.urlresolver" version="0.0.1"/>
   <import addon="plugin.video.footballreplays" version="0.0.1"/>
   <import addon="script.module.requests" version="0.0.1"/>
 </requires>
  <extension point="xbmc.python.pluginsource"
            library="default.py">
        <provides>video</provides>
  </extension>
  <extension point="xbmc.addon.metadata">
    <summary lang="en">Stream Supreme</summary>
    <description lang="en">Stream Supreme</description>
    <platform>all</platform>
  </extension>
</addon>
