<?xml version="1.0" encoding="utf-8" standalone="yes"?>
<colors>
  <color name="abricot">ffe67e30</color>
  <color name="absinthe">ff7fdd4c</color>
  <color name="acajou">ff88421d</color>
  <color name="aigue-marine">ff79f8f8</color>
  <color name="aile de corbeau">ff000000</color>
  <color name="albatre">fffefefe</color>
  <color name="alezan">ffa76726</color>
  <color name="amande">ff82c46c</color>
  <color name="amarante">ff91283b</color>
  <color name="ambre">fff0c300</color>
  <color name="ambre 2">ffad390e</color>
  <color name="améthyste">ff884da7</color>
  <color name="anthracite">ff303030</color>
  <color name="aquilain">ffad4f09</color>
  <color name="ardoise">ff5a5e6b</color>
  <color name="argent">ffcecece</color>
  <color name="argent (héraldique)">ffffffff</color>
  <color name="argile">ffefefef</color>
  <color name="asperge">ff7ba05b</color>
  <color name="aubergine">ff370028</color>
  <color name="auburn">ff9d3e0c</color>
  <color name="aurore">ffffcb60</color>
  <color name="avocat">ff568203</color>
  <color name="azur">ff007fff</color>
  <color name="azur (héraldique)">ff1e7fcb</color>
  <color name="azur brume">fff0ffff</color>
  <color name="azur clair">ff74d0f1</color>
  <color name="azurin">ffa9eafe</color>
  <color name="baillet">ffae642d</color>
  <color name="banane">ffd1b606</color>
  <color name="basané">ff8b6c42</color>
  <color name="beige">ffc8ad7f</color>
  <color name="beige">fff5f5dc</color>
  <color name="beigeasse">ffafa77b</color>
  <color name="beurre">fff0e36b</color>
  <color name="beurre frais">fffff48d</color>
  <color name="bis">ff766f64</color>
  <color name="bis">fff1e2be</color>
  <color name="bisque">ffffe4c4</color>
  <color name="bistre">ff856d4d</color>
  <color name="bitume">ff4e3d28</color>
  <color name="blanc">ffffffff</color>
  <color name="blanc cassé">fffefee2</color>
  <color name="blanc creme">fffdf1b8</color>
  <color name="blanc d'argent">fffefefe</color>
  <color name="blanc d'espagne">fffefdf0</color>
  <color name="blanc de meudon">fffefdf0</color>
  <color name="blanc de plomb">fffefefe</color>
  <color name="blanc de zinc">fff6fefe</color>
  <color name="blé">ffe8d630</color>
  <color name="blet">ff5b3c11</color>
  <color name="bleu acier">ff3a8eba</color>
  <color name="bleu ardoise">ff686f8c</color>
  <color name="bleu barbeau">ff5472ae</color>
  <color name="bleu canard">ff048b9a</color>
  <color name="bleu céleste">ff26c4ec</color>
  <color name="bleu céruléen">ff357ab7</color>
  <color name="bleu charrette">ff8ea2c6</color>
  <color name="bleu ciel">ff77b5fe</color>
  <color name="bleu de cobalt">ff22427c</color>
  <color name="bleu de berlin">ff24445c</color>
  <color name="bleu de france">ff318ce7</color>
  <color name="bleu de minuit">ff003366</color>
  <color name="bleu de prusse">ff24445c</color>
  <color name="bleu dragée">ffdff2ff</color>
  <color name="bleu électrique">ff2c75ff</color>
  <color name="bleu fumée">ffbbd2e1</color>
  <color name="bleu givré">ff80d0d0</color>
  <color name="bleu guede">ff56739a</color>
  <color name="bleu hussard">ff24445c</color>
  <color name="bleu klein">ff002fa7</color>
  <color name="bleu lavande">ff9683ec</color>
  <color name="bleu majorelle">ff6050dc</color>
  <color name="bleu marine">ff03224c</color>
  <color name="bleu nuit">ff0f056b</color>
  <color name="bleu outremer">ff1b019b</color>
  <color name="bleu paon">ff067790</color>
  <color name="bleu persan">ff6600ff</color>
  <color name="bleu pétrole">ff1d4851</color>
  <color name="bleu">ff0000ff</color>
  <color name="bleu roi">ff318ce7</color>
  <color name="bleu saphir">ff0131b4</color>
  <color name="bleu turquin">ff425b8a</color>
  <color name="bleu turquoise">ff25fde9</color>
  <color name="blond vénitien">ffe7a854</color>
  <color name="blond">ffe2bc74</color>
  <color name="bordeaux">ff6d071a</color>
  <color name="bourgogne">ff6b0d0d</color>
  <color name="brou de noix">ff3f2204</color>
  <color name="brun">ff5b3c11</color>
  <color name="brun">ffcd853f</color>
  <color name="byzantin">ffbd33a4</color>
  <color name="byzantium">ff702963</color>
  <color name="caca d'oie">ffcdcd0d</color>
  <color name="cæruléum">ff357ab7</color>
  <color name="carmin">ff960018</color>
  <color name="céladon">ff83a697</color>
  <color name="cerise">ffde3163</color>
  <color name="céruse">fffefefe</color>
  <color name="chartreuse">ff7fff00</color>
  <color name="chatain">ff8b6c42</color>
  <color name="cinabre">ffdb1702</color>
  <color name="claro">ff845a3b</color>
  <color name="claro claro">ffba9b61</color>
  <color name="colombin">ff6a455d</color>
  <color name="colorado">ff703516</color>
  <color name="colorado claro">ff6a4b21</color>
  <color name="coquelicot">ffc60800</color>
  <color name="coquille d'oeuf">fffde9e0</color>
  <color name="cramoisi">ffdc143c</color>
  <color name="creme">fffdf1b8</color>
  <color name="cuisse de nymphe">fffee7f0</color>
  <color name="cuisse de nymphe émue">ffff69b4</color>
  <color name="cyan">ff2bfafa</color>
  <color name="cyan">ff00ffff</color>
  <color name="denim">ff1560bd</color>
  <color name="écarlate">ffed0000</color>
  <color name="écru">fffefee0</color>
  <color name="émeraude">ff01d758</color>
  <color name="framboise">ffc72c48</color>
  <color name="fuchsia">fff400a1</color>
  <color name="garance">ffee1010</color>
  <color name="glauque">ff649b88</color>
  <color name="glycine">ffc9a0dc</color>
  <color name="grenat">ff6e0b14</color>
  <color name="gris">ff606060</color>
  <color name="gris acier">ffafafaf</color>
  <color name="gris anthracite">ff303030</color>
  <color name="gris de lin">ffd2caec</color>
  <color name="gris de payne">ff677179</color>
  <color name="gris fer">ff7f7f7f</color>
  <color name="gris souris">ff9e9e9e</color>
  <color name="groseille">ffcf0a1d</color>
  <color name="gueules">ffe21313</color>
  <color name="héliotrope">ffdf73ff</color>
  <color name="incarnadin">fffe96a0</color>
  <color name="indigo chaud">ff791cf8</color>
  <color name="indigo du web">ff4b0082</color>
  <color name="indigo électrique">ff6f00ff</color>
  <color name="indigo (teinture)">ff2e006c</color>
  <color name="isabelle">ff785e2f</color>
  <color name="ivoire">ffffffd4</color>
  <color name="jade">ff87e990</color>
  <color name="jais">ff000000</color>
  <color name="jaune">ffffff00</color>
  <color name="jaune auréolin">fffdee00</color>
  <color name="jaune banane">ffd1b606</color>
  <color name="jaune chartreuse">ffdfff00</color>
  <color name="jaune de chrome">ffedff0c</color>
  <color name="jaune de naples">fffff0bc</color>
  <color name="jaune moutarde">ffc7cf00</color>
  <color name="kaki">ff94812b</color>
  <color name="lapis-lazuli">ff26619c</color>
  <color name="lavande">ff9683ec</color>
  <color name="lie de vin">ffac1e44</color>
  <color name="lilas">ffb666d2</color>
  <color name="magenta">ffdb0073</color>
  <color name="magenta">ffff00ff</color>
  <color name="magenta">ff800080</color>
  <color name="mauve">ff965578</color>
  <color name="malachite">ff1fa055</color>
  <color name="marine">ff03224c</color>
  <color name="marron">ff582900</color>
  <color name="mastic">ffb3b191</color>
  <color name="mauve">ffd473d4</color>
  <color name="menthe">ff16b84e</color>
  <color name="menthe a l'eau">ff54f98d</color>
  <color name="moutarde">ffc7cf00</color>
  <color name="nacarat">fffc5d5d</color>
  <color name="noir">ff000000</color>
  <color name="noir animal">ff000000</color>
  <color name="noir d'ivoire">ff000000</color>
  <color name="noir de carbone">ff130e0a</color>
  <color name="noir de fumée">ff130e0a</color>
  <color name="ocre jaune">ffdfaf2c</color>
  <color name="ocre rouge">ffdd985c</color>
  <color name="olive">ff708d23</color>
  <color name="opalin">fff2ffff</color>
  <color name="or">ffffd700</color>
  <color name="orange">ffed7f10</color>
  <color name="orchidée">ffda70d6</color>
  <color name="orpiment">fffcd21c</color>
  <color name="parme">ffcfa0e9</color>
  <color name="pastel">ff56739a</color>
  <color name="pelure d'oignon">ffd58490</color>
  <color name="pervenche">ffccccff</color>
  <color name="pistache">ffbef574</color>
  <color name="pourpre">ff9e0e40</color>
  <color name="prasin">ff4ca66b</color>
  <color name="prune">ff811453</color>
  <color name="puce">ff4e1609</color>
  <color name="rose">fffd6c9e</color>
  <color name="rose bonbon">fff9429e</color>
  <color name="rose fuchsia">fffd3f92</color>
  <color name="rose vif">ffff007f</color>
  <color name="rouge">ffff0000</color>
  <color name="rouge bordeaux">ff6d071a</color>
  <color name="rouge bourgogne">ff6b0d0d</color>
  <color name="rouge cardinal">ffb82010</color>
  <color name="rouge carmin">ff960018</color>
  <color name="rouge cerise">ffbb0b0b</color>
  <color name="rouge cinabre">ffdb1702</color>
  <color name="rouge coquelicot">ffc60800</color>
  <color name="rouge d'alizarine">ffe32636</color>
  <color name="rouge de falun">ff801818</color>
  <color name="rouge framboise">ffc72c48</color>
  <color name="rouge grenat">ff6e0b14</color>
  <color name="rouge groseille">ffcf0a1d</color>
  <color name="rouge-violet">ffc71585</color>
  <color name="rouge sang">ff850606</color>
  <color name="rouge vermillon">ffdb1702</color>
  <color name="rouille">ff985717</color>
  <color name="roux">ffad4f09</color>
  <color name="rubis">ffe0115f</color>
  <color name="sable (héraldique)">ff000000</color>
  <color name="safre">ff0131b4</color>
  <color name="sang de boeuf">ff730800</color>
  <color name="saphir">ff0131b4</color>
  <color name="sarcelle">ff008e8e</color>
  <color name="saumon">fff88e55</color>
  <color name="sépia">ffae8964</color>
  <color name="sinople">ff149414</color>
  <color name="smalt">ff003399</color>
  <color name="smaragdin">ff01d758</color>
  <color name="souris">ff9e9e9e</color>
  <color name="tangerine">ffff7f00</color>
  <color name="taupe">ff463f32</color>
  <color name="terre de sienne">ff8a3324</color>
  <color name="terre de sienne">ffe97451</color>
  <color name="topaze">fffaea73</color>
  <color name="turquoise">ff25fde9</color>
  <color name="vanille">ffe1ce9a</color>
  <color name="vermillon">ffdb1702</color>
  <color name="vert absinthe">ff7fdd4c</color>
  <color name="vert">ff00ff00</color>
  <color name="vert amande">ff82c46c</color>
  <color name="vert anis">ff9fe855</color>
  <color name="vert avocat">ff568203</color>
  <color name="vert bouteille">ff096a09</color>
  <color name="vert céladon">ff83a697</color>
  <color name="vert chartreuse">ffc2f732</color>
  <color name="vert d'eau">ffb0f2b6</color>
  <color name="vert de chrome">ff18391e</color>
  <color name="vert-de-gris">ff95a595</color>
  <color name="vert de hooker">ff1b4f08</color>
  <color name="vert de vessie">ff22780f</color>
  <color name="vert émeraude">ff01d758</color>
  <color name="vert épinard">ff175732</color>
  <color name="vert gazon">ff3a9d23</color>
  <color name="vert impérial">ff00561b</color>
  <color name="vert jade">ff87e990</color>
  <color name="vert kaki">ff798933</color>
  <color name="vert lichen">ff85c17e</color>
  <color name="vert lime">ff9efd38</color>
  <color name="vert malachite">ff1fa055</color>
  <color name="vert méleze">ff386f48</color>
  <color name="vert menthe">ff16b84e</color>
  <color name="vert menthe a l'eau">ff54f98d</color>
  <color name="vert militaire">ff596643</color>
  <color name="vert mousse">ff679f5a</color>
  <color name="vert olive">ff708d23</color>
  <color name="vert opaline">ff97dfc6</color>
  <color name="vert perroquet">ff3af24b</color>
  <color name="vert pin">ff01796f</color>
  <color name="vert pistache">ffbef574</color>
  <color name="vert poireau">ff4ca66b</color>
  <color name="vert pomme">ff34c924</color>
  <color name="vert prairie">ff57d53b</color>
  <color name="vert printemps">ff00ff7f</color>
  <color name="vert sapin">ff095228</color>
  <color name="vert sauge">ff689d71</color>
  <color name="vert tilleul">ffa5d152</color>
  <color name="vert véronese">ff5a6521</color>
  <color name="violet">ff660099</color>
  <color name="violet d'éveque">ff723e64</color>
  <color name="violine">ffa10684</color>
  <color name="viride">ff40826d</color>
  <color name="zinzolin">ff6c0277</color>
</colors>
