﻿<?xml version="1.0" encoding="UTF-8" standalone="yes"?>
<addon id="metadata.media.passion.org" name="Media-Passion"
       version="2.1.5" provider-name="Team Kodi-Passion (Kodi-Passion.fr)">
  <requires>
    <import addon="xbmc.metadata" version="2.1.0"/>
  </requires>
  <extension point="xbmc.metadata.scraper.movies" language="multi" library="media-passion.xml"/>
  <extension point="xbmc.addon.metadata">
    <summary lang="en">Media-Passion scraper grabs french or english movie's informations from Media-Passion.org.</summary>
    <summary lang="fr">Le scraper Media-Passion récupère les informations des films en français ou en anglais depuis Media-Passion.org.</summary>
    <description lang="en">Media-Passion scraper has been created by members of Kodi-Passion.fr community.</description>
    <description lang="fr">Le scraper Media-Passion est le fruit du travail de développeurs de la communauté Kodi-Passion.fr.</description>
    <disclaimer lang="en">Media-Passion scraper is a community database where everyone is welcome to help.</disclaimer>
    <disclaimer lang="fr">Le scraper Media-Passion est une base de données communautaire à laquelle tout le monde est invité à participer.</disclaimer>
    <platform>all</platform>
  </extension>
</addon>
