<?xml version="1.0" encoding="UTF-8" standalone="yes"?>
<scraper framework="1.1" date="2011-04-02">
	<NfoUrl dest="3">
		<RegExp input="$$1" output="&lt;url&gt;http://kodi-passion.fr/scraper$INFO[debug]/index.php?id=\2&amp;amp;Username=$INFO[tokenb64]&amp;amp;Token=$INFO[token]&amp;amp;Saga=$INFO[getmovieset]&amp;amp;Mpaa=$INFO[mpaa]&amp;amp;Lang=$INFO[language]&amp;amp;Rating=$INFO[rating]&lt;/url&gt;"  dest="3">
			<expression clear="yes" noclean="1">(kodi-passion.fr)/scraper$INFO[debug]/index.php\?id=([0-9]*)</expression>
		</RegExp>
		<RegExp input="$$1" output="&lt;url&gt;http://kodi-passion.fr/scraper$INFO[debug]/index.php?id=\2&amp;amp;Username=$INFO[tokenb64]&amp;amp;Token=$INFO[token]&amp;amp;Saga=$INFO[getmovieset]&amp;amp;Mpaa=$INFO[mpaa]&amp;amp;Lang=$INFO[language]&amp;amp;Rating=$INFO[rating]&lt;/url&gt;"  dest="3">
			<expression noclean="1">(kodi-passion.fr)/scraper$INFO[debug]/index2.php\?Page=ViewMovie&amp;ID=([0-9]*)</expression>
		</RegExp>
		<RegExp input="$$1" output="&lt;url&gt;http://kodi-passion.fr/scraper$INFO[debug]/index.php?id=\2&amp;amp;Username=$INFO[tokenb64]&amp;amp;Token=$INFO[token]&amp;amp;Saga=$INFO[getmovieset]&amp;amp;Mpaa=$INFO[mpaa]&amp;amp;Lang=$INFO[language]&amp;amp;Rating=$INFO[rating]&lt;/url&gt;"  dest="3+">
			<expression noclean="1">(allocine.fr)/film/fichefilm_gen_cfilm=([0-9]*).html</expression>
		</RegExp>
		<RegExp input="$$1" output="&lt;url&gt;http://kodi-passion.fr/scraper$INFO[debug]/index.php?idimdb=\2&amp;amp;Username=$INFO[tokenb64]&amp;amp;Token=$INFO[token]&amp;amp;Saga=$INFO[getmovieset]&amp;amp;Mpaa=$INFO[mpaa]&amp;amp;Lang=$INFO[language]&amp;amp;Rating=$INFO[rating]&lt;/url&gt;"  dest="3+">
			<expression noclean="1">(imdb.com/)Title\?([0-9]*)</expression>
		</RegExp>
		<RegExp input="$$1" output="&lt;url&gt;http://kodi-passion.fr/scraper$INFO[debug]/index.php?idimdb=\2&amp;amp;Username=$INFO[tokenb64]&amp;amp;Token=$INFO[token]&amp;amp;Saga=$INFO[getmovieset]&amp;amp;Mpaa=$INFO[mpaa]&amp;amp;Lang=$INFO[language]&amp;amp;Rating=$INFO[rating]&lt;/url&gt;"  dest="3+">
			<expression noclean="1">(imdb.com/title/tt)([0-9]*)</expression>
		</RegExp>
	</NfoUrl>
	<CreateSearchUrl dest="3">
		<RegExp input="$$1%20($$2)" output="&lt;url&gt;http://kodi-passion.fr/scraper$INFO[debug]/index.php?search=\1&amp;amp;Username=$INFO[tokenb64]&amp;amp;Token=$INFO[token]&amp;amp;Saga=$INFO[getmovieset]&amp;amp;Mpaa=$INFO[mpaa]&amp;amp;Lang=$INFO[language]&amp;amp;Rating=$INFO[rating]&lt;/url&gt;" dest="3">
			<expression noclean="1"/>
		</RegExp>
	</CreateSearchUrl>
	<GetSearchResults dest="2">
		<RegExp input="$$5" output="\1" dest="2">
			<RegExp input="$$1" output="\1" dest="5">
				<expression trim="1" noclean="1">(.*)</expression>
			</RegExp>
			<expression noclean="1"/>
		</RegExp>
	</GetSearchResults>
	<GetDetails clearbuffers="no" dest="3">
		<RegExp input="$$5" output="&lt;details&gt;\1&lt;/details&gt;" dest="3">
			<RegExp input="$$1" output="\1" dest="5">
				<expression trim="1" noclean="1">XMLSchema&quot;&gt;(.*)&lt;/movie</expression>
			</RegExp>
			<expression noclean="1"/>
		</RegExp>
	</GetDetails>
</scraper>
