<?xml version="1.0" ?>
<buttonmap>
    <device name="NVIDIA Corporation NVIDIA Controller v01.03" provider="linux" buttoncount="14" axiscount="8">
        <controller id="game.controller.default">
            <feature name="a" button="0" />
            <feature name="b" button="1" />
            <feature name="down" axis="+7" />
            <feature name="left" axis="-6" />
            <feature name="leftbumper" button="4" />
            <feature name="leftstick">
                <up axis="-1" />
                <right axis="+0" />
            </feature>
            <feature name="leftthumb" button="8" />
            <feature name="lefttrigger" axis="+5" />
            <feature name="right" axis="+6" />
            <feature name="rightbumper" button="5" />
            <feature name="rightstick">
                <up axis="-3" />
                <right axis="+2" />
            </feature>
            <feature name="rightthumb" button="9" />
            <feature name="righttrigger" axis="+4" />
            <feature name="start" button="7" />
            <feature name="up" axis="-7" />
            <feature name="x" button="2" />
            <feature name="y" button="3" />
        </controller>
        <controller id="game.controller.gba">
            <feature name="a" button="0" />
            <feature name="b" button="1" />
            <feature name="down" axis="+7" />
            <feature name="left" axis="-6" />
            <feature name="leftbumper" button="4" />
            <feature name="right" axis="+6" />
            <feature name="rightbumper" button="5" />
            <feature name="start" button="7" />
            <feature name="up" axis="-7" />
        </controller>
        <controller id="game.controller.genesis">
            <feature name="a" button="0" />
            <feature name="b" button="1" />
            <feature name="c" button="2" />
            <feature name="down" axis="+7" />
            <feature name="left" axis="-6" />
            <feature name="right" axis="+6" />
            <feature name="start" button="7" />
            <feature name="up" axis="-7" />
            <feature name="x" button="3" />
            <feature name="y" button="4" />
            <feature name="z" button="5" />
        </controller>
        <controller id="game.controller.n64">
            <feature name="a" button="0" />
            <feature name="analogstick">
                <up axis="-1" />
                <down axis="+1" />
                <right axis="+0" />
                <left axis="-0" />
            </feature>
            <feature name="b" button="2" />
            <feature name="cleft" button="1" />
            <feature name="cdown" button="3" />
            <feature name="down" axis="+7" />
            <feature name="left" axis="-6" />
            <feature name="leftbumper" button="4" />
            <feature name="right" axis="+6" />
            <feature name="rightbumper" button="+4" />
            <feature name="start" button="7" />
            <feature name="up" axis="-7" />
            <feature name="z" axis="+5" />
        </controller>
        <controller id="game.controller.nes">
            <feature name="a" button="0" />
            <feature name="b" button="1" />
            <feature name="down" axis="+7" />
            <feature name="left" axis="-6" />
            <feature name="right" axis="+6" />
            <feature name="start" button="7" />
            <feature name="up" axis="-7" />
        </controller>
        <controller id="game.controller.snes">
            <feature name="a" button="0" />
            <feature name="b" button="1" />
            <feature name="down" axis="+7" />
            <feature name="left" axis="-6" />
            <feature name="leftbumper" button="4" />
            <feature name="right" axis="+6" />
            <feature name="rightbumper" button="5" />
            <feature name="start" button="7" />
            <feature name="up" axis="-7" />
            <feature name="x" button="2" />
            <feature name="y" button="3" />
        </controller>
    </device>
</buttonmap>
