<?xml version="1.0" encoding="UTF-8" standalone="yes"?>
<addon id="script.rssfeeds"
       name="Feeds script"
       version="1.0.1"
       provider-name="Team-Passion">
  <requires>
    <import addon="xbmc.python" version="1.0"/>
  </requires>
  <extension point="xbmc.python.library"
             library="default.py" />
  <extension point="xbmc.addon.metadata">
    <summary>rssfeeds script</summary>
    <description>rssfeeds script</description>
    <platform>all</platform>
  </extension>
</addon>
