<?xml version="1.0" encoding="UTF-8"?>
<addon id="xbmc.metadata" version="2.1.0" provider-name="Team-Kodi">
  <backwards-compatibility abi="1.0"/>
  <requires>
    <import addon="xbmc.core" version="0.1.0"/>
  </requires>
  <extension-point id="scraper.albums" schema="scraper.xsd"/>
  <extension-point id="scraper.artists" schema="scraper.xsd"/>
  <extension-point id="scraper.movies" schema="scraper.xsd"/>
  <extension-point id="scraper.musicvideos" schema="scraper.xsd"/>
  <extension-point id="scraper.tvshows" schema="scraper.xsd"/>
  <extension-point id="scraper.library" schema="scraper.xsd"/>
</addon>
