<?xml version="1.0" encoding="UTF-8"?>
<!--  Button Ids:                                                                             -->
<!--    0: left                                                                               -->
<!--    1: right                                                                              -->
<!--    2: middle                                                                             -->
<!--    3/4/5/6: extra                                                                        -->

<keymap>

  <global>
    <mouse>
      <leftclick>leftclick</leftclick>
      <rightclick>rightclick</rightclick>
      <middleclick>middleclick</middleclick>
      <!--<middleclick>stop</middleclick>-->
      <doubleclick id="0">doubleclick</doubleclick>
      <longclick id="0">contextmenu</longclick>
      <wheeldown>wheeldown</wheeldown>
      <wheelup>wheelup</wheelup>
      <mousedrag>mousedrag</mousedrag>
      <mousemove>mousemove</mousemove>
    </mouse>   
  </global>
  
  <TVGuide> 
    <mouse>
      <wheeldown>down</wheeldown>
      <wheelup>up</wheelup>
      <middleclick>stop</middleclick>
    </mouse>    
  </TVGuide>
  
  <FullscreenVideo>
    <mouse>
      <!--<mousedrag>AspectRatio</mousedrag>-->
    </mouse>
  </FullscreenVideo>  
  
  <!--<SlideShow>
    <mouse>
      <leftclick>Pause</leftclick>
      <rightclick>PreviousMenu</rightclick>
      <wheelup>PreviousPicture</wheelup>
      <wheeldown>NextPicture</wheeldown>
    </mouse>  
  </SlideShow>-->
  
</keymap>
