<?xml version="1.0" encoding="UTF-8"?>
<addon id="script.module.dudehere.routines" name="DudeHere Common Routines" provider-name="DudeHere" version="0.1.1">
    <requires>
        <import addon="xbmc.python" version="2.1.0" />
        <import addon="script.module.addon.common" version="2.0.0" />
    </requires>
    <extension library="lib" point="xbmc.python.module" />
    <extension point="xbmc.addon.metadata">
        <platform>all</platform>
        <summary lang="en">Collection of commonly used addon routines</summary>
        <description lang="en">Collection of commonly used addon routines used by DudeHere.</description>
        <disclaimer lang="en" />
        <language />
        <platform>all</platform>
        <license>GNU GENERAL PUBLIC LICENSE. Version 2, June 1991</license>
        <forum />
        <website />
        <email />
        <source />
    </extension>
</addon>
