<?xml version="1.0" encoding="UTF-8"?>
<addon id="game.libretro.picodrive"
		name="Sega Genesis (Picodrive)"
		version="1.91.0"
		provider-name="Libretro">
	<requires>
		<import addon="game.libretro" version="1.0.0"/>
		<import addon="game.controller.genesis" version="1.0.0"/>
	</requires>
	<extension point="kodi.gameclient"
			library_android="libgame.libretro.picodrive.so"
			library_linux="game.libretro.picodrive.so"
			library_osx="game.libretro.picodrive.dylib"
			library_windx="game.libretro.picodrive.dll"
			library_wingl="game.libretro.picodrive.dll">
		<platforms>Genesis|Game Gear|SEGA Master System|Sega CD|Megadrive|Mega CD</platforms>
		<extensions>bin|gen|smd|md|32x|cue|iso|sms</extensions>
		<supports_vfs>true</supports_vfs>
		<supports_no_game>false</supports_no_game>
	</extension>
	<extension point="xbmc.addon.metadata">
		<summary lang="en">Picodrive v1.91</summary>
		<description>Picodrive is yet another Megadrive / Genesis / Sega CD / Mega CD / 32X / SMS emulator heavily optimized for ARM.

Authors: Dave (aka fdave, finalburn author) and notaz

License: Non-commercial</description>
		<platform>all</platform>
		<nofanart>true</nofanart>
	</extension>
</addon>
