<?xml version="1.0" encoding="UTF-8" standalone="yes"?>
<addon id="repository.beta.mediabrowser.kodi" name="Kodi Emby Beta Addons" version="1.0.4" provider-name="im85288,xnappo,null_pointer">
	<requires>
		<import addon="xbmc.addon" version="12.0.0"/>
	</requires>
	<extension point="xbmc.addon.repository" name="Kodi Emby Beta Addons Repository">
		<info compressed="false">http://www.mb3admin.com/downloads/addons/xbmb3c/kodi-beta-repo/addons.xml</info>
		<checksum>http://www.mb3admin.com/downloads/addons/xbmb3c/kodi-beta-repo/addons.xml.md5</checksum>
		<datadir zip="true">http://www.mb3admin.com/downloads/addons/xbmb3c/kodi-beta-repo/</datadir>
	</extension>
	<extension point="xbmc.addon.metadata">
		<summary>Kodi Emby Addon Repository</summary>
		<description>This repo contains the Kodi MediaBrowser addon along with compatible Kodi skins</description>
		<disclaimer></disclaimer>
		<platform>all</platform>
	</extension>
</addon>
