<?xml version="1.0" encoding="UTF-8"?>
<window>
	<include>dialogeffect</include>
	<controls>
		<control type="group">
			<posx>390</posx>
			<posy>0</posy>
			<width>500</width>
			<height>78</height>
			<include>16x9_xPos_Relocation</include>
			<visible>![Window.IsVisible(Notification)]</visible>
			<control type="label">
				<description>label</description>
				<posx>0</posx>
				<posy>10</posy>
				<height>58</height>
				<width>500</width>
				<label>13376</label>
				<font>font20_title</font>
				<aligny>center</aligny>
			</control>
			<control type="label">
				<description>Volumelabel</description>
				<posx>500</posx>
				<posy>10</posy>
				<height>58</height>
				<width>500</width>
				<label>$INFO[Control.GetLabel(1)]</label>
				<font>font20_title</font>
				<align>right</align>
				<aligny>center</aligny>
			</control>
			<control type="progress" id="2">
				<description>Volume</description>
				<posx>0</posx>
				<posy>72</posy>
				<width>500</width>
				<height>6</height>
				<texturebg colordiffuse="grey3">white.png</texturebg>
				<midtexture colordiffuse="blue">white.png</midtexture>
				<info>Player.Volume</info>
			</control>
			<control type="slider" id="1">
				<description>Volume Slider</description>
				<posx>0</posx>
				<posy>72</posy>
				<width>500</width>
				<height>6</height>
 				<info>Player.Volume</info>
				<texturesliderbar>-</texturesliderbar>
				<textureslidernib>-</textureslidernib>
				<textureslidernibfocus>-</textureslidernibfocus>
			</control>
		</control>
	</controls>
</window>
