<?xml version="1.0" encoding="UTF-8"?>
<window>
	<defaultcontrol always="true">21</defaultcontrol>
	<coordinates>
		<posx>0</posx>
		<posy>0</posy>
	</coordinates>
	<controls>
		<include>BehindDialogFadeOut</include>
		<control type="group">
			<posx>452</posx>
			<posy>180</posy>
			<animation effect="slide" start="0,-820" end="0,0" time="500" easing="out" tween="quadratic" >WindowOpen</animation>
			<animation effect="slide" start="0,0" end="0,-820" time="500" easing="in" tween="quadratic" >WindowClose</animation>
			<include>16x9_xPos_Relocation</include>
			<control type="image">
				<posx>0</posx>
				<posy>0</posy>
				<width>376</width>
				<height>60</height>
				<texture border="5">dialog_header.png</texture>
			</control>
			<control type="group">
				<posx>306</posx>
				<posy>0</posy>
				<include>DialogCloseButtonCommons</include>
			</control>
			<control type="label" id="1">
				<description>header label</description>
				<posx>20</posx>
				<posy>0</posy>
				<width>274</width>
				<include>WindowTitleCommons</include>
				<label>$LOCALIZE[13406]</label>
			</control>
			<control type="image">
				<description>Background</description>
				<posx>0</posx>
				<posy>60</posy>
				<width>376</width>
				<height>386</height>
				<texture>dialog_back.png</texture>
			</control>
			<control type="label" id="4">
				<description>Edit Text</description>
				<posx>20</posx>
				<posy>60</posy>
				<width>340</width>
				<height>70</height>
				<font>font25</font>
				<textcolor>selected</textcolor>
				<disabledcolor>grey2</disabledcolor>
				<align>center</align>
				<aligny>center</aligny>
			</control>
			<control type="group">
				<posx>0</posx>
				<posy>130</posy>
				<control type="button" id="11">
					<description>1 button</description>
					<posx>0</posx>
					<posy>0</posy>
					<width>91</width>
					<height>76</height>
					<font>font25</font>
					<align>center</align>
					<aligny>center</aligny>
					<texturenofocus colordiffuse="grey2">white.png</texturenofocus>
					<texturefocus>list_focus.png</texturefocus>
					<label>12311</label>
					<onleft>23</onleft>
					<onright>12</onright>
					<onup>20</onup>
					<ondown>14</ondown>
				</control>
				<control type="button" id="12">
					<description>2 button</description>
					<posx>95</posx>
					<posy>0</posy>
					<width>91</width>
					<height>76</height>
					<font>font25</font>
					<align>center</align>
					<aligny>center</aligny>
					<texturenofocus colordiffuse="grey2">white.png</texturenofocus>
					<texturefocus>list_focus.png</texturefocus>
					<label>12312</label>
					<onleft>11</onleft>
					<onright>13</onright>
					<onup>10</onup>
					<ondown>15</ondown>
				</control>
				<control type="button" id="13">
					<description>3 button</description>
					<posx>190</posx>
					<posy>0</posy>
					<width>91</width>
					<height>76</height>
					<font>font25</font>
					<align>center</align>
					<aligny>center</aligny>
					<texturenofocus colordiffuse="grey2">white.png</texturenofocus>
					<texturefocus>list_focus.png</texturefocus>
					<label>12313</label>
					<onleft>12</onleft>
					<onright>23</onright>
					<onup>22</onup>
					<ondown>16</ondown>
				</control>
				<control type="button" id="23">
					<description>Backspace button</description>
					<posx>285</posx>
					<posy>0</posy>
					<width>91</width>
					<height>156</height>
					<font>font25</font>
					<align>center</align>
					<aligny>center</aligny>
					<texturenofocus colordiffuse="grey3">white.png</texturenofocus>
					<texturefocus>list_focus.png</texturefocus>
					<textwidth>120</textwidth>
					<label>-</label>
					<textcolor>white</textcolor>
					<onleft>13</onleft>
					<onright>11</onright>
					<onup>21</onup>
					<ondown>21</ondown>
				</control>
				<control type="image">
					<description>BackSpace Icon image</description>
					<posx>305</posx>
					<posy>60</posy>
					<width>50</width>
					<height>50</height>
					<texture>icon_keyboard_backspace.png</texture>
				</control>
				<control type="button" id="14">
					<description>4 button</description>
					<posx>0</posx>
					<posy>80</posy>
					<width>91</width>
					<height>76</height>
					<font>font25</font>
					<align>center</align>
					<aligny>center</aligny>
					<texturenofocus colordiffuse="grey2">white.png</texturenofocus>
					<texturefocus>list_focus.png</texturefocus>
					<label>12314</label>
					<onleft>23</onleft>
					<onright>15</onright>
					<onup>11</onup>
					<ondown>17</ondown>
				</control>
				<control type="button" id="15">
					<description>5 button</description>
					<posx>95</posx>
					<posy>80</posy>
					<width>91</width>
					<height>76</height>
					<font>font25</font>
					<align>center</align>
					<aligny>center</aligny>
					<texturenofocus colordiffuse="grey2">white.png</texturenofocus>
					<texturefocus>list_focus.png</texturefocus>
					<label>12315</label>
					<onleft>14</onleft>
					<onright>16</onright>
					<onup>12</onup>
					<ondown>18</ondown>
				</control>
				<control type="button" id="16">
					<description>6 button</description>
					<posx>190</posx>
					<posy>80</posy>
					<width>91</width>
					<height>76</height>
					<font>font25</font>
					<align>center</align>
					<aligny>center</aligny>
					<texturenofocus colordiffuse="grey2">white.png</texturenofocus>
					<texturefocus>list_focus.png</texturefocus>
					<label>12316</label>
					<onleft>15</onleft>
					<onright>23</onright>
					<onup>13</onup>
					<ondown>19</ondown>
				</control>
				<control type="button" id="17">
					<description>7 button</description>
					<posx>0</posx>
					<posy>160</posy>
					<width>91</width>
					<height>76</height>
					<font>font25</font>
					<align>center</align>
					<aligny>center</aligny>
					<texturenofocus colordiffuse="grey2">white.png</texturenofocus>
					<texturefocus>list_focus.png</texturefocus>
					<label>12317</label>
					<onleft>21</onleft>
					<onright>18</onright>
					<onup>14</onup>
					<ondown>20</ondown>
				</control>
				<control type="button" id="18">
					<description>8 button</description>
					<posx>95</posx>
					<posy>160</posy>
					<width>91</width>
					<height>76</height>
					<font>font25</font>
					<align>center</align>
					<aligny>center</aligny>
					<texturenofocus colordiffuse="grey2">white.png</texturenofocus>
					<texturefocus>list_focus.png</texturefocus>
					<label>12318</label>
					<onleft>17</onleft>
					<onright>19</onright>
					<onup>15</onup>
					<ondown>10</ondown>
				</control>
				<control type="button" id="19">
					<description>9 button</description>
					<posx>190</posx>
					<posy>160</posy>
					<width>91</width>
					<height>76</height>
					<font>font25</font>
					<align>center</align>
					<aligny>center</aligny>
					<texturenofocus colordiffuse="grey2">white.png</texturenofocus>
					<texturefocus>list_focus.png</texturefocus>
					<label>12319</label>
					<onleft>18</onleft>
					<onright>21</onright>
					<onup>16</onup>
					<ondown>22</ondown>
				</control>
				<control type="button" id="21">
					<description>Done button</description>
					<posx>285</posx>
					<posy>160</posy>
					<width>91</width>
					<height>156</height>
					<font>font25</font>
					<align>center</align>
					<aligny>center</aligny>
					<texturenofocus colordiffuse="grey3">white.png</texturenofocus>
					<texturefocus>list_focus.png</texturefocus>
					<textwidth>120</textwidth>
					<label>-</label>
					<textcolor>white</textcolor>
					<onleft>19</onleft>
					<onright>17</onright>
					<onup>23</onup>
					<ondown>23</ondown>
				</control>
				<control type="image">
					<description>Enter\done Icon image</description>
					<posx>305</posx>
					<posy>220</posy>
					<width>50</width>
					<height>50</height>
					<aspectratio>keep</aspectratio>
					<texture>icon_keyboard_enter.png</texture>
				</control>
				<control type="button" id="20">
					<description>prev button</description>
					<posx>0</posx>
					<posy>240</posy>
					<width>91</width>
					<height>76</height>
					<font>font30</font>
					<label>-</label>
					<textcolor>white</textcolor>
					<align>center</align>
					<aligny>center</aligny>
					<texturenofocus colordiffuse="grey3">white.png</texturenofocus>
					<texturefocus>list_focus.png</texturefocus>
					<onleft>21</onleft>
					<onright>10</onright>
					<onup>17</onup>
					<ondown>11</ondown>
				</control>
				<control type="image">
					<description>Previous Icon image</description>
					<posx>22</posx>
					<posy>260</posy>
					<width>50</width>
					<height>40</height>
					<aspectratio>keep</aspectratio>
					<texture flipx="true">icon_keyboard_arrowkey.png</texture>
				</control>
				<control type="button" id="10">
					<description>0 button</description>
					<posx>95</posx>
					<posy>240</posy>
					<width>91</width>
					<height>76</height>
					<font>font25</font>
					<align>center</align>
					<aligny>center</aligny>
					<texturenofocus colordiffuse="grey2">white.png</texturenofocus>
					<texturefocus>list_focus.png</texturefocus>
					<label>12310</label>
					<onleft>20</onleft>
					<onright>22</onright>
					<onup>18</onup>
					<ondown>12</ondown>
				</control>
				<control type="button" id="22">
					<description>next button</description>
					<posx>190</posx>
					<posy>240</posy>
					<width>91</width>
					<height>76</height>
					<font>font30</font>
					<label>-</label>
					<textcolor>white</textcolor>
					<align>center</align>
					<aligny>center</aligny>
					<texturenofocus colordiffuse="grey3">white.png</texturenofocus>
					<texturefocus>list_focus.png</texturefocus>
					<onleft>10</onleft>
					<onright>21</onright>
					<onup>19</onup>
					<ondown>13</ondown>
				</control>
				<control type="image">
					<description>Next Icon image</description>
					<posx>212</posx>
					<posy>260</posy>
					<width>50</width>
					<height>40</height>
					<aspectratio>keep</aspectratio>
					<texture>icon_keyboard_arrowkey.png</texture>
				</control>
			</control>
		</control>
	</controls>
</window>
