<?xml version="1.0" encoding="UTF-8"?>
<window>
	<defaultcontrol always="true">12</defaultcontrol>
	<include>16x9_xPos_Relocation</include>
	<include>Window_OpenClose_Animation_Zoom</include>
	<coordinates>
		<posx>100</posx>
		<posy>80</posy>
	</coordinates>
	<controls>
		<include>BehindDialogFadeOut</include>
		<control type="image">
			<posx>0</posx>
			<posy>0</posy>
			<width>1080</width>
			<height>60</height>
			<texture border="5">dialog_header.png</texture>
		</control>
		<control type="label">
			<posx>20</posx>
			<posy>0</posy>
			<include>WindowTitleCommons</include>
			<width>1040</width>
			<label>$LOCALIZE[19143] - $LOCALIZE[19023]</label>
			<visible>IsEmpty(Window.Property(IsRadio))</visible>
		</control>
		<control type="label">
			<posx>20</posx>
			<posy>0</posy>
			<include>WindowTitleCommons</include>
			<width>1040</width>
			<label>$LOCALIZE[19143] - $LOCALIZE[19024]</label>
			<visible>!IsEmpty(Window.Property(IsRadio))</visible>
		</control>
		<control type="group">
			<posx>1010</posx>
			<posy>0</posy>
			<include>DialogCloseButtonCommons</include>
		</control>
		<control type="image">
			<posx>0</posx>
			<posy>60</posy>
			<width>1080</width>
			<height>740</height>
			<texture>dialog_back.png</texture>
		</control>
		<control type="label" id="22">
			<posx>0</posx>
			<posy>60</posy>
			<width>500</width>
			<height>40</height>
			<font>font20</font>
			<align>center</align>
			<aligny>center</aligny>
		</control>
		<control type="image">
			<posx>0</posx>
			<posy>100</posy>
			<width>500</width>
			<height>350</height>
			<texture colordiffuse="40000000">panel.png</texture>
		</control>
		<control type="list" id="12">
			<posx>0</posx>
			<posy>100</posy>
			<width>500</width>
			<height>350</height>
			<onleft>11</onleft>
			<onright>60</onright>
			<onup>9000</onup>
			<ondown>13</ondown>
			<pagecontrol>60</pagecontrol>
			<scrolltime>200</scrolltime>
			<itemlayout height="70" width="500">
				<control type="image">
					<posx>0</posx>
					<posy>0</posy>
					<width>500</width>
					<height>70</height>
					<texture border="40,0,40,5">list_nofocus.png</texture>
				</control>
				<control type="image">
					<posx>5</posx>
					<posy>5</posy>
					<width>60</width>
					<height>60</height>
					<texture background="true">$INFO[ListItem.Icon]</texture>
					<aspectratio>keep</aspectratio>
				</control>
				<control type="label">
					<posx>70</posx>
					<posy>0</posy>
					<width>415</width>
					<height>70</height>
					<font>font20</font>
					<align>left</align>
					<aligny>center</aligny>
					<selectedcolor>selected</selectedcolor>
					<label>$INFO[ListItem.Label]</label>
				</control>
			</itemlayout>
			<focusedlayout height="70" width="500">
				<control type="image">
					<posx>0</posx>
					<posy>0</posy>
					<width>500</width>
					<height>70</height>
					<texture>list_focus.png</texture>
				</control>
				<control type="image">
					<posx>5</posx>
					<posy>5</posy>
					<width>60</width>
					<height>60</height>
					<texture background="true">$INFO[ListItem.Icon]</texture>
					<aspectratio>keep</aspectratio>
				</control>
				<control type="label">
					<posx>70</posx>
					<posy>0</posy>
					<width>415</width>
					<height>70</height>
					<font>font20</font>
					<align>left</align>
					<aligny>center</aligny>
					<selectedcolor>selected</selectedcolor>
					<label>$INFO[ListItem.Label]</label>
				</control>
			</focusedlayout>
		</control>
		<control type="scrollbar" id="60">
			<posx>515</posx>
			<posy>130</posy>
			<width>10</width>
			<height>290</height>
			<texturesliderbackground colordiffuse="30FFFFFF">white.png</texturesliderbackground>
			<texturesliderbar colordiffuse="grey">white.png</texturesliderbar>
			<texturesliderbarfocus colordiffuse="blue">white.png</texturesliderbarfocus>
			<textureslidernib>blank.png</textureslidernib>
			<textureslidernibfocus>blank.png</textureslidernibfocus>
			<onleft>12</onleft>
			<onright>11</onright>
			<ondown>60</ondown>
			<onup>60</onup>
			<showonepage>false</showonepage>
			<orientation>vertical</orientation>
			<animation effect="fade" time="150">Visible</animation>
			<animation effect="fade" time="150">Hidden</animation>
		</control>
		<control type="label" id="21">
			<posx>540</posx>
			<posy>60</posy>
			<width>500</width>
			<height>40</height>
			<font>font20</font>
			<align>center</align>
			<aligny>center</aligny>
		</control>
		<control type="image">
			<posx>540</posx>
			<posy>100</posy>
			<width>500</width>
			<height>350</height>
			<texture colordiffuse="40000000">panel.png</texture>
		</control>
		<control type="list" id="11">
			<posx>540</posx>
			<posy>100</posy>
			<width>500</width>
			<height>350</height>
			<onleft>11</onleft>
			<onright>61</onright>
			<onup>9000</onup>
			<ondown>13</ondown>
			<pagecontrol>61</pagecontrol>
			<scrolltime>200</scrolltime>
			<itemlayout height="70" width="500">
				<control type="image">
					<posx>0</posx>
					<posy>0</posy>
					<width>500</width>
					<height>70</height>
					<texture border="40,0,40,5">list_nofocus.png</texture>
				</control>
				<control type="image">
					<posx>5</posx>
					<posy>5</posy>
					<width>60</width>
					<height>60</height>
					<texture background="true">$INFO[ListItem.Icon]</texture>
					<aspectratio>keep</aspectratio>
				</control>
				<control type="label">
					<posx>70</posx>
					<posy>0</posy>
					<width>415</width>
					<height>70</height>
					<font>font20</font>
					<align>left</align>
					<aligny>center</aligny>
					<selectedcolor>selected</selectedcolor>
					<label>$INFO[ListItem.Label]</label>
				</control>
			</itemlayout>
			<focusedlayout height="70" width="500">
				<control type="image">
					<posx>0</posx>
					<posy>0</posy>
					<width>600</width>
					<height>70</height>
					<texture>list_focus.png</texture>
				</control>
				<control type="image">
					<posx>5</posx>
					<posy>5</posy>
					<width>60</width>
					<height>60</height>
					<texture background="true">$INFO[ListItem.Icon]</texture>
					<aspectratio>keep</aspectratio>
				</control>
				<control type="label">
					<posx>70</posx>
					<posy>0</posy>
					<width>415</width>
					<height>70</height>
					<font>font20</font>
					<align>left</align>
					<aligny>center</aligny>
					<selectedcolor>selected</selectedcolor>
					<label>$INFO[ListItem.Label]</label>
				</control>
			</focusedlayout>
		</control>
		<control type="scrollbar" id="61">
			<posx>1055</posx>
			<posy>130</posy>
			<width>10</width>
			<height>290</height>
			<texturesliderbackground colordiffuse="30FFFFFF">white.png</texturesliderbackground>
			<texturesliderbar colordiffuse="grey">white.png</texturesliderbar>
			<texturesliderbarfocus colordiffuse="blue">white.png</texturesliderbarfocus>
			<textureslidernib>blank.png</textureslidernib>
			<textureslidernibfocus>blank.png</textureslidernibfocus>
			<onleft>11</onleft>
			<onright>12</onright>
			<ondown>61</ondown>
			<onup>61</onup>
			<showonepage>false</showonepage>
			<orientation>vertical</orientation>
			<animation effect="fade" time="150">Visible</animation>
			<animation effect="fade" time="150">Hidden</animation>
		</control>
		<control type="image">
			<posx>0</posx>
			<posy>450</posy>
			<width>1080</width>
			<height>2</height>
			<texture border="2">separator.png</texture>
		</control>
		<control type="label">
			<posx>20</posx>
			<posy>452</posy>
			<width>1040</width>
			<height>40</height>
			<label>$LOCALIZE[31560]</label>
			<font>font20</font>
			<align>center</align>
			<aligny>center</aligny>
		</control>
		<control type="image">
			<posx>0</posx>
			<posy>492</posy>
			<width>1030</width>
			<height>210</height>
			<texture colordiffuse="40000000">panel.png</texture>
		</control>
		<control type="list" id="13">
			<posx>0</posx>
			<posy>492</posy>
			<width>1030</width>
			<height>210</height>
			<onleft>62</onleft>
			<onright>62</onright>
			<onup>12</onup>
			<ondown>9000</ondown>
			<pagecontrol>62</pagecontrol>
			<scrolltime>200</scrolltime>
			<itemlayout height="70" width="1030">
				<control type="image">
					<posx>0</posx>
					<posy>0</posy>
					<width>1030</width>
					<height>70</height>
					<texture border="40,0,40,5">list_nofocus.png</texture>
				</control>
				<control type="image">
					<posx>5</posx>
					<posy>5</posy>
					<width>60</width>
					<height>60</height>
					<texture background="true">$INFO[ListItem.Icon]</texture>
					<aspectratio>keep</aspectratio>
				</control>
				<control type="label">
					<posx>70</posx>
					<posy>0</posy>
					<width>950</width>
					<height>70</height>
					<font>font25</font>
					<align>left</align>
					<aligny>center</aligny>
					<selectedcolor>selected</selectedcolor>
					<label>$INFO[ListItem.Label]</label>
				</control>
			</itemlayout>
			<focusedlayout height="70" width="1030">
				<control type="image">
					<posx>0</posx>
					<posy>0</posy>
					<width>1030</width>
					<height>70</height>
					<texture>list_focus.png</texture>
				</control>
				<control type="image">
					<posx>5</posx>
					<posy>5</posy>
					<width>60</width>
					<height>60</height>
					<texture background="true">$INFO[ListItem.Icon]</texture>
					<aspectratio>keep</aspectratio>
				</control>
				<control type="label">
					<posx>70</posx>
					<posy>0</posy>
					<width>950</width>
					<height>70</height>
					<font>font25</font>
					<align>left</align>
					<aligny>center</aligny>
					<selectedcolor>selected</selectedcolor>
					<label>$INFO[ListItem.Label]</label>
				</control>
			</focusedlayout>
		</control>
		<control type="scrollbar" id="62">
			<posx>1050</posx>
			<posy>522</posy>
			<width>10</width>
			<height>150</height>
			<texturesliderbackground colordiffuse="30FFFFFF">white.png</texturesliderbackground>
			<texturesliderbar colordiffuse="grey">white.png</texturesliderbar>
			<texturesliderbarfocus colordiffuse="blue">white.png</texturesliderbarfocus>
			<textureslidernib>blank.png</textureslidernib>
			<textureslidernibfocus>blank.png</textureslidernibfocus>
			<onleft>13</onleft>
			<onright>13</onright>
			<ondown>62</ondown>
			<onup>62</onup>
			<showonepage>false</showonepage>
			<orientation>vertical</orientation>
			<animation effect="fade" time="150">Visible</animation>
			<animation effect="fade" time="150">Hidden</animation>
		</control>
		<control type="grouplist" id="9000">
			<posx>0</posx>
			<posy>730</posy>
			<width>1080</width>
			<height>60</height>
			<itemgap>5</itemgap>
			<align>center</align>
			<orientation>horizontal</orientation>
			<onleft>9000</onleft>
			<onright>9000</onright>
			<onup>13</onup>
			<ondown>12</ondown>
			<control type="button" id="26">
				<description>Add button</description>
				<width>200</width>
				<include>ButtonInfoDialogsCommonValues</include>
				<label>31561</label>
			</control>
			<control type="button" id="27">
				<description>Rename button</description>
				<width>200</width>
				<include>ButtonInfoDialogsCommonValues</include>
				<label>31562</label>
			</control>
			<control type="button" id="25">
				<description>Hide button</description>
				<width>200</width>
				<include>ButtonInfoDialogsCommonValues</include>
				<label>19289</label>
			</control>
			<control type="button" id="28">
				<description>Delete button</description>
				<width>200</width>
				<include>ButtonInfoDialogsCommonValues</include>
				<label>31563</label>
			</control>
			<control type="button" id="29">
				<description>OK button</description>
				<width>200</width>
				<include>ButtonInfoDialogsCommonValues</include>
				<label>186</label>
			</control>
		</control>
	</controls>
</window>
