<?xml version="1.0" encoding="UTF-8"?>
<window>
	<defaultcontrol always="true">50</defaultcontrol>
	<views>50</views>
	<onunload>ClearProperty(PopupMenuVisible,Home)</onunload>
	<controls>
		<include>CommonBackground</include>
		<include>SideMenu</include>
		<include>Header</include>
		<include>CommonNowPlaying</include>
		<include>Footer</include>
		<control type="label">
			<description>Window label</description>
			<include>MediaWindowTitleCommons</include>
			<label>$LOCALIZE[14111]</label>
		</control>
		<control type="group">
			<include>Window_OpenClose_Animation_Zoom</include>
			<include name="List" condition="StringCompare(Skin.AspectRatio,16:9)"> <!-- view id = 50 -->
				<param name="panel-width" value="1530"/>
				<param name="label-width" value="1240"/>
				<param name="label2-posx" value="1360r"/>
			</include>
			<include name="List" condition="StringCompare(Skin.AspectRatio,4:3)"> <!-- view id = 50 -->
				<param name="panel-width" value="1090"/>
				<param name="label-width" value="800"/>
				<param name="label2-posx" value="920r"/>
			</include>
		</control>
		<include>ScrollBarCommons</include>
		<include>BottomMenu</include>
		<include name="PopupMenu">
			<param name="panel-posy">240</param>
			<param name="panel-height">360</param>
		</include>
		<include>ScrollOffsetLabel</include>
	</controls>
</window>
