<?xml version="1.0" encoding="UTF-8"?>
<window>
	<defaultcontrol>-</defaultcontrol>
	<onload>ActivateWindow(MusicOSD)</onload>
	<onunload>ClearProperty(PopupMenuVisible,Home)</onunload>
	<controls>
		<control type="image">
			<description>fanart</description>
			<posx>0</posx>
			<posy>0</posy>
			<include>ScreenWidth</include>
			<height>960</height>
			<texture background="true">$INFO[Player.Art(fanart)]</texture>
			<aspectratio>scale</aspectratio>
			<fadetime>FanartCrossfadeTime</fadetime>
		</control>
		<control type="visualisation">
			<description>visualisation</description>
			<posx>0</posx>
			<posy>0</posy>
			<include>ScreenWidth</include>
			<height>960</height>
		</control>
		<!-- codec & viz infos -->
		<control type="group" id="0">
			<posx>0</posx>
			<posy>50</posy>
			<visible>Player.ShowCodec + ![Window.IsVisible(VisualisationSettings) | Window.IsVisible(VisualisationPresetList)]</visible>
			<animation effect="fade" time="200">VisibleChange</animation>
			<control type="image">
				<description>media info background image</description>
				<posx>0</posx>
				<posy>0</posy>
				<include>ScreenWidth</include>
				<height>105</height>
				<colordiffuse>AAFFFFFF</colordiffuse>
				<texture>grey.png</texture>
			</control>
			<control type="label">
				<description>row 1 label</description>
				<posx>50</posx>
				<posy>10</posy>
				<label>-</label>
				<align>left</align>
				<label>$INFO[musicplayer.Codec,$LOCALIZE[21446]: ,]$INFO[musicplayer.Bitrate, · $LOCALIZE[623]: ,kbps]$INFO[musicplayer.bitspersample, · $LOCALIZE[612]: ,bit]$INFO[musicplayer.Samplerate, · $LOCALIZE[613]: ,kHz]$INFO[musicplayer.Channels, · $LOCALIZE[21444]: ]</label>
				<font>font16</font>
			</control>
			<control type="label">
				<description>row 2 label</description>
				<posx>50</posx>
				<posy>40</posy>
				<label>-</label>
				<align>left</align>
				<label>$INFO[Visualisation.Name] [I][COLOR=blue]($LOCALIZE[20166])[/COLOR][/I] · fps: $INFO[System.FPS]</label>
				<font>font16</font>
				<visible>Visualisation.Locked</visible>
			</control>
			<control type="label">
				<description>Unlocked row 2 label</description>
				<posx>50</posx>
				<posy>40</posy>
				<label>-</label>
				<align>left</align>
				<label>$INFO[Visualisation.Name] · fps: $INFO[System.FPS]</label>
				<font>font16</font>
				<visible>!Visualisation.Locked</visible>
			</control>
			<control type="label">
				<description>row 3 label</description>
				<posx>50</posx>
				<posy>70</posy>
				<label>-</label>
				<align>left</align>
				<label>$LOCALIZE[13388]: $INFO[Visualisation.Preset]</label>
				<font>font16</font>
			</control>
		</control>
	</controls>
</window>
