<?xml version="1.0" encoding="UTF-8"?>
<window>
	<defaultcontrol always="true">10</defaultcontrol>
	<views>10,11,12,13</views>
	<onunload>ClearProperty(PopupMenuVisible,Home)</onunload>
	<controls>
		<include>CommonBackground</include>
		<include>SideMenu</include>
		<include>Header</include>
		<include>CommonNowPlaying</include>
		<include>Footer</include>
		<control type="label">
			<description>Window label</description>
			<include>MediaWindowTitleCommons</include>
			<label>$VAR[PVRSection,, - ]$LOCALIZE[22020]$INFO[Control.GetLabel(29), - ]$INFO[Control.GetLabel(30), - ]</label>
		</control>
		<control type="label" id="29">
			<visible>False</visible>
		</control>
		<control type="label" id="30">
			<visible>False</visible>
		</control>
		<control type="group">
			<include>Window_OpenClose_Animation_Zoom</include>
			<include name="PVREPG" condition="StringCompare(Skin.AspectRatio,16:9)"> <!-- view id = 10 -->
				<param name="panel-width" value="1530"/>
			</include>
			<include name="PVREPG" condition="StringCompare(Skin.AspectRatio,4:3)"> <!-- view id = 10 -->
				<param name="panel-width" value="1090"/>
			</include>
			<include name="PVRBack" condition="StringCompare(Skin.AspectRatio,16:9)">
				<param name="panel-width" value="1530"/>
			</include>
			<include name="PVRBack" condition="StringCompare(Skin.AspectRatio,4:3)">
				<param name="panel-width" value="1090"/>
			</include>
			<include name="PVRList" condition="StringCompare(Skin.AspectRatio,16:9)"> <!-- view id = 11 -->
				<param name="panel-id" value="11"/>
				<param name="panel-width" value="1530"/>
				<param name="label-width" value="1400"/>
			</include>
			<include name="PVRList" condition="StringCompare(Skin.AspectRatio,4:3)"> <!-- view id = 11 -->
				<param name="panel-id" value="11"/>
				<param name="panel-width" value="1090"/>
				<param name="label-width" value="960"/>
			</include>
			<include name="PVRList" condition="StringCompare(Skin.AspectRatio,16:9)"> <!-- view id = 12 -->
				<param name="panel-id" value="12"/>
				<param name="panel-width" value="1530"/>
				<param name="label-width" value="1400"/>
			</include>
			<include name="PVRList" condition="StringCompare(Skin.AspectRatio,4:3)"> <!-- view id = 12 -->
				<param name="panel-id" value="12"/>
				<param name="panel-width" value="1090"/>
				<param name="label-width" value="960"/>
			</include>
			<include name="PVRList" condition="StringCompare(Skin.AspectRatio,16:9)"> <!-- view id = 13 -->
				<param name="panel-id" value="13"/>
				<param name="panel-width" value="1530"/>
				<param name="label-width" value="1400"/>
			</include>
			<include name="PVRList" condition="StringCompare(Skin.AspectRatio,4:3)"> <!-- view id = 13 -->
				<param name="panel-id" value="13"/>
				<param name="panel-width" value="1090"/>
				<param name="label-width" value="960"/>
			</include>
			<include name="PVRInfo" condition="StringCompare(Skin.AspectRatio,16:9)">
				<param name="panel-width" value="1530"/>
				<param name="textbox-width" value="1160"/>
			</include>
			<include name="PVRInfo" condition="StringCompare(Skin.AspectRatio,4:3)">
				<param name="panel-width" value="1090"/>
				<param name="textbox-width" value="720"/>
			</include>
		</control>
		<include>ScrollBarCommons</include>
		<include>BottomMenu</include>
		<include name="PopupMenu">
			<param name="panel-posy">0</param>
			<param name="panel-height">560</param>
		</include>
		<include>ScrollOffsetLabel</include>
	</controls>
</window>
