<?xml version="1.0" encoding="UTF-8"?>
<window>
	<defaultcontrol always="true">450</defaultcontrol>
	<include>16x9_xPos_Relocation</include>
	<include>Window_OpenClose_Animation_Zoom</include>
	<coordinates>
		<posx>140</posx>
		<posy>315</posy>
	</coordinates>
	<controls>
		<include>BehindDialogFadeOut</include>
		<control type="image">
			<posx>0</posx>
			<posy>0</posy>
			<width>1000</width>
			<height>60</height>
			<texture border="5">dialog_header.png</texture>
		</control>
		<control type="label" id="2">
			<description>header label</description>
			<posx>20</posx>
			<posy>0</posy>
			<include>WindowTitleCommons</include>
			<width>910</width>
			<label>-</label>
		</control>
		<control type="group">
			<posx>930</posx>
			<posy>0</posy>
			<include>DialogCloseButtonCommons</include>
		</control>
		<control type="image">
			<posx>0</posx>
			<posy>60</posy>
			<width>1000</width>
			<height>270</height>
			<texture>dialog_back.png</texture>
		</control>
		<control type="label">
			<description>Name Label</description>
			<posx>20</posx>
			<posy>70</posy>
			<width>960</width>
			<height>20</height>
			<label>21422</label>
			<font>font20_title</font>
			<align>center</align>
			<aligny>center</aligny>
		</control>
		<control type="image">
			<posx>0</posx>
			<posy>100</posy>
			<width>1000</width>
			<height>70</height>
			<texture colordiffuse="40000000">panel.png</texture>
		</control>
		<control type="group" id="9001">
			<control type="spincontrolex" id="15">
				<description>Rule Field</description>
				<posx>0</posx>
				<posy>100</posy>
				<width>500</width>
				<height>70</height>
				<font>-</font>
				<onright>16</onright>
				<onleft>16</onleft>
				<onup>9000</onup>
				<ondown>17</ondown>
			</control>
			<control type="label">
				<description>Rule Field label</description>
				<posx>20</posx>
				<posy>100</posy>
				<width>460</width>
				<height>70</height>
				<font>font25</font>
				<label>$INFO[Control.GetLabel(15)]</label>
				<align>left</align>
				<aligny>center</aligny>
			</control>
			<control type="image">
				<posx>499</posx>
				<posy>100</posy>
				<width>2</width>
				<height>70</height>
				<texture border="2">separator.png</texture>
			</control>
			<control type="spincontrolex" id="16">
				<description>Rule operator</description>
				<posx>500</posx>
				<posy>100</posy>
				<width>500</width>
				<height>70</height>
				<font>-</font>
				<onright>15</onright>
				<onleft>15</onleft>
				<onup>9000</onup>
				<ondown>17</ondown>
			</control>
			<control type="label">
				<description>Rule Field label</description>
				<posx>520</posx>
				<posy>100</posy>
				<width>460</width>
				<height>70</height>
				<font>font25</font>
				<label>$INFO[Control.GetLabel(16)]</label>
				<align>left</align>
				<aligny>center</aligny>
			</control>
		</control>
		<control type="image">
			<posx>0</posx>
			<posy>170</posy>
			<width>760</width>
			<height>70</height>
			<texture colordiffuse="40000000">panel.png</texture>
		</control>
		<control type="edit" id="17">
			<description>Value Button</description>
			<posx>0</posx>
			<posy>170</posy>
			<width>760</width>
			<height>70</height>
			<font>font25</font>
			<aligny>center</aligny>
			<label>-</label>
			<onup>9001</onup>
			<onleft>20</onleft>
			<onright>20</onright>
			<ondown>9000</ondown>
		</control>
		<control type="button" id="20">
			<description>Browse Button</description>
			<posx>780</posx>
			<posy>175</posy>
			<width>200</width>
			<height>60</height>
			<align>center</align>
			<aligny>center</aligny>
			<texturefocus>list_focus.png</texturefocus>
			<texturenofocus>button_nofocus.png</texturenofocus>
			<label>1024</label>
			<font>font18_title</font>
			<onup>9001</onup>
			<onleft>17</onleft>
			<onright>17</onright>
			<ondown>9000</ondown>
		</control>
		<control type="grouplist" id="9002">
			<posx>20</posx>
			<posy>260</posy>
			<width>960</width>
			<height>60</height>
			<itemgap>20</itemgap>
			<align>center</align>
			<orientation>horizontal</orientation>
			<onleft>9000</onleft>
			<onright>9000</onright>
			<onup>50</onup>
			<ondown>49</ondown>
			<control type="button" id="18">
				<description>OK Button</description>
				<width>200</width>
				<include>ButtonInfoDialogsCommonValues</include>
				<label>186</label>
			</control>
			<control type="button" id="19">
				<description>Cancel Button</description>
				<width>200</width>
				<include>ButtonInfoDialogsCommonValues</include>
				<label>222</label>
			</control>
		</control>
	</controls>
</window>
