<?xml version="1.0" encoding="UTF-8"?>
<includes>
	<include name="List">
		<control type="image">
			<posx>120</posx>
			<posy>130</posy>
			<width>$PARAM[panel-width]</width>
			<height>700</height>
			<texture>panel.png</texture>
			<visible>Control.IsVisible(500)</visible>
		</control>
		<control type="panel" id="500">
			<posx>120</posx>
			<posy>130</posy>
			<width>$PARAM[panel-width]</width>
			<height>700</height>
			<onleft>2</onleft>
			<onright>60</onright>
			<onup>500</onup>
			<ondown>500</ondown>
			<viewtype label="535">list</viewtype>
			<pagecontrol>60</pagecontrol>
			<scrolltime>200</scrolltime>
			<preloaditems>2</preloaditems>
			<itemlayout height="70" width="$PARAM[panel-width]" condition="!Window.IsVisible(EventLog)">
				<control type="image">
					<posx>0</posx>
					<posy>0</posy>
					<width>$PARAM[layout-width]</width>
					<height>70</height>
					<texture border="40,0,40,5">list_nofocus.png</texture>
				</control>
				<control type="image">
					<posx>4</posx>
					<posy>4</posy>
					<width>62</width>
					<height>62</height>
					<texture background="true">$VAR[PosterThumb]</texture>
					<aspectratio>keep</aspectratio>
					<visible>Container.Content(Movies) | Container.Content(Seasons) | Container.Content(TVShows) | Container.Content(Episodes) | Container.Content(MusicVideos) | Container.Content(Artists) | Container.Content(Albums) | Container.Content(Songs) | [Container.Content(Addons) + !ListItem.IsFolder] | Container.Content(Actors) | Container.Content(Sets) | [Window.IsVisible(Pictures) + !IsEmpty(Container.FolderPath)]</visible>
				</control>
				<control type="image">
					<posx>4</posx>
					<posy>4</posy>
					<width>62</width>
					<height>62</height>
					<texture background="true">defaulticons/$INFO[Listitem.Icon]</texture>
					<aspectratio>keep</aspectratio>
					<visible>[Container.Content() + !Window.IsVisible(Pictures)] | Container.Content(Files) | Container.Content(Genres) | Container.Content(Years) | Container.Content(Directors) | Container.Content(Studios) | Container.Content(Countries) | Container.Content(Tags) | [Container.Content(Addons) + ListItem.IsFolder] | [Window.IsVisible(Pictures) + IsEmpty(Container.FolderPath)]</visible>
				</control>
				<control type="label">
					<posx>75</posx>
					<posy>0</posy>
					<width>$PARAM[label-width]</width>
					<height>70</height>
					<font>font25</font>
					<selectedcolor>selected</selectedcolor>
					<align>left</align>
					<aligny>center</aligny>
					<label>$INFO[ListItem.Label]</label>
				</control>
				<control type="label">
					<posx>$PARAM[label2-posx]</posx>
					<posy>2</posy>
					<width>$PARAM[label-width]</width>
					<height>30</height>
					<font>font20</font>
					<selectedcolor>selected</selectedcolor>
					<align>right</align>
					<aligny>center</aligny>
					<label>$INFO[ListItem.Label2]</label>
					<animation effect="slide" start="0" end ="100,0" time="0" condition="![Container.Content(Movies) | Container.Content(Episodes) | Container.Content(MusicVideos)]">Conditional</animation>
					<animation effect="slide" start="0" end ="-40,0" time="0" condition="Container.Content(TVShows)">Conditional</animation>
					<visible>!Window.IsVisible(AddonBrowser)</visible>
				</control>
				<control type="image">
					<description>Rating value</description>
					<posx>320r</posx>
					<posy>34</posy>
					<width>200</width>
					<height>25</height>
					<aspectratio align="left">keep</aspectratio>
					<texture fallback="rating/0.png">$INFO[ListItem.Rating,rating/,.png]</texture>
					<animation effect="slide" start="0" end ="100,0" time="0" condition="Container.Content(Albums)">Conditional</animation>
					<visible>[Container.Content(Movies) | Container.Content(Episodes) | Container.Content(MusicVideos) | Container.Content(Albums)] + !SubString(ListItem.Label,..)</visible>
				</control>
				<control type="image">
					<description>Rating value</description>
					<posx>220r</posx>
					<posy>34</posy>
					<width>200</width>
					<height>25</height>
					<aspectratio align="left">keep</aspectratio>
					<texture fallback="rating/0.png">$INFO[ListItem.UserRating,rating/,.png]</texture>
					<visible>Container.Content(Songs) + !SubString(ListItem.Label,..)</visible>
				</control>
				<control type="image">
					<posx>110r</posx>
					<posy>15</posy>
					<width>60</width>
					<height>40</height>
					<texture>$INFO[ListItem.VideoResolution,flagging/resolution/,.png]</texture>
					<visible>[Container.Content(Movies) | Container.Content(Episodes) | Container.Content(MusicVideos)]</visible>
				</control>
				<control type="image">
					<posx>110r</posx>
					<posy>15</posy>
					<width>60</width>
					<height>40</height>
					<texture>flagging/source/Set.png</texture>
					<visible>[Container.Content(Movies) | Container.Content(Sets)] + ListItem.IsCollection</visible>
				</control>
				<control type="image">
					<posx>48r</posx>
					<posy>22</posy>
					<width>26</width>
					<height>26</height>
					<aspectratio>keep</aspectratio>
					<texture>OverlayWatching.png</texture>
					<visible>[Container.Content(Movies) | Container.Content(Episodes) | Container.Content(MusicVideos)] + ListItem.IsResumable</visible>
				</control>
				<control type="image">
					<posx>50r</posx>
					<posy>20</posy>
					<width>30</width>
					<height>30</height>
					<texture>$INFO[ListItem.Overlay]</texture>
					<visible>[Container.Content(Movies) | Container.Content(TVShows) | Container.Content(Seasons) | Container.Content(Episodes) | Container.Content(MusicVideos)] + !ListItem.IsResumable</visible>
				</control>
				<control type="label">
					<posx>$PARAM[label2-posx]</posx>
					<posy>2</posy>
					<width>$PARAM[label-width]</width>
					<height>30</height>
					<font>font20</font>
					<selectedcolor>selected</selectedcolor>
					<align>right</align>
					<aligny>center</aligny>
					<label>$INFO[ListItem.AddonStatus,, - ]$INFO[ListItem.AddonVersion]</label>
					<animation effect="slide" start="0" end ="60,0" time="0" condition="True">Conditional</animation>
					<visible>Window.IsVisible(AddonBrowser) + !stringcompare(ListItem.AddonStatus,$LOCALIZE[305])</visible>
				</control>
				<control type="label">
					<posx>$PARAM[label2-posx]</posx>
					<posy>2</posy>
					<width>$PARAM[label-width]</width>
					<height>30</height>
					<font>font20</font>
					<selectedcolor>selected</selectedcolor>
					<align>right</align>
					<aligny>center</aligny>
					<label>$INFO[ListItem.AddonVersion]</label>
					<animation effect="slide" start="0" end ="60,0" time="0" condition="True">Conditional</animation>
					<visible>Window.IsVisible(AddonBrowser) + stringcompare(ListItem.AddonStatus,$LOCALIZE[305])</visible>
				</control>
				<control type="image">
					<posx>50r</posx>
					<posy>20</posy>
					<width>30</width>
					<height>30</height>
					<aspectratio>keep</aspectratio>
					<texture>OverlayWatched.png</texture>
					<visible>Window.IsVisible(AddonBrowser) + stringcompare(ListItem.Label2,$LOCALIZE[305])</visible>
				</control>
			</itemlayout>
			<focusedlayout height="70" width="$PARAM[panel-width]" condition="!Window.IsVisible(EventLog)">
				<control type="image">
					<posx>0</posx>
					<posy>0</posy>
					<width>$PARAM[layout-width]</width>
					<height>70</height>
					<texture>list_focus.png</texture>
					<include>VisibleFadeEffect</include>
				</control>
				<control type="image">
					<posx>4</posx>
					<posy>4</posy>
					<width>62</width>
					<height>62</height>
					<texture background="true">$VAR[PosterThumb]</texture>
					<aspectratio>keep</aspectratio>
					<visible>Container.Content(Movies) | Container.Content(Seasons) | Container.Content(TVShows) | Container.Content(Episodes) | Container.Content(MusicVideos) | Container.Content(Artists) | Container.Content(Albums) | Container.Content(Songs) | [Container.Content(Addons) + !ListItem.IsFolder] | Container.Content(Actors) | Container.Content(Sets) | [Window.IsVisible(Pictures) + !IsEmpty(Container.FolderPath)]</visible>
				</control>
				<control type="image">
					<posx>4</posx>
					<posy>4</posy>
					<width>62</width>
					<height>62</height>
					<texture background="true">defaulticons/$INFO[Listitem.Icon]</texture>
					<aspectratio>keep</aspectratio>
					<visible>[Container.Content() + !Window.IsVisible(Pictures)] | Container.Content(Files) | Container.Content(Genres) | Container.Content(Years) | Container.Content(Directors) | Container.Content(Studios) | Container.Content(Countries) | Container.Content(Tags) | [Container.Content(Addons) + ListItem.IsFolder] | [Window.IsVisible(Pictures) + IsEmpty(Container.FolderPath)]</visible>
				</control>
				<control type="label">
					<posx>75</posx>
					<posy>0</posy>
					<width>$PARAM[label-width]</width>
					<height>70</height>
					<font>font25</font>
					<selectedcolor>selected</selectedcolor>
					<align>left</align>
					<aligny>center</aligny>
					<label>$INFO[ListItem.Label]</label>
				</control>
				<control type="label">
					<posx>$PARAM[label2-posx]</posx>
					<posy>2</posy>
					<width>$PARAM[label-width]</width>
					<height>30</height>
					<font>font20</font>
					<selectedcolor>selected</selectedcolor>
					<align>right</align>
					<aligny>center</aligny>
					<label>$INFO[ListItem.Label2]</label>
					<animation effect="slide" start="0" end ="100,0" time="0" condition="![Container.Content(Movies) | Container.Content(Episodes) | Container.Content(MusicVideos)]">Conditional</animation>
					<animation effect="slide" start="0" end ="-40,0" time="0" condition="Container.Content(TVShows)">Conditional</animation>
					<visible>!Window.IsVisible(AddonBrowser)</visible>
				</control>
				<control type="image">
					<description>Rating value</description>
					<posx>320r</posx>
					<posy>34</posy>
					<width>200</width>
					<height>25</height>
					<aspectratio align="left">keep</aspectratio>
					<texture fallback="rating/0.png">$INFO[ListItem.Rating,rating/]</texture>
					<animation effect="slide" start="0" end ="100,0" time="0" condition="Container.Content(Albums)">Conditional</animation>
					<visible>[Container.Content(Movies) | Container.Content(Episodes) | Container.Content(MusicVideos) | Container.Content(Albums)] + !SubString(ListItem.Label,..)</visible>
				</control>
				<control type="image">
					<description>Rating value</description>
					<posx>220r</posx>
					<posy>34</posy>
					<width>200</width>
					<height>25</height>
					<aspectratio align="left">keep</aspectratio>
					<texture fallback="rating/0.png">$INFO[ListItem.UserRating,rating/]</texture>
					<visible>Container.Content(Songs) + !SubString(ListItem.Label,..)</visible>
				</control>
				<control type="image">
					<posx>110r</posx>
					<posy>15</posy>
					<width>60</width>
					<height>40</height>
					<texture>$INFO[ListItem.VideoResolution,flagging/resolution/,.png]</texture>
					<visible>[Container.Content(Movies) | Container.Content(Episodes) | Container.Content(MusicVideos)]</visible>
				</control>
				<control type="image">
					<posx>110r</posx>
					<posy>15</posy>
					<width>60</width>
					<height>40</height>
					<texture>flagging/source/Set.png</texture>
					<visible>[Container.Content(Movies) | Container.Content(Sets)] + ListItem.IsCollection</visible>
				</control>
				<control type="image">
					<posx>48r</posx>
					<posy>22</posy>
					<width>26</width>
					<height>26</height>
					<aspectratio>keep</aspectratio>
					<texture>OverlayWatching.png</texture>
					<visible>[Container.Content(Movies) | Container.Content(Episodes) | Container.Content(MusicVideos)] + ListItem.IsResumable</visible>
				</control>
				<control type="image">
					<posx>50r</posx>
					<posy>20</posy>
					<width>30</width>
					<height>30</height>
					<texture>$INFO[ListItem.Overlay]</texture>
					<visible>[Container.Content(Movies) | Container.Content(TVShows) | Container.Content(Seasons) | Container.Content(Episodes) | Container.Content(MusicVideos)] + !ListItem.IsResumable</visible>
				</control>
				<control type="label">
					<posx>$PARAM[label2-posx]</posx>
					<posy>2</posy>
					<width>$PARAM[label-width]</width>
					<height>30</height>
					<font>font20</font>
					<selectedcolor>selected</selectedcolor>
					<align>right</align>
					<aligny>center</aligny>
					<label>$INFO[ListItem.AddonStatus,, - ]$INFO[ListItem.AddonVersion]</label>
					<animation effect="slide" start="0" end ="60,0" time="0" condition="True">Conditional</animation>
					<visible>Window.IsVisible(AddonBrowser) + !stringcompare(ListItem.AddonStatus,$LOCALIZE[305])</visible>
				</control>
				<control type="label">
					<posx>$PARAM[label2-posx]</posx>
					<posy>2</posy>
					<width>$PARAM[label-width]</width>
					<height>30</height>
					<font>font20</font>
					<selectedcolor>selected</selectedcolor>
					<align>right</align>
					<aligny>center</aligny>
					<label>$INFO[ListItem.AddonVersion]</label>
					<animation effect="slide" start="0" end ="60,0" time="0" condition="True">Conditional</animation>
					<visible>Window.IsVisible(AddonBrowser) + stringcompare(ListItem.AddonStatus,$LOCALIZE[305])</visible>
				</control>
				<control type="image">
					<posx>50r</posx>
					<posy>20</posy>
					<width>30</width>
					<height>30</height>
					<aspectratio>keep</aspectratio>
					<texture>OverlayWatched.png</texture>
					<visible>Window.IsVisible(AddonBrowser) + stringcompare(ListItem.Label2,$LOCALIZE[305])</visible>
				</control>
			</focusedlayout>
			<itemlayout height="90" width="$PARAM[panel-width]" condition="Window.IsVisible(EventLog)">
				<control type="image">
					<posx>0</posx>
					<posy>0</posy>
					<width>$PARAM[layout-width]</width>
					<height>90</height>
					<texture border="40,0,40,5">list_nofocus.png</texture>
				</control>
				<control type="image">
					<posx>4</posx>
					<posy>4</posy>
					<width>82</width>
					<height>82</height>
					<texture background="true">$INFO[ListItem.Icon]</texture>
					<aspectratio>keep</aspectratio>
				</control>
				<control type="label">
					<posx>105</posx>
					<posy>0</posy>
					<width>$PARAM[label-width]</width>
					<height>40</height>
					<font>font25</font>
					<selectedcolor>selected</selectedcolor>
					<align>left</align>
					<aligny>center</aligny>
					<label>$INFO[ListItem.Label]</label>
				</control>
				<control type="label">
					<posx>$PARAM[label2-posx]</posx>
					<posy>0</posy>
					<width>$PARAM[label-width]</width>
					<height>40</height>
					<font>font25</font>
					<selectedcolor>selected</selectedcolor>
					<align>right</align>
					<aligny>center</aligny>
					<label>$INFO[ListItem.Label2]</label>
					<animation effect="slide" start="0" end ="100,0" time="0" condition="True">Conditional</animation>
				</control>
				<control type="textbox">
					<posx>105</posx>
					<posy>30</posy>
					<width>1350</width>
					<height>48</height>
					<font>font22</font>
					<align>left</align>
					<label>$INFO[ListItem.Property(Event.Description)]</label>
				</control>
			</itemlayout>
			<focusedlayout height="90" width="$PARAM[panel-width]" condition="Window.IsVisible(EventLog)">
				<control type="image">
					<posx>0</posx>
					<posy>0</posy>
					<width>$PARAM[layout-width]</width>
					<height>90</height>
					<texture>list_focus.png</texture>
					<include>VisibleFadeEffect</include>
				</control>
				<control type="image">
					<posx>4</posx>
					<posy>4</posy>
					<width>82</width>
					<height>82</height>
					<texture background="true">$INFO[ListItem.Icon]</texture>
					<aspectratio>keep</aspectratio>
				</control>
				<control type="label">
					<posx>105</posx>
					<posy>0</posy>
					<width>$PARAM[label-width]</width>
					<height>40</height>
					<font>font25</font>
					<selectedcolor>selected</selectedcolor>
					<align>left</align>
					<aligny>center</aligny>
					<label>$INFO[ListItem.Property(Event.Description)]</label>
				</control>
				<control type="label">
					<posx>$PARAM[label2-posx]</posx>
					<posy>0</posy>
					<width>$PARAM[label-width]</width>
					<height>40</height>
					<font>font25</font>
					<selectedcolor>selected</selectedcolor>
					<align>right</align>
					<aligny>center</aligny>
					<label>$INFO[ListItem.Label2]</label>
					<animation effect="slide" start="0" end ="100,0" time="0" condition="True">Conditional</animation>
				</control>
				<control type="textbox">
					<posx>105</posx>
					<posy>30</posy>
					<width>$PARAM[label-width]</width>
					<height>60</height>
					<font>font22</font>
					<align>left</align>
					<label>$INFO[ListItem.Property(Event.Description)]</label>
				</control>
			</focusedlayout>
		</control>
	</include>
</includes>
