<?xml version="1.0" encoding="UTF-8" standalone="yes"?>
<addon id="plugin.video.dex" name="DexterPro IPTV" version="3.01" provider-name="Pipcan,MikkM,enen92">
  <requires>
    <import addon="xbmc.python" version="2.1.0"/>
	<import addon="script.module.addon.common" />
	<import addon="script.matchcenter" />
	<import addon="script.dexnews" />
	<import addon="script.module.requests" />
	<import addon="script.skin.helper.service" />
    <import addon="script.module.urlresolver" version="0.0.1"/>
	<import addon="script.module.thesportsdb" version="1.0.1"/>
	<import addon="script.module.pytz" version="2014.2"/>
	<import addon="script.module.twitter" version="1.17.1"/>
       </requires>
  <extension point="xbmc.python.pluginsource" library="init.py">
 	<extension point="xbmc.python.script" library="main.py" />
       <provides>video executable</provides>
  </extension>
  <extension point="xbmc.addon.metadata">
    <summary lang="en">Xtream-Codes IPTV</summary>
    <website>http://www.xtream-codes.com/</website>
    <description lang="en">IPTV Addon for Xteam-Codes iptv panel</description>
    <forum>http://www.xtream-codes.com/forum</forum>
    <email>mikkm@mikkm.ul.ee</email>
    <disclaimer lang="en">You may use and share this addon however you like, you may NOT edit this addon in any way without conesnt of developer. Skype:MikkM</disclaimer>
    <platform>all</platform>
  </extension>
</addon>
