<?xml version="1.0" encoding="UTF-8"?>
    <addon id="hellyrepo.kodi" name="HellyRepo" version="0.2.1" provider-name="Ivo Helwegen">
        <extension point="xbmc.addon.repository" name="HellyRepo">
            <dir minversion="15.0.0">
                <info compressed="false">https://raw.githubusercontent.com/Helly1206/_repo/isengard/addons.xml</info>
                <checksum>https://raw.githubusercontent.com/Helly1206/_repo/isengard/addons.xml.md5</checksum>
                <datadir zip="true">https://raw.githubusercontent.com/Helly1206/_repo/isengard/</datadir>
                <hashes>false</hashes>
            </dir>
            <dir minversion="15.9.0">
                <info compressed="false">https://raw.githubusercontent.com/Helly1206/_repo/master/addons.xml</info>
                <checksum>https://raw.githubusercontent.com/Helly1206/_repo/master/addons.xml.md5</checksum>
                <datadir zip="true">https://raw.githubusercontent.com/Helly1206/_repo/master/</datadir>
                <hashes>false</hashes>
            </dir>
        </extension>
        <extension point="xbmc.addon.metadata">
            <summary>The repository contains addons and scripts to be used with kodi.</summary>
            <description>HellyRepo is a repository that contains addons and scripts to be used with kodi.</description>
            <platform>all</platform>
    </extension>
</addon>
