<?xml version="1.0" encoding="utf-8" standalone="yes"?>
<window id="3002">
    <defaultcontrol>302</defaultcontrol>
    <animation effect="fade" time="350">WindowOpen</animation>
    <animation effect="fade" time="350">WindowClose</animation>
    <zorder>1</zorder>
    <controls>
        <control type="image" id="101">
            <description>Background</description>
            <width>1280</width>
            <height>720</height>
            <visible>true</visible>
            <colordiffuse>FFFFFFFF</colordiffuse>
            <texture border="40">DialogBack.png</texture>
        </control>
        <control type="image" id="102">
            <description>Dialog Header image</description>
            <posx>40</posx>
            <posy>10</posy>
            <width>1280</width>
            <height>50</height>
            <texture>dialogheader.png</texture>
        </control>
        <control type="image" id="103">
            <description>Separator</description>
            <posx>40</posx>
            <posy>80r</posy>
            <width>1225</width>
            <height>2</height>
            <texture>separator.png</texture>
        </control>
        <control type="label" id="201">
            <description>Window Title</description>
            <posx>400</posx> <!-- window width / 2 - label width / 2 -->
            <posy>25</posy>
            <width>800</width>
            <height>20</height>
            <aligny>center</aligny>
        </control>
        <control type="textbox" id="202">
            <description>Rating Details</description>
            <posx>40</posx>
            <posy>70</posy>
            <width>1190</width>
            <height>560</height>
            <align>left</align>
            <colordiffuse>FFFFFFFF</colordiffuse>
            <textcolor>CCFFFFFF</textcolor>
            <pagecontrol>203</pagecontrol>
        </control>
        <control type="scrollbar" id="203">
            <description>Scrollbar for Viewer</description>
            <posx>1240</posx>
            <posy>60</posy>
            <width>25</width>
            <height>580</height>
            <texturesliderbackground border="0,14,0,14">ScrollBarV.png</texturesliderbackground>
            <texturesliderbar border="0,14,0,14">ScrollBarV_bar.png</texturesliderbar>
            <texturesliderbarfocus border="0,14,0,14">ScrollBarV_bar_focus.png</texturesliderbarfocus>
            <textureslidernib>ScrollBarNib.png</textureslidernib>
            <textureslidernibfocus>ScrollBarNib.png</textureslidernibfocus>
            <colordiffuse>FFCCCCCC</colordiffuse>
            <pulseonselect>True</pulseonselect>
            <orientation>vertical</orientation>
            <showonepage>false</showonepage>
            <onleft>301</onleft>
            <onright>303</onright>
        </control>
        <control type="button" id="301">
            <description>Summary Button</description>
            <posx>50</posx>
            <posy>65r</posy>
            <width>250</width>
            <height>40</height>
            <align>center</align>
            <label>$ADDON[script.suitability 32012]</label>
            <texturenofocus border="5">button-nofocus.png</texturenofocus>
            <texturefocus border="5">button-focus.png</texturefocus>
            <onright>302</onright>
            <onleft>303</onleft>
            <onup>203</onup>
            <ondown>203</ondown>
        </control>
        <control type="button" id="302">
            <description>Close Button</description>
            <posx>515</posx>
            <posy>65r</posy>
            <width>250</width>
            <height>40</height>
            <align>center</align>
            <label>$ADDON[script.suitability 32006]</label>
            <texturenofocus border="5">button-nofocus.png</texturenofocus>
            <texturefocus border="5">button-focus.png</texturefocus>
            <onright>303</onright>
            <onleft>301</onleft>
            <onup>203</onup>
            <ondown>203</ondown>
        </control>
        <control type="button" id="303">
            <description>Switch Button</description>
            <posx>970</posx>
            <posy>65r</posy>
            <width>250</width>
            <height>40</height>
            <align>center</align>
            <label>$ADDON[script.suitability 32009]</label>
            <texturenofocus border="5">button-nofocus.png</texturenofocus>
            <texturefocus border="5">button-focus.png</texturefocus>
            <onright>301</onright>
            <onleft>302</onleft>
            <onup>203</onup>
            <ondown>203</ondown>
        </control>
    </controls>
</window>
