<?xml version="1.0" encoding="UTF-8" standalone="yes"?>
<addon id="plugin.video.dex" name="DexterPro IPTV" version="2.30" provider-name="Pipcan,MikkM">
  <requires>
    <import addon="xbmc.python" version="2.1.0"/>
	<import addon="script.module.addon.common" />
	<import addon="script.module.requests" />
	<import addon="script.skin.helper.service" />
    <import addon="script.module.urlresolver" version="0.0.1"/>
  </requires>
  <extension point="xbmc.python.pluginsource" library="init.py">
        <provides>video executable</provides>
  </extension>
  <extension point="xbmc.addon.metadata">
    <summary lang="en">DEXTERPRO IPTV</summary>
    <description lang="en">IPTV Addon for DexterPro</description>
    <platform>all</platform>
  </extension>
</addon>