<?xml version="1.0" encoding="utf-8"?>
<window type="dialog">
    <allowoverlay>no</allowoverlay>
    <defaultcontrol always="false">101</defaultcontrol>
    <coordinates>
        <system>1</system>
        <posx>0</posx>
        <posy>22</posy>
    </coordinates>
    <animation effect="fade" start="0" end="100" time="250">WindowOpen</animation>
    <animation effect="fade" start="100" end="0" time="250">WindowClose</animation>
    <controls>
        <control type="label" id="100">
            <description>tabs visibility marker</description>
            <visible>false</visible>
        </control>

        <control type="image">
            <posx>0</posx>
            <posy>-22</posy>
            <width>1280</width>
            <height>720</height>
            <texture>ontapp-fade.png</texture>
        </control>
        <control type="image">
            <posx>156</posx>
            <posy>72</posy>
            <width>990</width>
            <height>560</height>
            <texture border="20">Wallpaper.jpg</texture>
        </control>

        <control type="label">
            <posx>203</posx>
            <posy>97</posy>
            <width>174</width>
            <height>40</height>
            <label>$ADDON[Andy.script.epg 30600]</label>
            <align>center</align>
			<visible>false</visible>
        </control>

        <control type="button" id="101">
            <posx>200</posx>
            <posy>100</posy>
            <width>170</width>
            <height>30</height>
            <align>center</align>
            <aligny>center</aligny>
            <font>font13</font>
            <textcolor>ffffffff</textcolor>
            <label>$ADDON[Andy.script.epg 30601]</label>
            <texturefocus>ontapp-program-menu-focus.png</texturefocus>
            <texturenofocus>ontapp-program-grey-2.png</texturenofocus>
            <onleft>105</onleft>
            <onright>102</onright>
            <ondown>1001</ondown>
        </control>
        <control type="button" id="102">
            <posx>380</posx>
            <posy>100</posy>
            <width>170</width>
            <height>30</height>
            <align>center</align>
            <aligny>center</aligny>
            <font>font13</font>
            <textcolor>ffffffff</textcolor>
            <label>$ADDON[Andy.script.epg 30602]</label>
            <texturefocus>ontapp-program-menu-focus.png</texturefocus>
            <texturenofocus>ontapp-program-grey-2.png</texturenofocus>
            <onleft>101</onleft>
            <onright>103</onright>
            <ondown>2001</ondown>
        </control>
        <control type="button" id="103">
            <posx>560</posx>
            <posy>100</posy>
            <width>170</width>
            <height>30</height>
            <align>center</align>
            <aligny>center</aligny>
            <font>font13</font>
            <textcolor>ffffffff</textcolor>
            <label>$ADDON[Andy.script.epg 30603]</label>
            <texturefocus>ontapp-program-menu-focus.png</texturefocus>
            <texturenofocus>ontapp-program-grey-2.png</texturenofocus>
            <onleft>102</onleft>
            <onright>104</onright>
            <ondown>3001</ondown>
        </control>
        
        <control type="button" id="104">
            <posx>740</posx>
            <posy>100</posy>
            <width>170</width>
            <height>30</height>
            <align>center</align>
            <aligny>center</aligny>
            <font>font13</font>
            <textcolor>ffffffff</textcolor>
            <label>$ADDON[Andy.script.epg 30608]</label>
            <texturefocus>ontapp-program-menu-focus.png</texturefocus>
            <texturenofocus>ontapp-program-grey-2.png</texturenofocus>
            <onleft>103</onleft>
            <onright>105</onright>
            <ondown>5001</ondown>
        </control>
        
        <control type="button" id="105">
            <posx>920</posx>
            <posy>100</posy>
            <width>173</width>
            <height>30</height>
            <align>center</align>
            <aligny>center</aligny>
            <font>font13</font>
            <textcolor>ffffffff</textcolor>
            <label>$ADDON[Andy.script.epg 30609]</label>
            <texturefocus>ontapp-program-grey-focus.png</texturefocus>
            <texturenofocus>ontapp-program-grey-2.png</texturenofocus>
            <onleft>104</onleft>
            <onright>101</onright>
            <ondown>4001</ondown>
        </control>
        
        

        <control type="group" id="1000">
            <posx>360</posx>
            <posy>140</posy>
            <width>800</width>
            <height>340</height>
            <visible>StringCompare(Control.GetLabel(100),strm)</visible>

            <control type="textbox">
                <posx>-145</posx>
                <posy>5</posy>
                <width>540</width>
                <height>100</height>
				<font>font13</font>
				<textcolor>ffffffff</textcolor>
                <label>$ADDON[Andy.script.epg 30611]</label>
                <wrapmultiline>true</wrapmultiline>
            </control>

            <control type="button" id="1001">
                <posx>-160</posx>
                <posy>100</posy>
                <width>170</width>
                <height>30</height>
                <label>$ADDON[Andy.script.epg 30610]</label>
                <align>center</align>
                <aligny>center</aligny>
                <font>font13</font>
                <textcolor>ffffffff</textcolor>
                <texturefocus>ontapp-program-menu-focus.png</texturefocus>
                <texturenofocus>ontapp-program-grey-2.png</texturenofocus>
                <onup>101</onup>
                <onright>1003</onright>
                <ondown>1003</ondown>
            </control>

            <control type="textbox" id="1005">
                <posx>-145</posx>
                <posy>160</posy>
                <width>860</width>
                <height>100</height>
				<font>font13</font>
				<textcolor>ffffffff</textcolor>
                <wrapmultiline>true</wrapmultiline>
            </control>
            <!--control type="videowindow">
                <posx>650</posx>
                <posy>130</posy>
                <width>600</width>
                <height>330</height>
            </control-->

            <!--control type="button" id="1002">
                <posx>-160</posx>
                <posy>435</posy>
                <width>170</width>
                <height>30</height>
                <align>center</align>
                <aligny>center</aligny>
                <font>font13</font>
                <textcolor>ffffffff</textcolor>
                <label>$ADDON[Andy.script.epg 30604]</label>
                <texturefocus>ontapp-program-menu-focus.png</texturefocus>
                <texturenofocus>ontapp-program-grey-2.png</texturenofocus>
                <onup>101</onup>
                <onleft>1001</onleft>
                <onright>1003</onright>
            </control-->
            <control type="button" id="1003">
                <posx>20</posx>
                <posy>435</posy>
                <width>170</width>
                <height>30</height>
                <align>center</align>
                <aligny>center</aligny>
                <font>font13</font>
                <textcolor>ffffffff</textcolor>
                <label>$ADDON[Andy.script.epg 30605]</label>
                <texturefocus>ontapp-program-menu-focus.png</texturefocus>
                <texturenofocus>ontapp-program-grey-2.png</texturenofocus>
                <onup>101</onup>
                <onleft>1004</onleft>
                <onright>1004</onright>
            </control>
            <control type="button" id="1004">
                <posx>200</posx>
                <posy>435</posy>
                <width>170</width>
                <height>30</height>
                <align>center</align>
                <aligny>center</aligny>
                <font>font13</font>
                <textcolor>ffffffff</textcolor>
                <label>$ADDON[Andy.script.epg 30606]</label>
                <texturefocus>ontapp-program-menu-focus.png</texturefocus>
                <texturenofocus>ontapp-program-grey-2.png</texturenofocus>
                <onup>101</onup>
                <onleft>1003</onleft>
				<onright>1003</onright>
            </control>

        </control>

        <control type="group" id="2000">
            <posx>180</posx>
            <posy>140</posy>
            <width>800</width>
            <height>340</height>
            <visible>StringCompare(Control.GetLabel(100),favourites)</visible>

            <control type="textbox">
                <posx>35</posx>
                <posy>5</posy>
                <width>560</width>
                <height>80</height>
				<font>font13</font>
				<textcolor>ffffffff</textcolor>
                <label>$ADDON[Andy.script.epg 30620]</label>
                <wrapmultiline>true</wrapmultiline>
            </control>

            <control type="list" id="2001">
                <posx>20</posx>
                <posy>56</posy>
                <width>530</width>
                <height>360</height>
                <viewtype label="list">list</viewtype>
                <orientation>vertical</orientation>
                <focusposition>7</focusposition>
                <onleft>102</onleft>
                <onright>2003</onright>

                <itemlayout width="560" height="30">
                    <control type="image">
                        <posx>0</posx>
                        <posy>0</posy>
                        <width>560</width>
                        <height>28</height>
                        <texture>ontapp-program-grey-2.png</texture>
                    </control>
                    <control type="label">
                        <posx>16</posx>
                        <posy>0</posy>
                        <width>560</width>
                        <height>28</height>
                        <aligny>center</aligny>
                        <font>font13</font>
                        <textcolor>ffffffff</textcolor>
                        <info>ListItem.Label</info>
                    </control>
                </itemlayout>
                <focusedlayout width="560" height="30">
                    <control type="image">
                        <posx>0</posx>
                        <posy>0</posy>
                        <width>560</width>
                        <height>28</height>
                        <texture>ontapp-program-grey-2.png</texture>
                        <visible>!Control.HasFocus(2001)</visible>
                    </control>
                    <control type="image">
                        <posx>0</posx>
                        <posy>0</posy>
                        <width>560</width>
                        <height>28</height>
                        <texture>ontapp-program-menu-focus.png</texture>
                        <visible>Control.HasFocus(2001)</visible>
                    </control>
                    <control type="label">
                        <posx>16</posx>
                        <posy>0</posy>
                        <width>560</width>
                        <height>28</height>
                        <aligny>center</aligny>
                        <font>font13</font>
						<textcolor>ffffffff</textcolor>
                        <info>ListItem.Label</info>
                    </control>
                    <control type="image">
                        <posx>501</posx>
                        <posy>1</posy>
                        <width>25</width>
                        <height>25</height>
                        <texture>ontapp-bullet.png</texture>
                    </control>
                </focusedlayout>
            </control>
            <!--control type="videowindow">
                <posx>650</posx>
                <posy>130</posy>
                <width>600</width>
                <height>330</height>
            </control-->
            <!--control type="button" id="2002">
                <posx>20</posx>
                <posy>435</posy>
                <width>170</width>
                <height>30</height>
                <align>center</align>
                <aligny>center</aligny>
                <font>font13</font>
                <textcolor>ffffffff</textcolor>
                <label>$ADDON[Andy.script.epg 30604]</label>
                <texturefocus>ontapp-program-menu-focus.png</texturefocus>
                <texturenofocus>ontapp-program-grey-2.png</texturenofocus>
                <onup>102</onup>
                <onleft>2001</onleft>
                <onright>2003</onright>
            </control-->
            <control type="button" id="2003">
                <posx>200</posx>
                <posy>435</posy>
                <width>170</width>
                <height>30</height>
                <align>center</align>
                <aligny>center</aligny>
                <font>font13</font>
                <textcolor>ffffffff</textcolor>
                <label>$ADDON[Andy.script.epg 30605]</label>
                <texturefocus>ontapp-program-menu-focus.png</texturefocus>
                <texturenofocus>ontapp-program-grey-2.png</texturenofocus>
                <onup>102</onup>
                <onleft>2004</onleft>
                <onright>2004</onright>
            </control>
            <control type="button" id="2004">
                <posx>380</posx>
                <posy>435</posy>
                <width>170</width>
                <height>30</height>
                <align>center</align>
                <aligny>center</aligny>
                <font>font13</font>
                <textcolor>ffffffff</textcolor>
                <label>$ADDON[Andy.script.epg 30606]</label>
                <texturefocus>ontapp-program-menu-focus.png</texturefocus>
                <texturenofocus>ontapp-program-grey-2.png</texturenofocus>
                <onup>102</onup>
                <onleft>2003</onleft>
				<onright>2003</onright>
            </control>

        </control>


        <control type="group" id="3000">
            <posx>195</posx>
            <posy>150</posy>
            <width>1280</width>
            <height>600</height>
            <visible>StringCompare(Control.GetLabel(100),addons)</visible>

            <control type="image">
                <posx>0</posx>
                <posy>0</posy>
                <width>12</width>
                <height>212</height>
                <texture>ontapp-channel-leftarrow.png</texture>
            </control>
            <control type="image">
                <posx>240</posx>
                <posy>0</posy>
                <width>12</width>
                <height>212</height>
                <texture>ontapp-channel-rightarrow.png</texture>
            </control>

            <control type="wraplist" id="3001">
                <posx>20</posx>
                <posy>0</posy>
                <width>212</width>
                <height>212</height>
                <viewtype label="list">list</viewtype>
                <orientation>horizontal</orientation>
                <focusposition>0</focusposition>
                <onup>103</onup>
                <ondown>3002</ondown>

                <itemlayout width="212" height="212">
                    <control type="image">
                        <posx>0</posx>
                        <posy>0</posy>
                        <width>212</width>
                        <height>212</height>
                        <texture>ontapp-program-menu-focus.png</texture>
                    </control>
                    <control type="image">
                        <posx>10</posx>
                        <posy>10</posy>
                        <width>192</width>
                        <height>192</height>
                        <info>ListItem.Icon</info>
                    </control>
                </itemlayout>
                <focusedlayout width="212" height="212">
                    <control type="image">
                        <posx>0</posx>
                        <posy>0</posy>
                        <width>212</width>
                        <height>212</height>
                        <texture>ontapp-program-grey-stream.png</texture>
                        <visible>!Control.HasFocus(3001)</visible>
                    </control>
                    <control type="image">
                        <posx>0</posx>
                        <posy>0</posy>
                        <width>212</width>
                        <height>212</height>
                        <texture>ontapp-program-menu-focus.png</texture>
                        <visible>Control.HasFocus(3001)</visible>
                    </control>
                    <control type="image">
                        <posx>10</posx>
                        <posy>10</posy>
                        <width>192</width>
                        <height>192</height>
                        <info>ListItem.Icon</info>
                    </control>
                </focusedlayout>
            </control>
			<control type="label">
                <posx>10</posx>
                <posy>220</posy>
                <width>310</width>
                <height>180</height>
                <label>Press LEFT/RIGHT to select an addon then DOWN to choose a stream</label>
				<wrapmultiline>true</wrapmultiline>
            </control>
            <control type="label" id="3003">
                <posx>345</posx>
                <posy>0</posy>
                <width>330</width>
                <height>40</height>
                <label>[B]plugin.video.xxx[/B]</label>
            </control>
            <control type="textbox" id="3004">
                <posx>30</posx>
                <posy>290</posy>
                <width>250</width>
                <height>170</height>
                <label>description...</label>
                <wrapmultiline>true</wrapmultiline>
				<visible>false</visible>
                <autoscroll time="3600" delay="6000" repeat="6000">true</autoscroll>
            </control>

            <control type="list" id="3002">
                <posx>330</posx>
                <posy>35</posy>
                <width>530</width>
                <height>359</height>
                <viewtype label="list">list</viewtype>
                <orientation>vertical</orientation>
                <focusposition>7</focusposition>
                <onleft>3001</onleft>
                <onright>3006</onright>

                <itemlayout width="560" height="30">
                    <control type="image">
                        <posx>0</posx>
                        <posy>0</posy>
                        <width>560</width>
                        <height>28</height>
                        <texture>ontapp-program-grey-2.png</texture>
                    </control>
                    <control type="label">
                        <posx>16</posx>
                        <posy>0</posy>
                        <width>560</width>
                        <height>28</height>
                        <aligny>center</aligny>
                        <font>font13</font>
                        <textcolor>ffffffff</textcolor>
                        <info>ListItem.Label</info>
                    </control>
                </itemlayout>
                <focusedlayout width="560" height="30">
                    <control type="image">
                        <posx>0</posx>
                        <posy>0</posy>
                        <width>560</width>
                        <height>28</height>
                        <texture>ontapp-program-grey-2.png</texture>
                        <visible>!Control.HasFocus(3002)</visible>
                    </control>
                    <control type="image">
                        <posx>0</posx>
                        <posy>0</posy>
                        <width>560</width>
                        <height>28</height>
                        <texture>ontapp-program-menu-focus.png</texture>
                        <visible>Control.HasFocus(3002)</visible>
                    </control>
                    <control type="label">
                        <posx>16</posx>
                        <posy>0</posy>
                        <width>560</width>
                        <height>28</height>
                        <aligny>center</aligny>
                        <font>font13</font>
						<textcolor>ffffffff</textcolor>
                        <info>ListItem.Label</info>
                    </control>
                   <control type="image">
                        <posx>501</posx>
                        <posy>1</posy>
                        <width>25</width>
                        <height>25</height>
                        <texture>ontapp-bullet.png</texture>
                    </control>
                </focusedlayout>
            </control>
            <!--control type="videowindow">
                <posx>0</posx>
                <posy>300</posy>
                <width>300</width>
                <height>165</height>
            </control-->
            <!--control type="button" id="3005">
                <posx>330</posx>
                <posy>425</posy>
                <width>170</width>
                <height>30</height>
                <align>center</align>
                <aligny>center</aligny>
                <font>font13</font>
                <textcolor>ffffffff</textcolor>
                <label>$ADDON[Andy.script.epg 30604]</label>
                <texturefocus>ontapp-program-grey-focus.png</texturefocus>
                <texturenofocus>ontapp-program-grey-2.png</texturenofocus>
                <onup>103</onup>
                <onleft>3002</onleft>
                <onright>3006</onright>
            </control-->
            <control type="button" id="3006">
                <posx>510</posx>
                <posy>425</posy>
                <width>170</width>
                <height>30</height>
                <align>center</align>
                <aligny>center</aligny>
                <font>font13</font>
                <textcolor>ffffffff</textcolor>
                <label>$ADDON[Andy.script.epg 30605]</label>
                <texturefocus>ontapp-program-grey-focus.png</texturefocus>
                <texturenofocus>ontapp-program-grey-2.png</texturenofocus>
                <onup>103</onup>
                <onleft>3007</onleft>
                <onright>3007</onright>
            </control>
            <control type="button" id="3007">
                <posx>690</posx>
                <posy>425</posy>
                <width>170</width>
                <height>30</height>
                <align>center</align>
                <aligny>center</aligny>
                <font>font13</font>
                <textcolor>ffffffff</textcolor>
                <label>$ADDON[Andy.script.epg 30606]</label>
                <texturefocus>ontapp-program-grey-focus.png</texturefocus>
                <texturenofocus>ontapp-program-grey-2.png</texturenofocus>
                <onup>103</onup>
                <onleft>3006</onleft>
				<onright>3006</onright>
            </control>

        </control>
        
        
        <control type="group" id="4000">
            <posx>180</posx>
            <posy>140</posy>
            <width>800</width>
            <height>340</height>
            <visible>StringCompare(Control.GetLabel(100),playlist)</visible>

            <control type="list" id="4001">
                <posx>20</posx>
                <posy>56</posy>
                <width>530</width>
                <height>360</height>
                <viewtype label="list">list</viewtype>
                <orientation>vertical</orientation>
                <focusposition>7</focusposition>
                <onleft>104</onleft>
                <onright>4003</onright>

                <itemlayout width="560" height="30">
                    <control type="image">
                        <posx>0</posx>
                        <posy>0</posy>
                        <width>560</width>
                        <height>28</height>
                        <texture>ontapp-program-grey-2.png</texture>
                    </control>
                    <control type="label">
                        <posx>16</posx>
                        <posy>0</posy>
                        <width>560</width>
                        <height>28</height>
                        <aligny>center</aligny>
                        <font>font13</font>
                        <textcolor>ffffffff</textcolor>
                        <info>ListItem.Label</info>
                    </control>
                </itemlayout>
                <focusedlayout width="560" height="30">
                    <control type="image">
                        <posx>0</posx>
                        <posy>0</posy>
                        <width>560</width>
                        <height>28</height>
                        <texture>ontapp-program-grey-2.png</texture>
                        <visible>!Control.HasFocus(4001)</visible>
                    </control>
                    <control type="image">
                        <posx>0</posx>
                        <posy>0</posy>
                        <width>560</width>
                        <height>28</height>
                        <texture>ontapp-program-grey-focus.png</texture>
                        <visible>Control.HasFocus(4001)</visible>
                    </control>
                    <control type="label">
                        <posx>16</posx>
                        <posy>0</posy>
                        <width>560</width>
                        <height>28</height>
                        <aligny>center</aligny>
                        <font>font13</font>
                        <textcolor>ffffffff</textcolor>
                        <info>ListItem.Label</info>
                    </control>
                    <control type="image">
                        <posx>501</posx>
                        <posy>1</posy>
                        <width>25</width>
                        <height>25</height>
                        <texture>ontapp-bullet.png</texture>
                    </control>
                </focusedlayout>
            </control>

            <!--control type="button" id="4002">
                <posx>500</posx>
                <posy>450</posy>
                <width>170</width>
                <height>30</height>
                <align>center</align>
                <aligny>center</aligny>
                <font>font13</font>
                <textcolor>ffffffff</textcolor>
                <label>$ADDON[Andy.script.epg 30604]</label>
                <texturefocus>ontapp-program-grey-focus.png</texturefocus>
                <texturenofocus>ontapp-program-grey-2.png</texturenofocus>
                <onup>105</onup>
                <onleft>4001</onleft>
                <onright>4003</onright>
            </control-->
            <control type="button" id="4003">
                <posx>200</posx>
                <posy>435</posy>
                <width>170</width>
                <height>30</height>
                <align>center</align>
                <aligny>center</aligny>
                <font>font13</font>
                <textcolor>ffffffff</textcolor>
                <label>$ADDON[Andy.script.epg 30605]</label>
                <texturefocus>ontapp-program-grey-focus.png</texturefocus>
                <texturenofocus>ontapp-program-grey-2.png</texturenofocus>
                <onup>105</onup>
                <onleft>4004</onleft>
                <onright>4004</onright>
            </control>
            <control type="button" id="4004">
                <posx>380</posx>
                <posy>435</posy>
                <width>170</width>
                <height>30</height>
                <align>center</align>
                <aligny>center</aligny>
                <font>font13</font>
                <textcolor>ffffffff</textcolor>
                <label>$ADDON[Andy.script.epg 30606]</label>
                <texturefocus>ontapp-program-grey-focus.png</texturefocus>
                <texturenofocus>ontapp-program-grey-2.png</texturenofocus>
                <onup>105</onup>
                <onleft>4003</onleft>
				<onright>4003</onright>
            </control>
        </control>
		
        <control type="group" id="5000">
            <posx>360</posx>
            <posy>140</posy>
            <width>800</width>
            <height>340</height>
            <visible>StringCompare(Control.GetLabel(100),superfave)</visible>

            <control type="textbox">
                <posx>-145</posx>
                <posy>5</posy>
                <width>540</width>
                <height>100</height>
				<font>font13</font>
				<textcolor>ffffffff</textcolor>
                <label>$ADDON[Andy.script.epg 30622]</label>
                <wrapmultiline>true</wrapmultiline>
            </control>

            <control type="button" id="5001">
                <posx>-160</posx>
                <posy>100</posy>
                <width>170</width>
                <height>30</height>
                <label>$ADDON[Andy.script.epg 30610]</label>
                <align>center</align>
                <aligny>center</aligny>
                <font>font13</font>
                <textcolor>ffffffff</textcolor>
                <texturefocus>ontapp-program-menu-focus.png</texturefocus>
                <texturenofocus>ontapp-program-grey-2.png</texturenofocus>
                <onup>104</onup>
                <onright>5003</onright>
                <ondown>5003</ondown>
            </control>

            <control type="textbox" id="5005">
                <posx>-145</posx>
                <posy>160</posy>
                <width>860</width>
                <height>100</height>
				<font>font13</font>
				<textcolor>ffffffff</textcolor>
                <wrapmultiline>true</wrapmultiline>
            </control>
            <!--control type="videowindow">
                <posx>650</posx>
                <posy>130</posy>
                <width>600</width>
                <height>330</height>
            </control-->

            <!--control type="button" id="5002">
                <posx>-160</posx>
                <posy>435</posy>
                <width>170</width>
                <height>30</height>
                <align>center</align>
                <aligny>center</aligny>
                <font>font13</font>
                <textcolor>ffffffff</textcolor>
                <label>$ADDON[Andy.script.epg 30604]</label>
                <texturefocus>ontapp-program-menu-focus.png</texturefocus>
                <texturenofocus>ontapp-program-grey-2.png</texturenofocus>
                <onup>104</onup>
                <onleft>5001</onleft>
                <onright>5003</onright>
            </control-->
            <control type="button" id="5003">
                <posx>20</posx>
                <posy>435</posy>
                <width>170</width>
                <height>30</height>
                <align>center</align>
                <aligny>center</aligny>
                <font>font13</font>
                <textcolor>ffffffff</textcolor>
                <label>$ADDON[Andy.script.epg 30605]</label>
                <texturefocus>ontapp-program-menu-focus.png</texturefocus>
                <texturenofocus>ontapp-program-grey-2.png</texturenofocus>
                <onup>104</onup>
                <onleft>5004</onleft>
                <onright>5004</onright>
            </control>
            <control type="button" id="5004">
                <posx>200</posx>
                <posy>435</posy>
                <width>170</width>
                <height>30</height>
                <align>center</align>
                <aligny>center</aligny>
                <font>font13</font>
                <textcolor>ffffffff</textcolor>
                <label>$ADDON[Andy.script.epg 30606]</label>
                <texturefocus>ontapp-program-menu-focus.png</texturefocus>
                <texturenofocus>ontapp-program-grey-2.png</texturenofocus>
                <onup>104</onup>
                <onleft>5003</onleft>
				<onright>5003</onright>
            </control>

        </control>
    </controls>
</window>