<?xml version="1.0" encoding="UTF-8" standalone="yes"?>
<addon id="plugin.video.dnatv" name="[COLOR darkorange]DNA[/COLOR] [COLOR lightblue]TV[/COLOR]" version="2.0.5" provider-name="Team DNA">
    <requires>
		<import addon="xbmc.python" version="2.14.0"/>		
	</requires>
	<extension point="xbmc.python.pluginsource" library="addon.py">
		<provides>video</provides>
	</extension>
	<extension point="xbmc.service" library="server.py" start="startup" />
	<extension point="xbmc.addon.metadata">
		<platform>all</platform>
		<summary lang="en">DNA TV</summary>
		<description lang="en">IPTV Stalker Clone</description>
		<license>GNU General Public License, v2</license>
		<language></language>
	</extension>
</addon>