<?xml version="1.0" encoding="UTF-8" standalone="yes"?>
<addon id="script.gui.GlassNoxViewsInstaller" name="GlassNox Views Installer"
       version="1.0.7" provider-name="Mikebzh44 (passion-xbmc.org)">
  <requires>
    <import addon="xbmc.python" version="1.0"/>
  </requires>
  <extension point="xbmc.python.script" library="default.py">
    <provides>executable</provides>
  </extension>
  <extension point="xbmc.addon.metadata">
    <summary lang="en">Download and install custom views for GlassNox skin</summary>
    <summary lang="fr">Télécharge et installe les vues personnalisées pour le thème GlassNox</summary>
    <description lang="en">This addon let you browse, download and install custom views for GlassNox skin</description>
    <description lang="fr">Ce programme vous permet de visualiser, télécharger et installer les différentes vues personnalisées disponibles pour le thème GlassNox</description>
    <disclaimer lang="en">Work only on Eden for GlassNox skin</disclaimer>
    <disclaimer lang="fr">Ne fonctionne que sous Eden pour le thème GlassNox</disclaimer>
    <platform>all</platform>
  </extension>
</addon>
