<?xml version="1.0" encoding="UTF-8" standalone="yes"?>
<addon id="repository.providers.quasar" name="Quasar Providers Repo" version="1.0.1.1" provider-name="Eleazar Coding-Mancuniancol">
	<extension point="xbmc.addon.repository" name="Quasi-Stellar-Radio-Source Repo">	   
        <info>http://offshoregit.com/pulsarunofficial/raw/master/addons.xml</info>
        <checksum>http://offshoregit.com/pulsarunofficial/raw/master/addons.xml.md5</checksum>
        <datadir zip="true">http://offshoregit.com/pulsarunofficial/raw/master</datadir>		
	</extension>
	<extension point="xbmc.addon.metadata">
		<summary>Install Quasar and its Providers</summary>
		<description>Download and install Pulsar and Providers</description>
		<disclaimer>The owners and submitters to this repository do not host or distribute any of the content displayed by these addons nor do they have any affiliation with the content providers.</disclaimer>
		<platform>all</platform>
	</extension>
</addon>
