<?xml version="1.0" encoding="UTF-8" standalone="yes"?>
<addon id="plugin.video.youtube.nectv" name="NEC TV" version="1.0" provider-name="vDia Internet Applications">
	<requires>
		<import addon="plugin.video.youtube" version="4.0" optional="false"/>
	</requires>
	<extension point="xbmc.python.pluginsource" library="default.py">
		<provides>video</provides>
	</extension>
	<extension  point="xbmc.addon.metadata">
		<platform>all</platform>
		<summary lang="nl">Bekijk NEC TV op uw XBMC / Kodi.</summary>
		<description lang="nl">Met deze plugin is het mogelijk om NEC TV te bekijken.</description>
		<summary lang="en">Watch NEC TV on your XBMC / Kodi.</summary>
		<description lang="en">This plugin enables you to watch NEC TV on your XBMC / Kodi.</description>
		<disclaimer>Video's zijn intellectueel eigendom van de kanaaleigenaar. Tenzij YouTube anders is overeen gekomen. ;-)</disclaimer>
		<language>nl</language>
	</extension>
</addon>
