<addon id="repository.quasar" name="Quasar Repository" version="0.9.9" provider-name="scakemyer"><requires></requires><extension point="xbmc.addon.repository" name="Quasar Repository"><info compressed="false">http://localhost:65251/repository/scakemyer/plugin.video.quasar/addons.xml</info><checksum>http://localhost:65251/repository/scakemyer/plugin.video.quasar/addons.xml.md5</checksum><datadir zip="true">http://localhost:65251/repository/scakemyer/</datadir></extension><extension point="xbmc.addon.metadata"><platform>all</platform><summary lang="en">GitHub repository for Quasar Updates</summary></extension></addon>