<window>
  <defaultcontrol>1001</defaultcontrol>
  <coordinates>
    <system>1</system>
    <posx>0</posx>
    <posy>0</posy>
  </coordinates>
  <animation effect="fade" time="250">WindowOpen</animation>
  <animation effect="fade" time="250">WindowClose</animation>
  <controls>
    <control type="group">
      <posx>0</posx>
      <posy>0</posy>
      <control type="image">
	<description>Cadre du fond</description>
        <posx>0</posx>   <!-- position du cadre -->
        <posy>0</posy>
	<width>1220</width> <!-- Dimension du cadre -->
        <height>700</height>
        <texture border="40">default-panel.png</texture>
      </control>
      <!-- ** Required ** Do not change <id> or <type> -->
        <control type="image" >
            <description>page header tab icon</description>
            <posx>20</posx>
            <posy>12</posy>
            <width>200</width>
            <height>82</height>
            <texture>icon.png</texture>
        </control>
             


      <control type="label" id="100">
        <description>textarea : texte haut centre</description>
        <posx>200</posx>
        <posy>60</posy>
        <width>690</width>
        <height>40</height>
        <font>font18</font>
        <textcolor>white</textcolor>
        <aligny>center</aligny>
        <align>center</align>
        <wrapmultiline>true</wrapmultiline>
      </control>
      
      <control type="label" id="101">
        <description>textarea : Nx mail</description>
        <posx>1060</posx>
        <posy>60</posy>
        <width>200</width>
        <height>40</height>
        <font>font18</font>
        <textcolor>white</textcolor>
        <aligny>center</aligny>
        <align>right</align>
        <label>(0) New e-mails</label>
      </control>
     
      <control type="label">
        <description>textarea : Partie Update de Listitem (120) EMAIL_LIST, en bas</description>
        <posx>30</posx>
        <posy>620</posy>
        <width>1050</width>
        <height>40</height>
        <font>font18</font>
        <textcolor>white</textcolor>
        <aligny>center</aligny>
        <align>center</align>
        <label>$INFO[Container(120).ListItem.Property(date)]</label>
      </control>
      
      <control type="image">
        <posx>20</posx>
        <posy>110</posy>
        <width>1200</width>
        <height>2</height>
        <texture>GMseparator.png</texture>
      </control>
      <control type="image">
        <posx>20</posx>
        <posy>610</posy>
        <width>1200</width>
        <height>2</height>
        <texture>GMseparator.png</texture>
      </control>
      <control type="image">
        <posx>20</posx>
        <posy>615</posy>
        <width>1200</width>
        <height>2</height>
        <texture>GMseparator.png</texture>
      </control>      
      <control type="image">
        <posx>20</posx>
        <posy>665</posy>
        <width>1200</width>
        <height>2</height>
        <texture>GMseparator.png</texture>
      </control> 
      <control type="image">
        <posx>20</posx>
        <posy>670</posy>
        <width>1200</width>
        <height>2</height>
        <texture>GMseparator.png</texture>
      </control>      
      <!--- Boutons Serveurs MAIL -->
      <control type="button" id="1001">
          <description>Server button control</description>
          <posx>20</posx>
          <posy>126</posy>
          <width>135</width>
          <height>30</height>
          <visible>true</visible>
          <colordiffuse>FFFFFFFF</colordiffuse>
          <texturefocus>default-list-focus.png</texturefocus>
          <texturenofocus>default-list-nofocus.png</texturenofocus>
          <label></label>
          <font>font14</font>
          <textcolor>FFFFFFFF</textcolor>
          <disabledcolor>80FFFFFF</disabledcolor>
          <onup>1003</onup>
          <ondown>1002</ondown>
          <onleft>1004</onleft>
          <onright>120</onright>
      </control>
      <control type="button" id="1002">
          <description>Server button control</description>
          <posx>20</posx>
          <posy>166</posy>
          <width>135</width>
          <height>30</height>
          <visible>true</visible>
          <colordiffuse>FFFFFFFF</colordiffuse>
          <texturefocus>default-list-focus.png</texturefocus>
          <texturenofocus>default-list-nofocus.png</texturenofocus>
          <label></label>
          <font>font14</font>
          <textcolor>FFFFFFFF</textcolor>
          <disabledcolor>80FFFFFF</disabledcolor>
          <onup>1001</onup>
          <ondown>1003</ondown>
          <onleft>1004</onleft>
          <onright>120</onright>
      </control>
      <control type="button" id="1003">
          <description>Server button control</description>
          <posx>20</posx>
          <posy>206</posy>
          <width>135</width>
          <height>30</height>
          <visible>true</visible>
          <colordiffuse>FFFFFFFF</colordiffuse>
          <texturefocus>default-list-focus.png</texturefocus>
          <texturenofocus>default-list-nofocus.png</texturenofocus>
          <label></label>
          <font>font14</font>
          <textcolor>FFFFFFFF</textcolor>
          <disabledcolor>80FFFFFF</disabledcolor>
          <onup>1002</onup>
          <ondown>1004</ondown>
          <onleft>1004</onleft>
          <onright>120</onright>
       </control>
       <!-- Bouton quitter -->
       <control type="button" id="1004">
          <description>Server button control</description>
          <posx>20</posx>
          <posy>256</posy>
          <width>135</width>
          <height>30</height>
          <visible>true</visible>
          <colordiffuse>FFFFFFFF</colordiffuse>
          <texturefocus>default-list-focus.png</texturefocus>
          <texturenofocus>default-list-nofocus.png</texturenofocus>
          <label>Quitter</label>
          <font>font14</font>
          <textcolor>FFFFFFFF</textcolor>
          <disabledcolor>80FFFFFF</disabledcolor>
          <onup>1003</onup>
          <ondown>1001</ondown>
          <onleft>120</onleft>
          <onright>120</onright>
       </control>

       <!-- separation entre list et msgbody -->
       <control type="image">
        <posx>180</posx>
        <posy>250</posy>
        <width>1000</width>
        <height>2</height>
        <texture>GMseparator.png</texture>
      </control>
 
       <!-- Texte du msg -->
       <control type="textbox" id="102">
        <description>textarea : Corps du mail</description>
        <posx>180</posx>
        <posy>250</posy>
        <width>1000</width>
        <height>340</height>
        <font>font18</font>
        <textcolor>white</textcolor>
	<!-- <aligny>center</aligny> -->
        <align>left</align>
	<autoscroll time="3000" delay="4000" repeat="5000">True</autoscroll>
        <label>$INFO[Container(120).ListItem.Property(message)]</label>
      </control>
      

      <!-- ** Required ** Do not change <id> or <type> -->
      <!-- Liste des messages                          -->
      <control type="list" id="120">
        <description>Liste de messages</description>
        <posx>180</posx>
        <posy>126</posy>
        <width>1040</width>
	<height>120</height>
	<onleft>1001</onleft>  <!-- définiton du controle -->
        <onright>1004</onright>
	<!-- <onup>1001</onup>
	<ondown>1003</ondown> -->
        <viewtype label="535">list</viewtype>
        <pagecontrol>121</pagecontrol>
        <scrolltime>200</scrolltime>
	<itemlayout height="38"> <!-- Position des items dans la liste -->
          <control type="image">
            <posx>0</posx>
            <posy>36</posy>
            <width>1040</width>
            <height>2</height>
            <texture border="10">default-list-nofocus.png</texture>
          </control>
          
          <control type="label">
            <posx>10</posx> <!-- position de l'element non selectionne -->
            <posy>0</posy>
            <width>315</width>
            <height>38</height>
            <font>font18</font>
            <aligny>center</aligny>
            <textcolor>white</textcolor>
            <selectedcolor>green</selectedcolor>
            <align>left</align>
            <info>ListItem.Label</info>
          </control>
          
          <control type="label">
            <posx>500</posx> <!-- position de 2eme element non selectionne -->
            <posy>0</posy>
            <width>680</width>
            <height>38</height>
            <font>font18</font>
            <aligny>center</aligny>
            <textcolor>white</textcolor>
            <selectedcolor>green</selectedcolor>
            <align>left</align>
            <info>ListItem.Label2</info>
          </control>

        </itemlayout>
        <focusedlayout height="38">
          <control type="image"> <!-- Image de item selectionne -->
            <posx>0</posx>
            <posy>0</posy>
            <width>490</width>
            <height>38</height>
            <texture border="10">default-list-focus.png</texture>
            <visible>Control.HasFocus(120)</visible>
          </control>
          
          <control type="label">
            <posx>10</posx>
            <posy>0</posy>
            <width>480</width>
            <height>38</height>
            <font>font19</font>
            <aligny>center</aligny>
            <textcolor>white</textcolor>
            <selectedcolor>green</selectedcolor>
            <align>left</align>
            <info>ListItem.Label</info>
          </control>
          
          <control type="label">
            <posx>500</posx>
            <posy>0</posy>
            <width>680</width>
            <height>38</height>
            <font>font18</font>
            <aligny>center</aligny>
            <textcolor>white</textcolor>
            <selectedcolor>green</selectedcolor>
            <align>left</align>
            <info>ListItem.Property(realname)</info>
	  </control>

        </focusedlayout>
      </control>
      <control type="group">
        <posx>1155</posx>
        <posy>126</posy>
        <control type="scrollbar" id="121">
          <description>scroll bar indicator for lists</description>
          <posx>0</posx>
          <posy>0</posy>
          <width>12</width>
          <height>100</height>
          <texturesliderbackground border="6">default-scroll_back.png</texturesliderbackground>
          <texturesliderbar border="6">default-scroll_mid.png</texturesliderbar>
          <texturesliderbarfocus border="6">default-scroll_mid.png</texturesliderbarfocus>
          <textureslidernib>-</textureslidernib>
          <textureslidernibfocus>-</textureslidernibfocus>
          <orientation>vertical</orientation>
          <showonepage>false</showonepage>
          <visible>Control.IsVisible(120)</visible>
        </control>
      </control>

    </control>
  </controls>
</window>
