<?xml version="1.0" encoding="UTF-8" standalone="yes"?>
<addon id="repository.kodilover" name="KodiLover Repo" version="1.0" provider-name="KodiLover">
	<extension point="xbmc.addon.repository" name="KodiLover Repo">
		<info compressed="false">http://kodilover.net16.net/Plugins/addons.xml</info>
		<checksum>http://kodilover.net16.net/Plugins/addons.xml.md5</checksum>
		<datadir zip="true">http://kodilover.net16.net/Plugins/</datadir>
	</extension>
	<extension point="xbmc.addon.metadata">
		<summary>Install Kodi Addons</summary>
		<description>Install Kodi Addons</description>
		<disclaimer>KodiLover</disclaimer>
		<platform>all</platform>
	</extension>
</addon>