<?xml version="1.0" encoding="UTF-8" standalone="yes"?>
<addon id="script.headlines"
       name="headlines"
       version="0.0.9.1"
       provider-name="Senufo">
  <requires>
    <import addon="xbmc.python" version="2.0"/>
    <import addon="service.headlines_daemon" version="0.0.9"/>
  </requires>
  <extension point="xbmc.python.script"
             library="headlines.py" />
  <extension point="xbmc.addon.metadata">
    <summary lang="en">View feed RSS/ATOM</summary>
    <summary lang="fr">Voir les flux RSS/ATOM</summary> 
    <description lang="en">View feed RSS/ATOM</description>
    <description lang="fr">
Voir les flux RSS et ATOM, basé sur :
* multirss (https://github.com/cf2009/multirss)
* rssclient : https://github.com/pieh/pieh-xbmc-addons
* headlines.py : www.freevo.org

Les flux sont définis dans le ficheir RssFeed.xml que vous pouvez éditer en utilisant
le plugin RssEditor ou directment à la main.

Pour récupérer les flux RSS ou ATOM il faut utiliser le service headlines.daemon qui
télécharge les flux en arrièrs plan

Récupére les images en plus du texte. 
Le support vidéo est fonctionnel, pour les liens Youtube il faut le addon vidéo Youtube

Pour le premier lancement je vous conseille d'attendre 15 à 20 minutes en fonction du nombre de
flux que vous avez avant d'essayer de les lire avec ce script. C'est le temps qu'il faut pour headlines_daemon
pour télécharger l'ensemble des flux. C'est d'autant plus long s'il y a beaucoup de commentaires
    </description>
    <platform>all</platform>
  </extension>
</addon>
