﻿<?xml version="1.0" encoding="UTF-8" standalone="yes"?>
<addon id="repository.googlecode.achilles-projects" name="achilles addons" version="1.0.0" provider-name="achilles">
	<extension point="xbmc.addon.repository" name="achilles add-on repository">
		<info compressed="false">http://achilles-projects.googlecode.com/svn/addons/addons.xml</info>
		<checksum>http://achilles-projects.googlecode.com/svn/addons/addons.xml.md5</checksum>
		<datadir zip="true">http://achilles-projects.googlecode.com/svn/addons</datadir>
	</extension>
	<extension point="xbmc.addon.metadata">
		<summary>Install Addons from http://achilles-projects.googlecode.com</summary>
		<description>Download and install addons from achilles repository.</description>
		<platform>all</platform>
	</extension>
</addon>
