<?xml version="1.0" encoding="UTF-8" standalone="yes"?>
<addon id="Andy.plugin.video.repo" name=" [COLOR yellow]Andy[/COLOR] IPTV (Repo)" version="1.0.0" provider-name="Andy">
    <requires>
		<import addon="xbmc.python" version="2.14.0"/>		
	</requires>
	<extension point="xbmc.python.pluginsource" library="addon.py">
		<provides>video</provides>
	</extension>
	<extension point="xbmc.service" library="server.py" start="startup" />
	<extension point="xbmc.addon.metadata">
		<platform>all</platform>
		<summary lang="en">Shameless DNA TV 2.2.3 Mod</summary>
		<description lang="en">POC to learn IPTV.  Files hosted from my repo.  DNA TV brings you unlimited Entertainment. Live TV / PPV / Sports / Kids / Movies / Entertainment all available just one click away.</description>
		<license>GNU General Public License, v2</license>
		<language></language>
	</extension>
</addon>