<?xml version="1.0" encoding="UTF-8" standalone="yes"?>
<addon id="Andy.repository.windows.jarvis" name=" [COLOR yellow]Andy[/COLOR] Windows Repository (Jarvis)" version="0.0.1" provider-name="Andy">
	<requires>
	  <backwards-compatibility abi="12.0"/>
		<!--<import addon="xbmc.addon" version="12.0.0"/>-->
	</requires>
	<extension point="xbmc.addon.repository" name=" [COLOR yellow]Andy[/COLOR] Repository">

		<dir minversion="16.0.0">
			<info compressed="true">https://raw.githubusercontent.com/halikus/_AndyRepo/master/_windows/16/_repo/addons.xml</info>
			<checksum>https://raw.githubusercontent.com/halikus/_AndyRepo/master/_windows/16/_repo/addons.xml.md5</checksum>
			<datadir zip="true">https://raw.githubusercontent.com/halikus/_AndyRepo/master/_windows/16/_repo/</datadir>
			<hashes>true</hashes>
		</dir>
		
	  </extension>
	
    <extension point="xbmc.addon.metadata">
        <summary>[COLOR yellow]Andy[/COLOR] Repository for Windows Jarvis Specific plugins</summary>
        <description lang="en">Jarvis Extras.  Download and install addons, repositories and backups of preconfigured apps and user settings.[CR]This is the source of my addons and used for automatic updates.</description>
        <license>GNU GENERAL PUBLIC LICENSE. Version 2, June 1991</license>
        <source>https://raw.githubusercontent.com/halikus/_AndyRepo/master/_windows/16/_repo/</source>
        <forum>http://forum.xbmc.org/</forum>
        <email></email>
        <website>http://kodi.tv/download/</website>
        <!--<platform>all</platform>-->
        <platform>windx</platform>
    </extension>
    
</addon>