<?xml version="1.0" encoding="UTF-8" standalone="yes"?>
<addon id="script.tv.show.next.aired" name="TV Show - Next Aired" version="6.0.13" provider-name="Ppic|Frost|ronie|`Black|phil65|WayneD">
	<requires>
		<import addon="xbmc.python" version="2.1.0"/>
		<import addon="script.module.simplejson" version="2.0.10"/>
	</requires>
	<extension point="xbmc.python.script" library="default.py">
		<provides>executable</provides>
	</extension>
	<extension point="xbmc.service" library="service.py" start="login"/>
	<extension point="xbmc.addon.metadata">
		<summary lang="bg">Информация за предстоящите ТВ сериали.</summary>
		<summary lang="ca">Agafar informació de les sèries de TV que es retransmetran pròximament.</summary>
		<summary lang="de">Erhalten Sie Infos über die nächsten Ausstrahlungstermine Ihrer Serien.</summary>
		<summary lang="el">Λήψη πληροφοριών για την Επόμενη Προβολή των Τηλ. Σειρών</summary>
		<summary lang="en">Get info for TV Shows Next Aired.</summary>
		<summary lang="en_NZ">Get info for TV Shows Next Aired.</summary>
		<summary lang="en_US">Get info for TV Shows Next Aired.</summary>
		<summary lang="es">Obtener información de las siguientes emisiones de series.</summary>
		<summary lang="es_MX">Obtener información de las siguientes emisiones de series.</summary>
		<summary lang="fr">Récupère les dates de diffusions de vos séries</summary>
		<summary lang="fr_CA">Obtenir les infos de prochaine diffusion des séries télé.</summary>
		<summary lang="gl">Obter a info. das Seguintes Emisións das Series de TV.</summary>
		<summary lang="he">קבל פרטי השידור הבא של תכניות הטלוויזיה.</summary>
		<summary lang="hr">Nabavite informacije za sljedeću emitiranu TV seriju.</summary>
		<summary lang="hu">Információ a sorozatok következő vetítési idejéről.</summary>
		<summary lang="it">Ottieni info per le Serie TV trasmesse prossimamente</summary>
		<summary lang="ko">TV 쇼 방송 일정을 가져옵니다.</summary>
		<summary lang="lt">Gauti TV laidos kitos transliacijos informaciją.</summary>
		<summary lang="nl">Ophalen info voor komende TV shows.</summary>
		<summary lang="no">Hent informasjon om kommende TV-programmer.</summary>
		<summary lang="pl">Pobieraj informacje o</summary>
		<summary lang="pt">Obter info para Próximas Exibições de Séries TV.</summary>
		<summary lang="pt_BR">Saiba sobre próximas exibições de séries de TV.</summary>
		<summary lang="ro">Află despre emisiuni care urmează să fie difuzate</summary>
		<summary lang="ru">Информация о следующих ТВ передачах.</summary>
		<summary lang="sl">Pridobi informacije TV oddaj ki se bodo predvajale.</summary>
		<summary lang="sv">Hämta info för nästa sändning av TV-serier.</summary>
		<summary lang="zh">获取即将播出的剧集的信息。</summary>
		<description lang="bg">Сваля информация за предстоящите ТВ сериали. Вече никога няма да пропускате епизод от ТВ сериали, които следите.</description>
		<description lang="ca">Agafar informació de les sèries de TV que es retransmetran pròximament. No te'n perdràs cap mai més.</description>
		<description lang="de">TV Show Next Aired liefert Termin-Informationen über die anstehenden Episoden der Serien aus der Datenbank. Dazu gibt es eine Wochenansicht mit allen in der nächsten Woche laufenden Episoden sowie (bei vorhandenem Skin Support) die direkte Integration der Informationen in die Ansichten des jeweiligen Skins. Sie werden nie wieder eine Folge verpassen.</description>
		<description lang="el">Λήψη πληροφοριών για την Επόμενη Προβολή των Τηλ. Σειρών. Δε θα ξαναχάσετε επεισόδιο ποτέ.</description>
		<description lang="en">Get info for TV Shows Next Aired. You'll never miss one again.</description>
		<description lang="en_NZ">Get info for TV Shows Next Aired. You'll never miss one again.</description>
		<description lang="en_US">Get info for TV Shows Next Aired. You'll never miss one again.</description>
		<description lang="es">Obtener información de las siguientes emisiones de series. Nunca te perderás una de nuevo.</description>
		<description lang="es_MX">Obtener información de las siguientes emisiones de series. Nunca te perderás una de nuevo.</description>
		<description lang="fr">Ce script interroge votre médiathèque puis vas récupérer les infos sur les prochaines diffusions de vos séries. vous n'en manquerez plus aucune.</description>
		<description lang="fr_CA">Obtenir les infos de prochaine diffusion des séries télé. Vous n'en manquerez plus jamais une.</description>
		<description lang="gl">Obter a info. das Seguintes Emisións das Series de TV. Non esquecerá ningunha.</description>
		<description lang="he">קבל פרטי השידור הבא של תכניות הטלוויזיה. לעולם לא תחמיץ שוב פרק.</description>
		<description lang="hr">Nabavite informacije za sljedeću emitiranu TV seriju. Nikada nećete propustiti nijednu.</description>
		<description lang="hu">Információ a sorozatok következő vetítési idejéről. Soha nem marad le mégegyszer semmiről.</description>
		<description lang="it">Ottieni info per le Serie TV trasmesse prossimamente. Non ne perderai più una.</description>
		<description lang="ko">TV 쇼 방송 일정을 가져옵니다. 놓치는 일은 절대 없을 것입니다.</description>
		<description lang="lt">Gauti TV laidos kitos transliacijos informaciją. Jūs niekada daugiau jos nepraleisite.</description>
		<description lang="nl">Ophalen info voor komende TV shows. Je zult ze nooit meer missen.</description>
		<description lang="no">Få informasjon om neste TV-sending. Du vil aldri gå glipp av en episode igjen.</description>
		<description lang="pl">Informacje o Premierach Programów Telewizyjnych. Nigdy już żadnego nie przegapisz.</description>
		<description lang="pt">Obter info para Próximas Exibições de Séries TV. Nunca mais vai perder uma.</description>
		<description lang="pt_BR">Saiba sobre próximas exibições de séries de TV. Você nunca perderá um episódio.</description>
		<description lang="ro">Află despre emisiuni care urmează să fie difuzate. Nu vei mai rata nici una.</description>
		<description lang="ru">Получает информацию о следующих ТВ передачах. Теперь Вы никогда не пропустите ни одну ТВ передачу.</description>
		<description lang="sl">Pridobi informacije TV oddaj ki se bodo predvajale. Nikoli več ne boste zamudili nobene epizode.</description>
		<description lang="sv">Hämta info för nästa sändning av TV-Serie. Du kommer inte att missa en igen.</description>
		<description lang="zh">获取即将播出的剧集的信息。你不会再错过好节目了。</description>
		<language></language>
		<platform>all</platform>
		<license>GPL v2.0</license>
		<forum>http://forum.xbmc.org/showthread.php?tid=186090</forum>
		<website>http://github.com/WayneD/script.tv.show.next.aired</website>
		<source>https://github.com/WayneD/script.tv.show.next.aired.git</source>
	</extension>
</addon>
