<?xml version="1.0" encoding="UTF-8" standalone="yes"?>
<addon id="Andy.plugin.video.Guide" name="[COLOR yellow]Andy[/COLOR] TV Guide Player" version="2.0" provider-name="Andy">
  <requires>
    <import addon="xbmc.python" version="2.1.0"/>
	<import addon="script.module.addon.common" />
  </requires>
  <extension point="xbmc.python.pluginsource" library="init.py">
        <provides>video executable</provides>
  </extension>
  <extension point="xbmc.addon.metadata">
    <summary lang="en">[COLOR yellow]Andy[/COLOR] TV Guide Player</summary>
    <website>http://</website>
    <description lang="en">Simple program to run straight IPTV links and have them buffer in cache</description>
    <forum>http://</forum>
    <email></email>
    <disclaimer lang="en">There is no reason to edit this file.</disclaimer>
    <platform>all</platform>
  </extension>
</addon>
