<?xml version="1.0" encoding="UTF-8" standalone="yes"?>
<addon id="repository.cloudberry" name="XBMC-Cloudberry Addons" version="1.0.1" provider-name="cloudberry">
	<extension point="xbmc.addon.repository" name="XBMC Cloudberry Addons">
		<info compressed="false">http://cloudberrybox.com/addons/addons.xml</info>
		<checksum>http://cloudberrybox.com/addons/addons.xml.md5</checksum>
		<datadir zip="false">http://cloudberrybox.com/addons/</datadir>
	</extension>
	<extension point="xbmc.addon.metadata">
		<summary>XBMC Addons for Cloudberry</summary>
		<description>This repository contains addons for Cloudberry. If you want to order a Cloudberry Mediabox please visit: http://www.cloudberrybox.com</description>
		<disclaimer>The owners and submitters to this repository do not host or distribute any of the content displayed by these addons nor do they have any affiliation with the content providers.</disclaimer>
		<platform>all</platform>
	</extension>
</addon>

