<?xml version="1.0" encoding="UTF-8" standalone="yes"?>
<addon id="script.module.trakt" name="trakt.py" version="2.5.1" provider-name="Fuzeman, Razzeee">
  <requires>
    <import addon="xbmc.python" version="2.1.0"/>
	<import addon="script.module.requests" version="2.7.0"/>
	<import addon="script.module.six" version="1.9.0"/>
	<import addon="script.module.arrow" version="0.6.0"/>
  </requires>
  <extension point="xbmc.python.module" library="lib"/>
  <extension point="xbmc.addon.metadata">
    <summary>Python interface for the trakt.tv API</summary>
    <description>Packed for Kodi from https://github.com/fuzeman/trakt.py</description>
    <platform>all</platform>
    <language/>
    <license>MIT</license>
    <forum/>
    <website>https://github.com/fuzeman/trakt.py</website>
    <source>https://github.com/Razzeee/script.module.trakt</source>
    <email/>
  </extension>
</addon>
