<?xml version="1.0" encoding="UTF-8"?>
<addon id="game.libretro.stella"
		name="Atari 2600 (Stella)"
		version="3.4.1"
		provider-name="Libretro">
	<requires>
		<import addon="game.libretro" version="1.0.0"/>
	</requires>
	<extension point="kodi.gameclient"
                   library_android="libgame.libretro.stella.so"
                   library_linux="game.libretro.stella.so"
                   library_osx="game.libretro.stella.dylib"
                   library_windx="game.libretro.stella.dll"
                   library_wingl="game.libretro.stella.dll">
		<platforms>Atari 2600</platforms>
		<extensions>a26|bin</extensions>
		<supports_vfs>true</supports_vfs>
		<supports_no_game>false</supports_no_game>
	</extension>
	<extension point="xbmc.addon.metadata">
		<summary lang="en">Stella v3.4.1</summary>
		<description>Stella is a multi-platform Atari 2600 VCS emulator. The Atari 2600 Video Computer System (VCS), introduced in 1977, was the most popular home video game system of the early 1980's.

Supported files: .a26, .bin

Stella was originally developed for Linux by Bradford W. Mott, and is currently maintained by Stephen Anthony.

License: GPLv2</description>
		<platform>all</platform>
		<nofanart>true</nofanart>
	</extension>
</addon>
