<?xml version="1.0" encoding="UTF-8" standalone="yes" ?>
<addon id="Andy.plugin.program.Guide" name="[COLOR yellow]Andy[/COLOR] TV Guide" version="0.0.6" provider-name="Andy">
    <requires>
        <import addon="xbmc.python" version="2.1.0" />
        <import addon="script.module.simplejson" version="2.0.10" />
    </requires>
    <extension point="xbmc.python.script" library="addon.py" />
    <extension point="xbmc.service" library="service.py" start="login" />
    <extension point="xbmc.addon.metadata">
        <provides>video</provides>
        <description lang="en">TV Guide for use with 3rd party channel addons</description>
        <disclaimer lang="en">EPGs Subject to change. Kudos to the original authors. You may need to clear the cache if you experience problems. A good custom addons2.ini is in your best interests.</disclaimer>
    </extension>
</addon>