<?xml version="1.0" encoding="UTF-8" standalone="yes"?>
<addon id="script.headlines_client"
       name="Headlines Client for skinner"
       version="0.0.9.2"
       provider-name="senufo">
  <requires>
          <import addon="xbmc.python" version="2.0"/>
          <import addon="service.headlines_daemon" version="0.0.9"/>
  </requires>
  <extension point="xbmc.python.script"
             library="headlines_client.py" />
  <extension point="xbmc.addon.metadata">
          <summary lang="en">RSS/ATOM Client for skinner</summary>
          <summary lang="fr">RSS/ATOM Client pour inclure vos RSS dans vos skinsr</summary>
          <description lang="en">For skinners to attach RSS feeds into the skins. 
          To learn how to include them please read the file
          </description>
          <description lang="fr">Pour les skinners qui veulent intégrer leur flux RSS dans leurs skins. 
          Pour savoir comment les inclure veuillez lire le fichier README            
          </description>
    <platform>all</platform>
  </extension>
</addon>
