<?xml version="1.0" encoding="UTF-8" standalone="yes"?>
<addon id="repository.metalkettle" name="MetalKettle Add-on Repository" version="1.6.3" provider-name="MetalKettle">
	<extension point="xbmc.addon.repository" name="MetalKettle Add-on Repository">
		<dir>
			<info compressed="false">http://raw.github.com/metalkettle/MetalKettles-Addon-Repository/master/addons.xml</info>
			<checksum>http://raw.github.com/metalkettle/MetalKettles-Addon-Repository/master/addons.xml.md5</checksum>
			<datadir zip="true">http://raw.github.com/metalkettle/MetalKettles-Addon-Repository/master/zips</datadir>
		</dir>
		<info compressed="false">https://offshoregit.com/metalkettle/addons.xml</info>
		<checksum>https://offshoregit.com/metalkettle/addons.xml.md5</checksum>
		<datadir zip="true">https://offshoregit.com/metalkettle/zips</datadir>
	</extension>
	<extension point="xbmc.addon.metadata">
		<summary lang="en">Install Add-ons from MetalKettle</summary>
		<description lang="en">Download and install add-ons from the MetalKettle Repository.</description>
		<platform>all</platform>
	</extension>
</addon>

