<?xml version="1.0" encoding="UTF-8" standalone="yes"?>
<addon id="Andy.plugin.program.Guide" name="[COLOR yellow]Andy[/COLOR] TV Guide" version="0.0.1" provider-name="Andy">
	<requires>
		<import addon="xbmc.python" version="2.1.0"/>
		<import addon="script.module.simplejson" version="2.0.10"/>
	</requires>
	<extension point="xbmc.python.script" library="addon.py"/>
    <extension point="xbmc.service" library="service.py" start="login"/>
	<extension point="xbmc.addon.metadata">
	<provides>video</provides>
		<description lang="en">TV Guide dedicated tv guide for iptv Stalker systems</description>
		<disclaimer lang="en">iVue Tv Based Guide of bandoned 6.24 code.  Ivue Guide is forked and based on FTV Guide, Dixie , Ivue , tommy winthers original code, </disclaimer>
	</extension>
</addon>
