<?xml version="1.0" encoding="UTF-8" standalone="yes"?>
<addon id="repository.pulsarunofficialmirror" name="Pulsar [COLOR red]Unofficial[/COLOR] Repo [COLOR red]Mirror[/COLOR] OLD" version="3.0.3" provider-name="iCanuck">
    <requires>
        <import addon="repository.unofficialquasarmirror" version="1.0.3"/>
    </requires>
	<extension point="xbmc.addon.repository" name="Pulsar Unofficial Repo Mirror">	   
        <info compressed="false">http://offshoregit.com/iCanuck/Unofficial-Pulsar-Repo/raw/maste/addons.xml</info>
        <checksum>http://offshoregit.com/iCanuck/Unofficial-Pulsar-Repo/raw/maste/addons.xml.md5</checksum>
        <datadir zip="true">http://offshoregit.com/iCanuck/Unofficial-Pulsar-Repo/raw/maste/</datadir>		
	</extension>
	<extension point="xbmc.addon.metadata">
		<summary>Install Pulsar and Providers</summary>
		<description>Download and install Pulsar and Providers</description>
		<disclaimer>The owners and submitters to this repository do not host or distribute any of the content displayed by these addons nor do they have any affiliation with the content providers.</disclaimer>
		<platform>all</platform>
		<license>GNU GENERAL PUBLIC LICENSE. Version 3, June 2007</license>
	</extension>
</addon>
