<?xml version="1.0" encoding="UTF-8" standalone="yes"?>
<addon id="plugin.video.VADER" name="Vader-Streams" version="1.0" provider-name="Obi-Wan Kenobi">
  <requires>
    <import addon="xbmc.python" version="2.1.0"/>
	<import addon="script.module.addon.common"/>
  </requires>
  <extension point="xbmc.python.pluginsource" library="init.py">
        <provides>video</provides>
  </extension>
  <extension point="xbmc.addon.metadata">
    <summary lang="en">Vader-Streams</summary>
	<description lang="en_gb">[COLOR red]The Force of Streams![/COLOR]</description>
    <platform>all</platform>
  </extension>
</addon>
