<window type="dialog">
	<zorder>1</zorder>
	<defaultcontrol always="true">9000</defaultcontrol>
	<allowoverlay>no</allowoverlay>

	<controls>
		<control type="group">
			<description>See content on list 9000</description>
			<control type="button" id="24"><description>Add button</description></control>
			<control type="button" id="25"><description>Del button</description></control>
			<control type="button" id="22"><description>Save button</description></control>
			<control type="button" id="23"><description>Cancel button</description></control>
			<visible>false</visible>
		</control>

		<control type="group">
			<posx>90</posx>
			<posy>50</posy>
			<animation type="WindowOpen" reversible="false">
				<effect type="zoom" start="80" end="100" center="640,360" easing="out" tween="back" time="300" />
				<effect type="fade" start="0" end="100" time="300" />
			</animation>
			<animation type="conditional" condition="!Skin.HasSetting(AnimeWindowXMLDialogClose)" reversible="false">
				<effect type="zoom" start="100" end="80" center="640,360" easing="in" tween="back" time="300" />
				<effect type="fade" start="100" end="0" time="300" />
			</animation>
			<control type="image">
				<posx>0</posx>
				<posy>0</posy>
				<width>1100</width>
				<height>640</height>
				<texture border="20">default/DialogBack.png</texture>
			</control>
			<control type="button">
				<description>Close Window button</description>
				<posx>980</posx>
				<posy>9</posy>
				<width>64</width>
				<height>32</height>
				<label>-</label>
				<font>-</font>
				<onclick>PreviousMenu</onclick>
				<texturefocus>default/DialogCloseButton-focus.png</texturefocus>
				<texturenofocus>default/DialogCloseButton.png</texturenofocus>
				<onleft>1</onleft>
				<onright>1</onright>
				<onup>1</onup>
				<ondown>1</ondown>
				<visible>system.getbool(input.enablemouse)</visible>
			</control>
			<control type="image">
				<description>LOGO</description>
				<posx>30</posx>
				<posy>15</posy>
				<width>220</width>
				<height>80</height>
				<aspectratio>keep</aspectratio>
				<texture>default/Confluence_Logo.png</texture>
			</control>

			<control type="list" id="9000">
				<posx>10</posx>
				<posy>90</posy>
				<width>260</width>
				<height>481</height>
				<onleft>9010</onleft>
				<onright>120</onright>
				<onup>9000</onup>
				<ondown>9000</ondown>
				<pagecontrol>-</pagecontrol>
				<scrolltime>300</scrolltime>
				<itemlayout height="80" width="260">
					<control type="image">
						<posx>0</posx>
						<posy>0</posy>
						<width>260</width>
						<height>81</height>
						<texture border="5">default/MenuItemNF.png</texture>
					</control>
					<control type="label">
						<posx>250</posx>
						<posy>15</posy>
						<width>380</width>
						<height>25</height>
						<font>font24_title</font>
						<textcolor>grey3</textcolor>
						<align>right</align>
						<aligny>center</aligny>
						<label>$INFO[ListItem.Label]</label>
						<animation effect="slide" start="0,0" end="0,13" condition="IsEmpty(ListItem.Label2)">Conditional</animation>
					</control>
					<control type="label">
						<posx>250</posx>
						<posy>42</posy>
						<width>870</width>
						<height>25</height>
						<font>font13caps</font>
						<textcolor>grey2</textcolor>
						<align>right</align>
						<aligny>center</aligny>
						<label>$INFO[ListItem.Label2]</label>
					</control>
				</itemlayout>
				<focusedlayout height="80" width="260">
					<control type="image">
						<posx>0</posx>
						<posy>0</posy>
						<width>260</width>
						<height>81</height>
						<texture border="5">default/MenuItemFO.png</texture>
						<animation effect="fade" start="100" end="30" time="100" condition="!Control.HasFocus(9000)">Conditional</animation>
					</control>
					<control type="label">
						<posx>250</posx>
						<posy>15</posy>
						<width>380</width>
						<height>25</height>
						<font>font24_title</font>
						<textcolor>white</textcolor>
						<align>right</align>
						<aligny>center</aligny>
						<label>$INFO[ListItem.Label]</label>
						<animation effect="slide" start="0,0" end="0,13" condition="IsEmpty(ListItem.Label2)">Conditional</animation>
					</control>
					<control type="label">
						<posx>250</posx>
						<posy>42</posy>
						<width>870</width>
						<height>25</height>
						<font>font13caps</font>
						<textcolor>grey2</textcolor>
						<align>right</align>
						<aligny>center</aligny>
						<label>$INFO[ListItem.Label2]</label>
					</control>
				</focusedlayout>
				<content>
					<item>
						<label>15019</label>
						<label2>531</label2>
						<onclick>SendClick(24)</onclick>
					</item>
					<item>
						<label>117</label>
						<label2>$LOCALIZE[515] $INFO[Container(120).ListItem.Label]</label2>
						<onclick>SendClick(25)</onclick>
					</item>
					<item>
						<label>190</label>
						<label2>10507</label2>
						<onclick>SendClick(22)</onclick>
						<visible>!IsEmpty(Window.Property(Update))</visible>
					</item>
					<item>
						<label>222</label>
						<label2>-</label2>
						<onclick>SendClick(23)</onclick>
						<visible>!IsEmpty(Window.Property(Update))</visible>
					</item>
					<item>
						<label>13009</label>
						<label2>-</label2>
						<onclick>PreviousMenu</onclick>
					</item>
				</content>
			</control>

			<control type="image">
				<posx>268</posx>
				<posy>10</posy>
				<width>790</width>
				<height>618</height>
				<texture border="5">default/black-back2.png</texture>
			</control>
			<control type="image">
				<posx>268</posx>
				<posy>10</posy>
				<width>804</width>
				<height>100</height>
				<aspectratio>stretch</aspectratio>
				<texture>default/GlassTitleBar.png</texture>
			</control>
			<control type="label">
				<description>header label</description>
				<posx>300</posx>
				<posy>20</posy>
				<width>740</width>
				<height>30</height>
				<font>font16caps</font>
				<label>XBMC Library Editor - Genre$INFO[Window.Property(Type), - ,]</label>
				<align>left</align>
				<aligny>center</aligny>
				<textcolor>white</textcolor>
				<shadowcolor>black</shadowcolor>
			</control>

			<control type="group" id="9010">
				<control type="list" id="120">
					<posx>290</posx>
					<posy>60</posy>
					<width>750</width>
					<height>441</height>
					<onup>120</onup>
					<ondown>120</ondown>
					<onleft>9000</onleft>
					<onright>61</onright>
					<pagecontrol>61</pagecontrol>
					<scrolltime>200</scrolltime>
					<animation effect="slide" start="0,0" end="10,0" time="0" condition="!Control.IsVisible(61)">Conditional</animation>
					<itemlayout height="40" width="750">
						<control type="image">
							<posx>0</posx>
							<posy>0</posy>
							<width>750</width>
							<height>41</height>
							<texture border="0,2,0,2">default/MenuItemNF.png</texture>
						</control>
						<control type="image">
							<posx>702</posx>
							<posy>8</posy>
							<width>24</width>
							<height>24</height>
							<texture>default/radiobutton-nofocus.png</texture>
							<visible>IsEmpty(Listitem.Icon)</visible>
						</control>
						<control type="image">
							<posx>702</posx>
							<posy>8</posy>
							<width>24</width>
							<height>24</height>
							<texture>default/radiobutton-focus.png</texture>
							<visible>!IsEmpty(Listitem.Icon)</visible>
						</control>
						<control type="label">
							<posx>20</posx>
							<posy>0</posy>
							<width>710</width>
							<height>40</height>
							<font>font13</font>
							<textcolor>grey2</textcolor>
							<selectedcolor>selected</selectedcolor>
							<align>left</align>
							<aligny>center</aligny>
							<label>$INFO[ListItem.Label]</label>
						</control>
					</itemlayout>
					<focusedlayout height="40" width="750">
						<control type="image">
							<posx>0</posx>
							<posy>0</posy>
							<width>750</width>
							<height>41</height>
							<texture border="0,2,0,2">default/MenuItemNF.png</texture>
							<visible>!Control.HasFocus(120)</visible>
							<include>VisibleFadeEffect</include>
						</control>
						<control type="image">
							<posx>0</posx>
							<posy>0</posy>
							<width>750</width>
							<height>41</height>
							<texture border="0,2,0,2">default/MenuItemFO.png</texture>
							<visible>Control.HasFocus(120)</visible>
							<include>VisibleFadeEffect</include>
						</control>
						<control type="image">
							<posx>545</posx>
							<posy>5</posy>
							<width>200</width>
							<height>31</height>
							<texture border="0,0,14,0">default/MediaItemDetailBG.png</texture>
							<visible>Control.HasFocus(120) + !IsEmpty(Listitem.Icon)</visible>
						</control>
						<control type="image">
							<posx>702</posx>
							<posy>8</posy>
							<width>24</width>
							<height>24</height>
							<texture>default/radiobutton-nofocus.png</texture>
							<visible>IsEmpty(Listitem.Icon)</visible>
						</control>
						<control type="image">
							<posx>702</posx>
							<posy>8</posy>
							<width>24</width>
							<height>24</height>
							<texture>default/radiobutton-focus.png</texture>
							<visible>!IsEmpty(Listitem.Icon)</visible>
						</control>
						<control type="label">
							<posx>20</posx>
							<posy>0</posy>
							<width>710</width>
							<height>40</height>
							<font>font13</font>
							<textcolor>white</textcolor>
							<selectedcolor>selected</selectedcolor>
							<align>left</align>
							<aligny>center</aligny>
							<label>$INFO[ListItem.Label]</label>
						</control>
					</focusedlayout>
				</control>
				<control type="scrollbar" id="61">
					<posx>1060</posx>
					<posy>60</posy>
					<width>25</width>
					<height>441</height>
					<texturesliderbackground border="0,14,0,14">default/ScrollBarV.png</texturesliderbackground>
					<texturesliderbar border="0,14,0,14">default/ScrollBarV_bar.png</texturesliderbar>
					<texturesliderbarfocus border="0,14,0,14">default/ScrollBarV_bar_focus.png</texturesliderbarfocus>
					<textureslidernib>default/ScrollBarNib.png</textureslidernib>
					<textureslidernibfocus>default/ScrollBarNib.png</textureslidernibfocus>
					<onleft>120</onleft>
					<onright>9000</onright>
					<showonepage>false</showonepage>
					<orientation>vertical</orientation>
				</control>
			</control>

			<control type="image">
				<posx>268</posx>
				<posy>510</posy>
				<width>790</width>
				<height>118</height>
				<texture border="5">default/black-back2.png</texture>
			</control>
			<control type="textbox">
				<description>Appearance Description</description>
				<posx>300</posx>
				<posy>515</posy>
				<width>740</width>
				<height>100</height>
				<font>font13</font>
				<label>[UPPERCASE][B]$INFO[Window.Property(Title)][/B][/UPPERCASE][CR][CR][B]$LOCALIZE[515]:[/B]  $INFO[Window.Property(Genre)]</label>
				<align>left</align>
				<textcolor>white</textcolor>
				<shadowcolor>black</shadowcolor>
			</control>
		</control>
	</controls>
</window>
