<window type="dialog">
	<zorder>1</zorder>
	<defaultcontrol always="true">9120</defaultcontrol>
	<coordinates>
		<system>1</system>
		<posx>335</posx>
		<posy>35</posy>
	</coordinates>
	<include>dialogeffect</include>
	<controls>
		<control type="group">
			<animation effect="slide" start="0,0" end="0,20" condition="stringcompare(container(3).NumItems,12)">Conditional</animation>
			<animation effect="slide" start="0,0" end="0,40" condition="stringcompare(container(3).NumItems,11)">Conditional</animation>
			<animation effect="slide" start="0,0" end="0,60" condition="stringcompare(container(3).NumItems,10)">Conditional</animation>
			<animation effect="slide" start="0,0" end="0,80" condition="stringcompare(container(3).NumItems,9)">Conditional</animation>
			<animation effect="slide" start="0,0" end="0,100" condition="stringcompare(container(3).NumItems,8)">Conditional</animation>
			<animation effect="slide" start="0,0" end="0,120" condition="stringcompare(container(3).NumItems,7)">Conditional</animation>
			<animation effect="slide" start="0,0" end="0,140" condition="stringcompare(container(3).NumItems,6)">Conditional</animation>
			<animation effect="slide" start="0,0" end="0,160" condition="stringcompare(container(3).NumItems,5)">Conditional</animation>
			<animation effect="slide" start="0,0" end="0,180" condition="stringcompare(container(3).NumItems,4)">Conditional</animation>
			<animation effect="slide" start="0,0" end="0,200" condition="stringcompare(container(3).NumItems,3)">Conditional</animation>
			<animation effect="slide" start="0,0" end="0,220" condition="stringcompare(container(3).NumItems,2)">Conditional</animation>
			<control type="image">
				<description>background image</description>
				<posx>0</posx>
				<posy>0</posy>
				<width>610</width>
				<height>650</height>
				<texture border="40">default/DialogBack.png</texture>
				<animation effect="zoom" start="100" end="0,0,610,615" condition="stringcompare(container(3).NumItems,12)">Conditional</animation>
				<animation effect="zoom" start="100" end="0,0,610,575" condition="stringcompare(container(3).NumItems,11)">Conditional</animation>
				<animation effect="zoom" start="100" end="0,0,610,535" condition="stringcompare(container(3).NumItems,10)">Conditional</animation>
				<animation effect="zoom" start="100" end="0,0,610,495" condition="stringcompare(container(3).NumItems,9)">Conditional</animation>
				<animation effect="zoom" start="100" end="0,0,610,455" condition="stringcompare(container(3).NumItems,8)">Conditional</animation>
				<animation effect="zoom" start="100" end="0,0,610,415" condition="stringcompare(container(3).NumItems,7)">Conditional</animation>
				<animation effect="zoom" start="100" end="0,0,610,375" condition="stringcompare(container(3).NumItems,6)">Conditional</animation>
				<animation effect="zoom" start="100" end="0,0,610,335" condition="stringcompare(container(3).NumItems,5)">Conditional</animation>
				<animation effect="zoom" start="100" end="0,0,610,295" condition="stringcompare(container(3).NumItems,4)">Conditional</animation>
				<animation effect="zoom" start="100" end="0,0,610,255" condition="stringcompare(container(3).NumItems,3)">Conditional</animation>
				<animation effect="zoom" start="100" end="0,0,610,215" condition="stringcompare(Container(3).NumItems,2)">Conditional</animation>
			</control>
			<control type="image">
				<posx>40</posx>
				<posy>10</posy>
				<width>530</width>
				<height>90</height>
				<aspectratio>stretch</aspectratio>
				<texture>default/GlassTitleBar.png</texture>
			</control>
			<control type="button">
				<description>Close Window button</description>
				<posx>520</posx>
				<posy>9</posy>
				<width>64</width>
				<height>32</height>
				<label>-</label>
				<font>-</font>
				<onclick>PreviousMenu</onclick>
				<texturefocus>default/DialogCloseButton-focus.png</texturefocus>
				<texturenofocus>default/DialogCloseButton.png</texturenofocus>
				<onleft>10</onleft>
				<onright>10</onright>
				<onup>10</onup>
				<ondown>10</ondown>
				<visible>system.getbool(input.enablemouse)</visible>
			</control>
			<control type="label">
				<description>header label</description>
				<posx>20</posx>
				<posy>18</posy>
				<width>570</width>
				<height>30</height>
				<font>font13_title</font>
				<label>Set Genre Order</label>
				<align>center</align>
				<aligny>center</aligny>
				<textcolor>white</textcolor>
				<shadowcolor>black</shadowcolor>
			</control>
			<control type="list" id="3">
				<posx>20</posx>
				<posy>60</posy>
				<width>550</width>
				<height>520</height>
				<onup>3</onup>
				<ondown>3</ondown>
				<onleft>9000</onleft>
				<onright>9120</onright>
				<pagecontrol>61</pagecontrol>
				<scrolltime>0</scrolltime>
				<animation effect="slide" start="0,0" end="10,0" time="0" condition="!Control.IsVisible(61)">Conditional</animation>
				<itemlayout height="40" width="550">
					<control type="image">
						<posx>0</posx>
						<posy>0</posy>
						<width>550</width>
						<height>41</height>
						<texture border="0,2,0,2">default/MenuItemNF.png</texture>
					</control>
					<control type="label">
						<posx>20</posx>
						<posy>0</posy>
						<width>510</width>
						<height>40</height>
						<font>font13</font>
						<textcolor>grey2</textcolor>
						<selectedcolor>selected</selectedcolor>
						<align>left</align>
						<aligny>center</aligny>
						<label>$INFO[ListItem.Label]</label>
					</control>
				</itemlayout>
				<focusedlayout height="40" width="550">
					<control type="image">
						<posx>0</posx>
						<posy>0</posy>
						<width>550</width>
						<height>41</height>
						<texture border="0,2,0,2">default/MenuItemFO.png</texture>
						<animation effect="fade" start="100" end="30" time="100" condition="![Control.HasFocus(3) | Controlgroup(9120).HasFocus]">Conditional</animation>
					</control>
					<control type="image">
						<posx>345</posx>
						<posy>3</posy>
						<width>200</width>
						<height>34</height>
						<texture border="0,0,14,0">default/MediaItemDetailBG.png</texture>
						<include>VisibleFadeEffect</include>
						<visible>[Control.HasFocus(3) | Controlgroup(9120).HasFocus]</visible>
					</control>
					<control type="label">
						<posx>20</posx>
						<posy>0</posy>
						<width>310</width>
						<height>40</height>
						<font>font13</font>
						<textcolor>white</textcolor>
						<selectedcolor>selected</selectedcolor>
						<align>left</align>
						<aligny>center</aligny>
						<label>$INFO[ListItem.Label]</label>
					</control>
					<control type="label">
						<posx>450</posx>
						<posy>0</posy>
						<width>200</width>
						<height>40</height>
						<font>font13</font>
						<textcolor>grey2</textcolor>
						<align>right</align>
						<aligny>center</aligny>
						<label>Click to Move Down</label>
						<visible>Control.HasFocus(9121)</visible>
					</control>
					<control type="label">
						<posx>450</posx>
						<posy>0</posy>
						<width>200</width>
						<height>40</height>
						<font>font13</font>
						<textcolor>grey2</textcolor>
						<align>right</align>
						<aligny>center</aligny>
						<label>Click to Move Up</label>
						<visible>Control.HasFocus(9122)</visible>
					</control>
				</focusedlayout>
			</control>
			<control type="group" id="9120">
				<posx>484</posx>
				<posy>69</posy>
				<animation effect="slide" start="0,0" end="10,0" condition="!Control.IsVisible(61)">Conditional</animation>
				<animation effect="slide" start="0,0" end="0,40" condition="stringcompare(container(3).position,1)">Conditional</animation>
				<animation effect="slide" start="0,0" end="0,80" condition="stringcompare(container(3).position,2)">Conditional</animation>
				<animation effect="slide" start="0,0" end="0,120" condition="stringcompare(container(3).position,3)">Conditional</animation>
				<animation effect="slide" start="0,0" end="0,160" condition="stringcompare(container(3).position,4)">Conditional</animation>
				<animation effect="slide" start="0,0" end="0,200" condition="stringcompare(container(3).position,5)">Conditional</animation>
				<animation effect="slide" start="0,0" end="0,240" condition="stringcompare(container(3).position,6)">Conditional</animation>
				<animation effect="slide" start="0,0" end="0,280" condition="stringcompare(container(3).position,7)">Conditional</animation>
				<animation effect="slide" start="0,0" end="0,320" condition="stringcompare(container(3).position,8)">Conditional</animation>
				<animation effect="slide" start="0,0" end="0,360" condition="stringcompare(container(3).position,9)">Conditional</animation>
				<animation effect="slide" start="0,0" end="0,400" condition="stringcompare(container(3).position,10)">Conditional</animation>
				<animation effect="slide" start="0,0" end="0,440" condition="stringcompare(container(3).position,11)">Conditional</animation>
				<animation effect="slide" start="0,0" end="0,480" condition="stringcompare(container(3).position,12)">Conditional</animation>
				<control type="button" id="9121">
					<description>Menu Item Prev Button</description>
					<hitrect x="-484" y="-9" w="517" h="41" />
					<posx>0</posx>
					<posy>0</posy>
					<width>33</width>
					<height>22</height>
					<label>-</label>
					<font>-</font>
					<texturenofocus>default/scroll-down-2.png</texturenofocus>
					<texturefocus>default/scroll-down-focus-2.png</texturefocus>
					<onleft>9000</onleft>
					<onright>9122</onright>
					<onup>Control.Move(3,-1)</onup>
					<ondown>Control.Move(3,1)</ondown>
				</control>
				<control type="button" id="9122">
					<description>Menu Item Next Button</description>
					<hitrect x="33" y="-9" w="66" h="41" />
					<posx>33</posx>
					<posy>0</posy>
					<width>33</width>
					<height>22</height>
					<label>-</label>
					<font>-</font>
					<texturenofocus>default/scroll-up-2.png</texturenofocus>
					<texturefocus>default/scroll-up-focus-2.png</texturefocus>
					<onleft>9121</onleft>
					<onright>61</onright>
					<onup>Control.Move(3,-1)</onup>
					<ondown>Control.Move(3,1)</ondown>
				</control>
			</control>
			<control type="scrollbar" id="61">
				<posx>570</posx>
				<posy>60</posy>
				<width>25</width>
				<height>520</height>
				<texturesliderbackground border="0,14,0,14">default/ScrollBarV.png</texturesliderbackground>
				<texturesliderbar border="0,14,0,14">default/ScrollBarV_bar.png</texturesliderbar>
				<texturesliderbarfocus border="0,14,0,14">default/ScrollBarV_bar_focus.png</texturesliderbarfocus>
				<textureslidernib>default/ScrollBarNib.png</textureslidernib>
				<textureslidernibfocus>default/ScrollBarNib.png</textureslidernibfocus>
				<onleft>9120</onleft>
				<onright>9000</onright>
				<ondown>61</ondown>
				<onup>61</onup>
				<showonepage>false</showonepage>
				<orientation>vertical</orientation>
			</control>
			<control type="group" id="9000">
				<posx>20</posx>
				<posy>590</posy>
				<animation effect="slide" start="0,0" end="0,-30" condition="stringcompare(container(3).NumItems,12)">Conditional</animation>
				<animation effect="slide" start="0,0" end="0,-70" condition="stringcompare(container(3).NumItems,11)">Conditional</animation>
				<animation effect="slide" start="0,0" end="0,-110" condition="stringcompare(container(3).NumItems,10)">Conditional</animation>
				<animation effect="slide" start="0,0" end="0,-150" condition="stringcompare(container(3).NumItems,9)">Conditional</animation>
				<animation effect="slide" start="0,0" end="0,-190" condition="stringcompare(container(3).NumItems,8)">Conditional</animation>
				<animation effect="slide" start="0,0" end="0,-230" condition="stringcompare(container(3).NumItems,7)">Conditional</animation>
				<animation effect="slide" start="0,0" end="0,-270" condition="stringcompare(container(3).NumItems,6)">Conditional</animation>
				<animation effect="slide" start="0,0" end="0,-310" condition="stringcompare(container(3).NumItems,5)">Conditional</animation>
				<animation effect="slide" start="0,0" end="0,-350" condition="stringcompare(container(3).NumItems,4)">Conditional</animation>
				<animation effect="slide" start="0,0" end="0,-390" condition="stringcompare(container(3).NumItems,3)">Conditional</animation>
				<animation effect="slide" start="0,0" end="0,-430" condition="stringcompare(container(3).NumItems,2)">Conditional</animation>
				<control type="image">
					<description>separator image</description>
					<posx>-20</posx>
					<posy>-10</posy>
					<width>610</width>
					<height>1</height>
					<texture>default/separator2.png</texture>
					<colordiffuse>grey3</colordiffuse>
				</control>
				<control type="label">
					<description>number of files/pages in list text label</description>
					<posx>560</posx>
					<posy>2</posy>
					<width>300</width>
					<height>35</height>
					<font>font12</font>
					<align>right</align>
					<aligny>center</aligny>
					<scroll>true</scroll>
					<textcolor>grey</textcolor>
					<label>([COLOR=blue]$INFO[Container(3).NumItems][/COLOR]) $LOCALIZE[31025] - $LOCALIZE[31024] ([COLOR=blue]$INFO[Container(3).CurrentPage]/$INFO[Container(3).NumPages][/COLOR])</label>
					<visible>Control.IsVisible(3)</visible>
				</control>
				<control type="button" id="5">
					<description>OK button</description>
					<posx>0</posx>
					<posy>0</posy>
					<width>180</width>
					<height>40</height>
					<label>186</label>
					<font>font12_title</font>
					<textcolor>white</textcolor>
					<focusedcolor>white</focusedcolor>
					<align>center</align>
					<texturenofocus border="5">default/MenuItemNF.png</texturenofocus>
					<texturefocus border="5">default/button-focus.png</texturefocus>
					<onleft>6</onleft>
					<onright>6</onright>
					<onup>9120</onup>
					<ondown>9120</ondown>
				</control>
				<control type="button" id="6">
					<description>Cancel button</description>
					<posx>180</posx>
					<posy>0</posy>
					<width>180</width>
					<height>40</height>
					<label>222</label>
					<font>font12_title</font>
					<textcolor>white</textcolor>
					<focusedcolor>white</focusedcolor>
					<align>center</align>
					<texturenofocus border="5">default/MenuItemNF.png</texturenofocus>
					<texturefocus border="5">default/button-focus.png</texturefocus>
					<onleft>5</onleft>
					<onright>5</onright>
					<onup>9120</onup>
					<ondown>9120</ondown>
				</control>
			</control>
		</control>
	</controls>
</window>
