<window>
<defaultcontrol always="true">5051</defaultcontrol>
<controls>
	<control type="image" id="5010">
		<description>background image</description>
		<posx>0</posx>
		<posy>0</posy>
		<width>1280</width>
		<height>720</height>
		<fadetime>1000</fadetime>
		<texture background="true" fallback="background.jpg" />
		<animation effect="fade" start="0" end="100" time="500">WindowOpen</animation>
		<animation effect="fade" start="100" end="0" time="200">WindowClose</animation>
		<visible>!Skin.HasSetting(bg-MULTIRSS)</visible>
	</control>
	<control type="multiimage">
		<posx>0</posx>
		<posy>0</posy>
		<width>1280</width>
		<height>720</height>
		<timeperimage>20000</timeperimage>
		<randomize>true</randomize>
		<fadetime>1000</fadetime>
		<imagepath background="true">$INFO[Skin.String(bg-MULTIRSS-s)]</imagepath>
		<visible>Skin.HasSetting(bg-MULTIRSS)</visible>
	</control>
<!-- settings LIST -->
	<control type="group">
		<animation effect="slide" start="0,0" end="390,0" time="400" tween="cubic" easing="inout" condition="Control.HasFocus(4050)">Conditional</animation>
		<animation effect="fade" start="0" end="100" time="500">WindowOpen</animation>
		<animation effect="fade" start="100" end="0" time="200">WindowClose</animation>
		<posx>-350</posx>
		<control type="image">
			<description>background image</description>
			<posx>0</posx>
			<posy>60</posy>
			<width>260</width>
			<height>590</height>
			<texture border="40">textbox1.png</texture>
		</control>
	<!-- 4050 -->
		<control type="list" id="4050">
			<posx>20</posx>
			<posy>90</posy>
			<width>220</width>
			<height>490</height>
			<onleft>5052</onleft>
			<onright>5051</onright>
			<onup>4050</onup>
			<ondown>4050</ondown>
			<pagecontrol>25</pagecontrol>
			<orientation>vertical</orientation>
			<scrolltime>200</scrolltime>
			<itemgap>0</itemgap>
			<itemlayout height="30" width="220">
				<control type="label">
					<posx>10</posx>
					<posy>5</posy>
					<width>200</width>
					<height>20</height>
					<font>Font_ListObjects</font>
					<align>left</align>
					<aligny>center</aligny>
					<info>ListItem.Label</info>
					<textcolor>68000000</textcolor>
				</control>
				<control type="image">
					<posx>5</posx>
					<posy>30</posy>
					<width>210</width>
					<height>1</height>
					<texture>line_1.png</texture>
				</control>
			</itemlayout>
			<focusedlayout height="30" width="220">
				<control type="label">
					<posy>5</posy>
					<posx>10</posx>
					<height>20</height>
					<width>200</width>
					<aligny>center</aligny>
					<font>Font_ListObjects</font>
					<textcolor>68000000</textcolor>
					<info>ListItem.Label</info>
					<animation effect="fade" start="100" end="0" time="200">Focus</animation>
					<animation effect="fade" start="0" end="100" time="200">Unfocus</animation>
				</control>
				<control type="label">
					<posy>5</posy>
					<posx>10</posx>
					<height>20</height>
					<width>200</width>
					<aligny>center</aligny>
					<font>Font_ListObjects</font>
					<textcolor>ff000000</textcolor>
					<info>ListItem.Label</info>
					<animation effect="fade" start="0" end="100" time="200">Focus</animation>
					<animation effect="fade" start="100" end="0" time="200">Unfocus</animation>
				</control>
				<control type="label">
					<visible>!control.HasFocus(5052)</visible>
					<posy>5</posy>
					<posx>10</posx>
					<height>20</height>
					<width>200</width>
					<aligny>center</aligny>
					<font>Font_ListObjects</font>
					<textcolor>44000000</textcolor>
					<info>ListItem.Label</info>
					<animation effect="fade" start="100" end="0" time="200">Visible</animation>
					<animation effect="fade" start="0" end="100" time="200">Hidden</animation>
				</control>
				<control type="image">
					<posx>5</posx>
					<posy>30</posy>
					<width>210</width>
					<height>1</height>
					<texture>line_1.png</texture>
				</control>
			</focusedlayout>
			<content>
			<!-- Temp Background Button -->
				<item id="1">
					<label>background slideshow</label>
					<onclick>Skin.ToggleSetting(bg-MULTIRSS)</onclick>
					<onclick>Skin.SetPath(bg-MULTIRSS-s)</onclick>
					<visible>!Skin.HasSetting(bg-MULTIRSS)</visible>
				</item>
				<item id="1">
					<label>Reset background</label>
					<onclick>Skin.Reset(bg-MULTIRSS)</onclick>
					<onclick>Skin.Reset(bg-MULTIRSS-s)</onclick>
					<visible>Skin.HasSetting(bg-MULTIRSS)</visible>
				</item>
			</content>
		</control>
	</control>
		
	<control type="group">
		<animation effect="slide" start="0,0" end="40,0" time="300" tween="cubic" easing="inout" condition="Control.HasFocus(5052)|Control.HasFocus(5053)|Control.HasFocus(54050)">Conditional</animation>
		<animation effect="slide" start="0,0" end="0,-30" time="300" tween="cubic" easing="inout" condition="Control.HasFocus(61)">Conditional</animation>
		<animation effect="fade" start="0" end="100" time="500">WindowOpen</animation>
		<animation effect="fade" start="100" end="0" time="200">WindowClose</animation>
		<posx>290</posx>

		<control type="image">
			<description>background image</description>
			<posx>0</posx>
			<posy>310</posy>
			<width>750</width>
			<height>370</height>
			<texture border="40">textbox1.png</texture>
		</control>

	<!-- CONTROL_RSSITEM_DATE 5003 -->
		<control type="label" id="5003">
			<posx>40</posx>
			<posy>360</posy>
			<width>650</width>
			<height>20</height>
			<align>left</align>
			<aligny>center</aligny>
			<font>Font_WeatherLabel</font>
			<textcolor>68000000</textcolor>
		</control>
	<!-- CONTROL_RSSITEM_TITLE 5004 -->
		<control type="label" id="5004">
			<posx>40</posx>
			<posy>340</posy>
			<width>650</width>
			<height>20</height>
			<align>left</align>
			<aligny>center</aligny>
			<font>Font_WeatherTitle</font>
			<textcolor>aa000000</textcolor>
		</control>
		<control type="image">
			<posx>30</posx>
			<posy>385</posy>
			<width>610</width>
			<height>1</height>
			<texture>line_1.png</texture>
		</control>
	<!-- CONTROL_RSSITEM_DESC 5005 -->
		<control type="textbox" id="5005">
			<posx>40</posx>
			<posy>385</posy>
			<width>650</width>
			<height>255</height>
			<font>Font_ListObjects</font>
			<textcolor>aa000000</textcolor>
			<onleft>5051</onleft>
			<onright>5053</onright>
			<onup>5053</onup>
			<ondown>5053</ondown>
			<pagecontrol>61</pagecontrol>
			<autoscroll delay="8000" time="2000" repeat="10000">!Control.HasFocus(61)</autoscroll>
		</control>
		<control type="scrollbar" id="61">
			<posx>680</posx>
			<posy>390</posy>
			<width>67</width>
			<height>250</height>
			<texturesliderbackground>scrollbar/scrollbarback.png</texturesliderbackground>
			<texturesliderbar>-</texturesliderbar>
			<texturesliderbarfocus>-</texturesliderbarfocus>
			<textureslidernib>scrollbar/scrollbarnub-nf.png</textureslidernib>
			<textureslidernibfocus>scrollbar/scrollbarnub-f.png</textureslidernibfocus>
			<pulseonselect></pulseonselect>
			<orientation>vertical</orientation>
			<showonepage>false</showonepage>
			<onup>61</onup>
			<ondown>61</ondown>
			<onleft>5053</onleft>
			<onright>5051</onright>
			<animation effect="fade" start="0" end="100" time="500">WindowOpen</animation>
			<animation effect="fade" start="100" end="0" time="200">WindowClose</animation>
		</control>
<!-- ---- --> 
		<control type="image">
			<description>background image</description>
			<posx>0</posx>
			<posy>60</posy>
			<width>750</width>
			<height>260</height>
			<texture border="40">textbox1.png</texture>
		</control>
		<control type="label">
			<posx>40</posx>
			<posy>90</posy>
			<width>630</width>
			<height>10</height>
			<font>Font_WeatherLabel</font>
			<align>left</align>
			<aligny>center</aligny>
			<label>Latest Headlines From :</label>
			<textcolor>aa000000</textcolor>
		</control>
		<control type="label">
			<posx>40</posx>
			<posy>105</posy>
			<width>630</width>
			<height>20</height>
			<font>Font_WeatherTitle</font>
			<align>left</align>
			<aligny>center</aligny>
			<label>$INFO[Container(5053).ListItem.Label] - $INFO[Container(5052).ListItem.Label]</label>
			<textcolor>68000000</textcolor>
		</control>
		<control type="image">
			<posx>30</posx>
			<posy>130</posy>
			<width>660</width>
			<height>1</height>
			<texture>line_1.png</texture>
		</control>
	<!-- CONTROL_RSSITEM_LIST 5051 -->
		<control type="list" id="5051">
			<visible>true</visible>
			<posx>30</posx>
			<posy>135</posy>
			<width>650</width>
			<height>145</height>
			<onleft>5052</onleft>
			<onright>60</onright>

			<onup>5051</onup>
			<ondown>5051</ondown>
			<pagecontrol>60</pagecontrol>
			<orientation>vertical</orientation>
			<scrolltime>200</scrolltime>
			<itemgap>0</itemgap>
			<itemlayout height="30" width="650">
				<control type="label">
					<posx>10</posx>
					<posy>5</posy>
					<width>630</width>
					<height>20</height>
					<font>Font_ListObjects</font>
					<align>left</align>
					<aligny>center</aligny>
					<info>ListItem.Label</info>
					<textcolor>68000000</textcolor>
				</control>
				<control type="image">
					<posx>0</posx>
					<posy>30</posy>
					<width>650</width>
					<height>1</height>
					<texture>line_1.png</texture>
				</control>
			</itemlayout>
			<focusedlayout height="30" width="650">
				<control type="label">
					<posy>5</posy>
					<posx>10</posx>
					<height>20</height>
					<width>630</width>
					<aligny>center</aligny>
					<font>Font_ListObjects</font>
					<textcolor>68000000</textcolor>
					<info>ListItem.Label</info>
					<animation effect="fade" start="100" end="0" time="200">Focus</animation>
					<animation effect="fade" start="0" end="100" time="200">Unfocus</animation>
				</control>
				<control type="label">
					<posy>5</posy>
					<posx>10</posx>
					<height>20</height>
					<width>630</width>
					<aligny>center</aligny>
					<font>Font_ListObjects</font>
					<textcolor>ff000000</textcolor>
					<info>ListItem.Label</info>
					<animation effect="fade" start="0" end="100" time="200">Focus</animation>
					<animation effect="fade" start="100" end="0" time="200">Unfocus</animation>
				</control>
				<control type="label">
					<visible>!control.HasFocus(5051)</visible>
					<posy>5</posy>
					<posx>10</posx>
					<height>20</height>
					<width>630</width>
					<aligny>center</aligny>
					<font>Font_ListObjects</font>
					<textcolor>44000000</textcolor>
					<info>ListItem.Label</info>
					<animation effect="fade" start="100" end="0" time="200">Visible</animation>
					<animation effect="fade" start="0" end="100" time="200">Hidden</animation>
				</control>
				<control type="image">
					<posx>0</posx>
					<posy>30</posy>
					<width>650</width>
					<height>1</height>
					<texture>line_1.png</texture>
				</control>
			</focusedlayout>
		</control>
		<control type="scrollbar" id="60">
			<posx>680</posx>
			<posy>130</posy>
			<width>67</width>
			<height>150</height>
			<texturesliderbackground>scrollbar/scrollbarback.png</texturesliderbackground>
			<texturesliderbar>-</texturesliderbar>
			<texturesliderbarfocus>-</texturesliderbarfocus>
			<textureslidernib>scrollbar/scrollbarnub-nf.png</textureslidernib>
			<textureslidernibfocus>scrollbar/scrollbarnub-f.png</textureslidernibfocus>
			<pulseonselect></pulseonselect>
			<orientation>vertical</orientation>
			<showonepage>true</showonepage>
			<onup>60</onup>
			<ondown>60</ondown>
			<onleft>5051</onleft>
			<onright>61</onright>
			<animation effect="fade" start="0" end="100" time="500">WindowOpen</animation>
			<animation effect="fade" start="100" end="0" time="200">WindowClose</animation>
		</control>
	</control>
<!-- Category -->
	<control type="group">
		<visible>control.HasFocus(5053)</visible>
		<posx>68</posx>
		<posy>0</posy>
		<animation effect="fade" start="0" end="100" time="200">Visible</animation>
		<animation effect="fade" start="100" end="0" time="200">Hidden</animation>
		<animation effect="fade" start="0" end="100" time="500">WindowOpen</animation>
		<animation effect="fade" start="100" end="0" time="200">WindowClose</animation>
		<control type="image">
			<width>305</width>
			<height>35</height>
			<texture>button_nf.png</texture>
		</control>
		<control type="label">
			<posx>10</posx>
			<posy>2</posy>
			<height>20</height>
			<width>285</width>
			<aligny>center</aligny>
			<align>center</align>
			<font>Font_WeatherLabel</font>
			<textcolor>aa000000</textcolor>
			<label>CATEGORY</label>
		</control>
	</control>
<!-- FEEDS -->
	<control type="group">
		<visible>control.HasFocus(5052)</visible>
		<posx>68</posx>
		<posy>0</posy>
		<animation effect="fade" start="0" end="100" time="200">Visible</animation>
		<animation effect="fade" start="100" end="0" time="200">Hidden</animation>
		<animation effect="fade" start="0" end="100" time="500">WindowOpen</animation>
		<animation effect="fade" start="100" end="0" time="200">WindowClose</animation>
		<control type="image">
			<width>305</width>
			<height>35</height>
			<texture>button_nf.png</texture>
		</control>
		<control type="label">
			<posx>10</posx>
			<posy>2</posy>
			<height>20</height>
			<width>285</width>
			<aligny>center</aligny>
			<align>center</align>
			<font>Font_WeatherLabel</font>
			<textcolor>aa000000</textcolor>
			<label>FEEDS</label>
		</control>
	</control>
<!-- SETTING -->
	<control type="group">
		<visible>control.HasFocus(4050)</visible>
		<posx>68</posx>
		<posy>0</posy>
		<animation effect="fade" start="0" end="100" time="200">Visible</animation>
		<animation effect="fade" start="100" end="0" time="200">Hidden</animation>
		<animation effect="fade" start="0" end="100" time="500">WindowOpen</animation>
		<animation effect="fade" start="100" end="0" time="200">WindowClose</animation>
		<control type="image">
			<width>305</width>
			<height>35</height>
			<texture>button_nf.png</texture>
		</control>
		<control type="label">
			<posx>10</posx>
			<posy>2</posy>
			<height>20</height>
			<width>285</width>
			<aligny>center</aligny>
			<align>center</align>
			<font>Font_WeatherLabel</font>
			<textcolor>aa000000</textcolor>
			<label>SETTINGS</label>
		</control>
	</control>
<!-- FEED LIST -->
	<control type="group">
		<animation effect="slide" start="0,0" end="390,0" time="400" tween="cubic" easing="inout" condition="Control.HasFocus(5052)">Conditional</animation>
		<animation effect="fade" start="0" end="100" time="500">WindowOpen</animation>
		<animation effect="fade" start="100" end="0" time="200">WindowClose</animation>
		<animation effect="fade" start="0" end="100" time="200">Visible</animation>
		<animation effect="fade" start="100" end="0" time="200">Hidden</animation>
		<posx>-300</posx>
		<control type="image">
			<description>background image</description>
			<posx>0</posx>
			<posy>60</posy>
			<width>260</width>
			<height>590</height>
			<texture border="40">textbox1.png</texture>
		</control>
	<!-- CONTROL_FEED_LIST 5052 -->
		<control type="list" id="5052">
			<posx>20</posx>
			<posy>90</posy>
			<width>220</width>
			<height>490</height>
			<onleft>5053</onleft>
			<onright>5051</onright>
			<onup>5052</onup>
			<ondown>5052</ondown>
			<pagecontrol>25</pagecontrol>
			<orientation>vertical</orientation>
			<scrolltime>200</scrolltime>
			<itemgap>0</itemgap>
			<itemlayout height="30" width="220">
				<control type="label">
					<posx>10</posx>
					<posy>5</posy>
					<width>200</width>
					<height>20</height>
					<font>Font_ListObjects</font>
					<align>left</align>
					<aligny>center</aligny>
					<info>ListItem.Label</info>
					<textcolor>68000000</textcolor>
				</control>
				<control type="image">
					<posx>5</posx>
					<posy>30</posy>
					<width>210</width>
					<height>1</height>
					<texture>line_1.png</texture>
				</control>
			</itemlayout>
			<focusedlayout height="30" width="220">
				<control type="label">
					<posy>5</posy>
					<posx>10</posx>
					<height>20</height>
					<width>200</width>
					<aligny>center</aligny>
					<font>Font_ListObjects</font>
					<textcolor>68000000</textcolor>
					<info>ListItem.Label</info>
					<animation effect="fade" start="100" end="0" time="200">Focus</animation>
					<animation effect="fade" start="0" end="100" time="200">Unfocus</animation>
				</control>
				<control type="label">
					<posy>5</posy>
					<posx>10</posx>
					<height>20</height>
					<width>200</width>
					<aligny>center</aligny>
					<font>Font_ListObjects</font>
					<textcolor>ff000000</textcolor>
					<info>ListItem.Label</info>
					<animation effect="fade" start="0" end="100" time="200">Focus</animation>
					<animation effect="fade" start="100" end="0" time="200">Unfocus</animation>
				</control>
				<control type="label">
					<visible>!control.HasFocus(5052)</visible>
					<posy>5</posy>
					<posx>10</posx>
					<height>20</height>
					<width>200</width>
					<aligny>center</aligny>
					<font>Font_ListObjects</font>
					<textcolor>44000000</textcolor>
					<info>ListItem.Label</info>
					<animation effect="fade" start="100" end="0" time="200">Visible</animation>
					<animation effect="fade" start="0" end="100" time="200">Hidden</animation>
				</control>
				<control type="image">
					<posx>5</posx>
					<posy>30</posy>
					<width>210</width>
					<height>1</height>
					<texture>line_1.png</texture>
				</control>
			</focusedlayout>
		</control>
	</control>
<!-- CATEGORIES LIST -->
	<control type="group">
		<animation effect="slide" start="0,0" end="390,0" time="400" tween="cubic" easing="inout" condition="Control.HasFocus(5053)">Conditional</animation>
		<animation effect="fade" start="0" end="100" time="500">WindowOpen</animation>
		<animation effect="fade" start="100" end="0" time="200">WindowClose</animation>
		<posx>-300</posx>
		<control type="image">
			<description>background image</description>
			<posx>0</posx>
			<posy>60</posy>
			<width>260</width>
			<height>590</height>
			<texture border="40">textbox1.png</texture>
		</control>
	<!-- CONTROL_CATEGORIES_LIST 5053 -->
		<control type="list" id="5053">
			<posx>20</posx>
			<posy>90</posy>
			<width>220</width>
			<height>490</height>
			<onleft>4050</onleft>
			<onright>5051</onright>
			<onup>5053</onup>
			<ondown>5053</ondown>
			<pagecontrol>25</pagecontrol>
			<orientation>vertical</orientation>
			<scrolltime>200</scrolltime>
			<itemgap>0</itemgap>
			<itemlayout height="30" width="220">
				<control type="label">
					<posx>10</posx>
					<posy>5</posy>
					<width>200</width>
					<height>20</height>
					<font>Font_ListObjects</font>
					<align>left</align>
					<aligny>center</aligny>
					<info>ListItem.Label</info>
					<textcolor>68000000</textcolor>
				</control>
				<control type="image">
					<posx>5</posx>
					<posy>30</posy>
					<width>210</width>
					<height>1</height>
					<texture>line_1.png</texture>
				</control>
			</itemlayout>
			<focusedlayout height="30" width="220">
				<control type="label">
					<posy>5</posy>
					<posx>10</posx>
					<height>20</height>
					<width>200</width>
					<aligny>center</aligny>
					<font>Font_ListObjects</font>
					<textcolor>68000000</textcolor>
					<info>ListItem.Label</info>
					<animation effect="fade" start="100" end="0" time="200">Focus</animation>
					<animation effect="fade" start="0" end="100" time="200">Unfocus</animation>
				</control>
				<control type="label">
					<posy>5</posy>
					<posx>10</posx>
					<height>20</height>
					<width>200</width>
					<aligny>center</aligny>
					<font>Font_ListObjects</font>
					<textcolor>ff000000</textcolor>
					<info>ListItem.Label</info>
					<animation effect="fade" start="0" end="100" time="200">Focus</animation>
					<animation effect="fade" start="100" end="0" time="200">Unfocus</animation>
				</control>
				<control type="label">
					<visible>!control.HasFocus(5053)</visible>
					<posy>5</posy>
					<posx>10</posx>
					<height>20</height>
					<width>200</width>
					<aligny>center</aligny>
					<font>Font_ListObjects</font>
					<textcolor>68000000</textcolor>
					<info>ListItem.Label</info>
					<animation effect="fade" start="100" end="0" time="200">Visible</animation>
					<animation effect="fade" start="0" end="100" time="200">Hidden</animation>
				</control>
				<control type="image">
					<posx>5</posx>
					<posy>30</posy>
					<width>210</width>
					<height>1</height>
					<texture>line_1.png</texture>
				</control>
			</focusedlayout>
		</control>
	</control>
<!-- FEEDS -->
	<control type="group">
		<posx>0</posx>
		<posy>140</posy>
		<animation effect="slide" start="0,0" end="-390,0" time="400" tween="cubic" easing="inout" condition="Control.HasFocus(5052)">Conditional</animation>
		<animation effect="fade" start="0" end="100" time="500">WindowOpen</animation>
		<animation effect="fade" start="100" end="0" time="200">WindowClose</animation>
		<control type="image">
			<width>40</width>
			<height>160</height>
			<texture>button_side.png</texture>
		</control>
		<control type="label">
			<posx>-55</posx>
			<posy>10</posy>
			<height>140</height>
			<width>140</width>
			<aligny>center</aligny>
			<align>center</align>
			<font>Font_ListObjects</font>
			<angle>-90</angle>
			<textcolor>aa000000</textcolor>
			<label>FEEDS</label>
		</control>
	</control>
<!-- Category -->
	<control type="group">
		<posx>0</posx>
		<posy>300</posy>
		<animation effect="slide" start="0,0" end="-390,0" time="400" tween="cubic" easing="inout" condition="Control.HasFocus(5053)">Conditional</animation>
		<animation effect="fade" start="0" end="100" time="500">WindowOpen</animation>
		<animation effect="fade" start="100" end="0" time="200">WindowClose</animation>
		<control type="image">
			<width>40</width>
			<height>160</height>
			<texture>button_side.png</texture>
		</control>
		<control type="label">
			<posx>-55</posx>
			<posy>10</posy>
			<height>140</height>
			<width>140</width>
			<aligny>center</aligny>
			<align>center</align>
			<font>Font_ListObjects</font>
			<angle>-90</angle>
			<textcolor>aa000000</textcolor>
			<label>CATEGORY</label>
		</control>
	</control>
<!-- Settings -->
	<control type="group">
		<posx>0</posx>
		<posy>460</posy>
		<animation effect="slide" start="0,0" end="-390,0" time="400" tween="cubic" easing="inout" condition="Control.HasFocus(4050)">Conditional</animation>
		<animation effect="fade" start="0" end="100" time="500">WindowOpen</animation>
		<animation effect="fade" start="100" end="0" time="200">WindowClose</animation>
		<control type="image">
			<width>40</width>
			<height>160</height>
			<texture>button_side.png</texture>
		</control>
		<control type="label">
			<posx>-55</posx>
			<posy>10</posy>
			<height>140</height>
			<width>140</width>
			<aligny>center</aligny>
			<align>center</align>
			<font>Font_ListObjects</font>
			<angle>-90</angle>
			<textcolor>aa000000</textcolor>
			<label>SETTINGS</label>
		</control>
	</control>

	<control type="label" id="5100">
		<animation effect="fade" start="100" end="0" time="500">WindowOpen</animation>
		<animation effect="fade" start="0" end="100" time="200">WindowClose</animation>
		<posx>1165</posx>
		<posy>500</posy>
		<height>250</height>
		<width>200</width>
		<aligny>center</aligny>
		<align>center</align>
		<angle>90</angle>
		<font>Font_ListObjects</font>
		<textcolor>68ffffff</textcolor>
	</control>

</controls>
</window>