﻿<?xml version="1.0" encoding="UTF-8" standalone="yes"?>
<addon  id="repository.syborg"
	    name="Syborg Addon Mods for Skygo"
	    version="1.0.2"
	    provider-name="Syborg">
	<extension  point="xbmc.addon.repository"
	            name="repository.syborg">
		<info compressed="false">http://xbmc-skygo.googlecode.com/svn/trunk/addons/addons.xml</info>
		<checksum>http://xbmc-skygo.googlecode.com/svn/trunk/addons/addons.xml.md5</checksum>
		<datadir zip="true">http://xbmc-skygo.googlecode.com/svn/trunk/addons/</datadir>
	</extension>
	<extension point="xbmc.addon.metadata">
		<summary>Install Add-ons from Syborg's Repo</summary>
		<description>Collection of addons created by Syborg</description>
		<disclaimer>All addons are supplied as is. If you have any issues please seek assistance from the forum.</disclaimer>
		<platform>all</platform>
	</extension>
</addon>