<?xml version="1.0" encoding="UTF-8" standalone="yes"?>
<addon id="repository.schismtv.addons" name="SchisM TV Repository" version="1.19.3" provider-name="SchisM">
	<extension point="xbmc.addon.repository" name="SchisM TV Repository">
		<info compressed="false">https://raw.github.com/schismtv/buildrepo/master/addons.xml</info>
		<checksum>https://raw.github.com/schismtv/buildrepo/master/addons.xml.md5</checksum>
		<datadir zip="true">https://raw.github.com/schismtv/buildrepo/master</datadir>
	</extension>
	<extension point="xbmc.addon.metadata">
		<summary>Install My Addons</summary>
		<description>Download and install addons from SchisM</description>
		<platform>all</platform>
	</extension>
</addon>

