<?xml version="1.0" encoding="UTF-8"?>
<addon id="skin.estouchy" version="1.0.3" name="Estouchy" provider-name="Team Kodi">
	<requires>
		<import addon="xbmc.gui" version="5.11.0"/>
	</requires>
	<extension point="xbmc.gui.skin" debugging="false">
		<res width="1280" height="960" aspect="4:3" folder="xml"/>
		<res width="1706" height="960" aspect="16:9" default="true" folder="xml"/>
	</extension>
	<extension point="xbmc.addon.metadata">
		<summary lang="cs_CZ">Skin pro dotyková zařízení</summary>
		<summary lang="en_GB">Skin for touchscreen devices</summary>
		<summary lang="fr_FR">Habillage pour les appareils à écran tactile</summary>
		<summary lang="lt_LT">Teminė išvaizda liečiamiesiems įrenginiams</summary>
		<description lang="cs_CZ">Skin navržený pro zařízení s dotykovou obrazovkou, jako jsou tablety a smartphony.</description>
		<description lang="en_GB">Skin designed to be used on touchscreen devices like tablets and smartphones</description>
		<description lang="fr_FR">Habillage conçu pour les appareils à écran tactile comme les tablettes et les téléphones</description>
		<description lang="lt_LT">Teminė išvaizda pritaikyta naudojimui įrenginiuose su liečiamaisiais ekranais, tokiuose kaip planšetiniai kompiuteriai ar išmanieji telefonai</description>
		<platform>all</platform>
		<license>Creative Commons Attribution-Share Alike 3.0 United States</license>
		<forum>http://forum.kodi.tv/forumdisplay.php?fid=261</forum>
		<website></website>
		<email></email>
		<source>https://github.com/xbmc/skin.estouchy/</source>
	</extension>
</addon>
