﻿<?xml version="1.0" encoding="UTF-8" standalone="yes"?>
<addon version="0.0.6" id="repository.thehighway" name="TheHighway's Addons" provider-name="The[COLOR tan]Highway[/COLOR]">
	<extension point="xbmc.addon.repository" name="TheHighway's Addons">
		<info compressed="true">http://raw.github.com/HIGHWAY99/repository.thehighway/master/addons.xml</info>
		<checksum>http://raw.github.com/HIGHWAY99/repository.thehighway/master/addons.xml.md5</checksum>
		<datadir zip="true">http://raw.github.com/HIGHWAY99/repository.thehighway/master/repo/</datadir>
	</extension>
	<extension point="xbmc.addon.metadata">
		<summary>Install The[COLOR tan]Highway[/COLOR]'s Addons</summary>
		<description>Download and install addons by The[COLOR tan]Highway[/COLOR].</description>
		<disclaimer>By using this, you take reponsibility for anything that happens.  Some parts of this addon may not be legal in your country of residence - please check with your local laws before installing. I take no responsibility for any problems this plugin might in any way, form, shape or size cause. This is project is for a LEARNING EXPERIANCE.</disclaimer>
		<platform>all</platform>
	</extension>
</addon>