<?xml version="1.0" encoding="UTF-8" standalone="yes"?>
<addon id="script.module.yaml"
       name="pyyaml"
       version="3.11.0" 
       provider-name="Kirill Simonov">
  <requires>
    <import addon="xbmc.python" version="2.14.0"/>
  </requires>
  <extension point="xbmc.python.module"
             library="lib" />
  <extension point="xbmc.addon.metadata">
    <platform>all</platform>
    <language></language>
    <summary lang="en">PyYaml library</summary>
    <description lang="en">A packaged version of files needed for the pyyamml library.</description>
    <disclaimer lang="en">Source code taken from original source repo</disclaimer>
    <license>MIT</license>
    <website>http://pyyaml.org/</website>
    <source>http://svn.pyyaml.org/pyyaml/</source>
  </extension>
</addon>
